run_ts,Tarih,Sehir,Kosu_ID,Unique_Race_ID,at_id,At_Adi,Ganyan_Sayi,Jokey_Adi,Kosu_Saati,Odds_TS,prob_winner_full,rank_winner_full,prob_winner_abl,rank_winner_abl,prob_top3_full,rank_top3_full,prob_top3_abl,rank_top3_abl,prob_winner_blend,prob_top3_blend,rank_winner_blend,rank_top3_blend
2026-07-12 08:03:02,2026-07-12,İstanbul  (39. Y.G.),226128,20260712_İstanbul_226128,93519,SOLİDO HERMANOS,,İSM.YILDIRIM,,2026-07-12 08:00:21,0.0194099378881987,3,0.0544399821508255,4,0.0625,5,0.1998779371376259,3,,,,
2026-07-12 08:03:02,2026-07-12,İstanbul  (39. Y.G.),226128,20260712_İstanbul_226128,105855,SIR AT,,T.BALİ,,2026-07-12 08:00:21,0.0194099378881987,4,0.045021645021645,6,0.096078431372549,1,0.1998779371376259,4,,,,
2026-07-12 08:03:02,2026-07-12,İstanbul  (39. Y.G.),226128,20260712_İstanbul_226128,104185,SIRIUS VEGA,,B.ÇIĞLA,,2026-07-12 08:00:21,0.0127931769722814,7,0.0677867902665121,3,0.0565623283909939,6,0.2693370165745856,2,,,,
2026-07-12 08:03:02,2026-07-12,İstanbul  (39. Y.G.),226128,20260712_İstanbul_226128,109577,LION ICARDI,,M.KIYAK,,2026-07-12 08:00:21,0.0194099378881987,5,0.0544399821508255,5,0.071578947368421,3,0.17,7,,,,
2026-07-12 08:03:02,2026-07-12,İstanbul  (39. Y.G.),226128,20260712_İstanbul_226128,93070,STAIN FREE,,M.F.KAYA,,2026-07-12 08:00:21,0.0080500894454382,11,0.0193905817174515,9,0.0462107208872458,9,0.096938775510204,9,,,,
2026-07-12 08:03:02,2026-07-12,İstanbul  (39. Y.G.),226128,20260712_İstanbul_226128,107774,KING OF TIME,,M.T.COŞKUN,,2026-07-12 08:00:21,0.0102622576966932,9,0.0272695892302381,8,0.0565623283909939,7,0.1998779371376259,5,,,,
2026-07-12 08:03:02,2026-07-12,İstanbul  (39. Y.G.),226128,20260712_İstanbul_226128,105383,PAPA RUNNER,,BERK.GÖKÇE,,2026-07-12 08:00:21,0.0183246073298429,6,0.036770921386306,7,0.071578947368421,4,0.1998779371376259,6,,,,
2026-07-12 08:03:02,2026-07-12,İstanbul  (39. Y.G.),226128,20260712_İstanbul_226128,101553,SENKRON,,Y.GÖKÇE,,2026-07-12 08:00:21,0.0329004329004329,1,0.1685393258426966,1,0.096078431372549,2,0.3395860284605432,1,,,,
2026-07-12 08:03:02,2026-07-12,İstanbul  (39. Y.G.),226128,20260712_İstanbul_226128,105907,SARILAR KIZI,,S.AKBULAT,,2026-07-12 08:00:21,0.0127931769722814,8,0.0193905817174515,10,0.0462107208872458,10,0.0655629139072847,10,,,,
2026-07-12 08:03:02,2026-07-12,İstanbul  (39. Y.G.),226128,20260712_İstanbul_226128,110717,ROSARIO,,U.LEVENT,,2026-07-12 08:00:21,0.0247191011235955,2,0.07007007007007,2,0.0565623283909939,8,0.16359918200409,8,,,,
2026-07-12 08:03:02,2026-07-12,İstanbul  (39. Y.G.),226128,20260712_İstanbul_226128,108445,MY FOUNTAIN,,Z.KARABULUT,,2026-07-12 08:00:21,0.0081008100810081,10,0.0128205128205128,11,0.0462107208872458,11,0.0655629139072847,11,,,,
2026-07-12 08:03:02,2026-07-12,İstanbul  (39. Y.G.),226128,20260712_İstanbul_226128,106116,HOLY BEERY,,A.VURAL,,2026-07-12 08:00:21,0.0058699225170227,12,0.0124031007751937,12,0.0247026532479414,12,0.0167364016736401,12,,,,
2026-07-12 08:03:02,2026-07-12,İstanbul  (39. Y.G.),226131,20260712_İstanbul_226131,106845,GÜLALP KIZI,,A.E.ELMAS,,2026-07-12 08:00:21,0.0058699225170227,8,0.0128205128205128,8,0.0565623283909939,6,0.17,6,,,,
2026-07-12 08:03:02,2026-07-12,İstanbul  (39. Y.G.),226131,20260712_İstanbul_226131,105645,GECE GÜZELİ,,B.ÇIĞLA,,2026-07-12 08:00:21,0.0081008100810081,6,0.0193905817174515,7,0.0565623283909939,7,0.16359918200409,7,,,,
2026-07-12 08:03:02,2026-07-12,İstanbul  (39. Y.G.),226131,20260712_İstanbul_226131,107135,SEMRAKAYA,,V.DEMİR,,2026-07-12 08:00:21,0.0282861896838602,3,0.0878712871287129,3,0.1246105919003115,3,0.3544303797468355,3,,,,
2026-07-12 08:03:02,2026-07-12,İstanbul  (39. Y.G.),226131,20260712_İstanbul_226131,105022,YEŞİLKAYA,,N.AVCİ,,2026-07-12 08:00:21,0.0081008100810081,7,0.036770921386306,5,0.0873108265424912,5,0.2542483660130719,5,,,,
2026-07-12 08:03:02,2026-07-12,İstanbul  (39. Y.G.),226131,20260712_İstanbul_226131,106259,BERAY SULTAN,,SAL.ÇELİK,,2026-07-12 08:00:21,0.0511111111111111,1,0.2919896640826874,1,0.1816160118606375,1,0.5767575322812053,1,,,,
2026-07-12 08:03:02,2026-07-12,İstanbul  (39. Y.G.),226131,20260712_İstanbul_226131,104226,ESENYIL,,Y.GÖKÇE,,2026-07-12 08:00:21,0.0248587570621468,4,0.0677867902665121,4,0.1246105919003115,4,0.2693370165745856,4,,,,
2026-07-12 08:03:02,2026-07-12,İstanbul  (39. Y.G.),226131,20260712_İstanbul_226131,107513,SEDEFLİ,,M.T.ERTAL,,2026-07-12 08:00:21,0.0194099378881987,5,0.0241333918385256,6,0.0462107208872458,8,0.042016806722689,8,,,,
2026-07-12 08:03:02,2026-07-12,İstanbul  (39. Y.G.),226131,20260712_İstanbul_226131,102873,ZİNAMIN,,E.ÇİZİK,,2026-07-12 08:00:21,0.0329004329004329,2,0.1414812354699435,2,0.1599736668861093,2,0.4035087719298246,2,,,,
2026-07-12 08:03:02,2026-07-12,İstanbul  (39. Y.G.),226125,20260712_İstanbul_226125,109239,BOAZ,,E.AKTUĞ,,2026-07-12 08:00:21,0.0194099378881987,4,0.0544399821508255,4,0.0912408759124087,4,0.2542483660130719,4,,,,
2026-07-12 08:03:02,2026-07-12,İstanbul  (39. Y.G.),226125,20260712_İstanbul_226125,109069,KING OF THE FIELD,,V.DEMİR,,2026-07-12 08:00:21,0.0102622576966932,7,0.0272695892302381,7,0.0565623283909939,7,0.16359918200409,6,,,,
2026-07-12 08:03:02,2026-07-12,İstanbul  (39. Y.G.),226125,20260712_İstanbul_226125,108503,EL GLADIADOR,,N.AVCİ,,2026-07-12 08:00:21,0.1114070128717266,1,0.6216216216216216,1,0.2987197724039829,1,0.8564102564102564,1,,,,
2026-07-12 08:03:02,2026-07-12,İstanbul  (39. Y.G.),226125,20260712_İstanbul_226125,110757,GIRALAMO,,Y.GÖKÇE,,2026-07-12 08:00:21,0.0127931769722814,6,0.036770921386306,6,0.0873108265424912,5,0.17,5,,,,
2026-07-12 08:03:02,2026-07-12,İstanbul  (39. Y.G.),226125,20260712_İstanbul_226125,110264,MERCIER,,SAL.ÇELİK,,2026-07-12 08:00:21,0.0248587570621468,3,0.102127659574468,2,0.096078431372549,3,0.3358954650269023,2,,,,
2026-07-12 08:03:02,2026-07-12,İstanbul  (39. Y.G.),226125,20260712_İstanbul_226125,109192,TRUE BLUE,,T.YILDIZ,,2026-07-12 08:00:21,0.0312093628088426,2,0.0555555555555555,3,0.1318681318681319,2,0.278169014084507,3,,,,
2026-07-12 08:03:02,2026-07-12,İstanbul  (39. Y.G.),226125,20260712_İstanbul_226125,107940,BARANIM KING,,ZÜL.AYDOĞDİ,,2026-07-12 08:00:21,0.0058699225170227,9,0.0047288310920644,9,0.0247026532479414,9,0.0325149303251493,8,,,,
2026-07-12 08:03:02,2026-07-12,İstanbul  (39. Y.G.),226125,20260712_İstanbul_226125,110000,FLY YAZICI,,M.T.ERTAL,,2026-07-12 08:00:21,0.0102622576966932,8,0.0128205128205128,8,0.0462107208872458,8,0.0325149303251493,9,,,,
2026-07-12 08:03:02,2026-07-12,İstanbul  (39. Y.G.),226125,20260712_İstanbul_226125,110165,GO HER LED,,E.AVŞAR,,2026-07-12 08:00:21,0.0194099378881987,5,0.045021645021645,5,0.0873108265424912,6,0.136432541687721,7,,,,
2026-07-12 08:03:02,2026-07-12,İstanbul  (39. Y.G.),226129,20260712_İstanbul_226129,105035,CALEDONIE,,İSM.YILDIRIM,,2026-07-12 08:00:21,0.0282861896838602,2,0.0878712871287129,1,0.096078431372549,1,0.2693370165745856,1,,,,
2026-07-12 08:03:02,2026-07-12,İstanbul  (39. Y.G.),226129,20260712_İstanbul_226129,100199,STELLA GIRL,,SAL.ÇELİK,,2026-07-12 08:00:21,0.0248587570621468,4,0.045021645021645,4,0.096078431372549,2,0.223516361619523,3,,,,
2026-07-12 08:03:02,2026-07-12,İstanbul  (39. Y.G.),226129,20260712_İstanbul_226129,100260,PEHLİVAN KIZIM,,E.BOZDAĞ,,2026-07-12 08:00:21,0.0282861896838602,3,0.0878712871287129,2,0.096078431372549,3,0.2693370165745856,2,,,,
2026-07-12 08:03:02,2026-07-12,İstanbul  (39. Y.G.),226129,20260712_İstanbul_226129,95979,NEVACAN,,K.GÖKÇE,,2026-07-12 08:00:21,0.0194099378881987,6,0.0251379521765787,8,0.0873108265424912,7,0.136432541687721,8,,,,
2026-07-12 08:03:02,2026-07-12,İstanbul  (39. Y.G.),226129,20260712_İstanbul_226129,98567,DAYWATCH,,E.AVŞAR,,2026-07-12 08:00:21,0.0329004329004329,1,0.0272695892302381,7,0.096078431372549,4,0.1998779371376259,6,,,,
2026-07-12 08:03:02,2026-07-12,İstanbul  (39. Y.G.),226129,20260712_İstanbul_226129,101073,GRAVITY OF LOVE,,BERK.GÖKÇE,,2026-07-12 08:00:21,0.0248587570621468,5,0.0251379521765787,9,0.0625,8,0.105865522174535,9,,,,
2026-07-12 08:03:02,2026-07-12,İstanbul  (39. Y.G.),226129,20260712_İstanbul_226129,105823,AIBHILIN AGAIN,,B.ÇIĞLA,,2026-07-12 08:00:21,0.0058699225170227,11,0.0128205128205128,10,0.0247026532479414,12,0.0353535353535353,12,,,,
2026-07-12 08:03:02,2026-07-12,İstanbul  (39. Y.G.),226129,20260712_İstanbul_226129,108271,GOOSEBUMBS,,ZÜL.AYDOĞDİ,,2026-07-12 08:00:21,0.0194099378881987,7,0.036770921386306,5,0.0565623283909939,9,0.1998779371376259,7,,,,
2026-07-12 08:03:02,2026-07-12,İstanbul  (39. Y.G.),226129,20260712_İstanbul_226129,103176,DEEP IRON,,Y.GÖKÇE,,2026-07-12 08:00:21,0.0194099378881987,8,0.036770921386306,6,0.096078431372549,5,0.2049180327868852,5,,,,
2026-07-12 08:03:02,2026-07-12,İstanbul  (39. Y.G.),226129,20260712_İstanbul_226129,103699,TILO GIRL,,C.PASO,,2026-07-12 08:00:21,0.0102622576966932,10,0.0128205128205128,11,0.0462107208872458,10,0.0655629139072847,10,,,,
2026-07-12 08:03:02,2026-07-12,İstanbul  (39. Y.G.),226129,20260712_İstanbul_226129,102874,INTERVAL,,U.LEVENT,,2026-07-12 08:00:21,0.0058699225170227,12,0.0128205128205128,12,0.0462107208872458,11,0.0655629139072847,11,,,,
2026-07-12 08:03:02,2026-07-12,İstanbul  (39. Y.G.),226129,20260712_İstanbul_226129,96134,MARISCAL,,N.AVCİ,,2026-07-12 08:00:21,0.0194099378881987,9,0.0544399821508255,3,0.096078431372549,6,0.223516361619523,4,,,,
2026-07-12 08:03:02,2026-07-12,İstanbul  (39. Y.G.),226130,20260712_İstanbul_226130,113514,AYLAK KIZ,,E.ÇİZİK,,2026-07-12 08:00:21,0.0247191011235955,5,0.1829268292682926,5,0.1229508196721311,2,0.4780701754385965,2,,,,
2026-07-12 08:03:02,2026-07-12,İstanbul  (39. Y.G.),226130,20260712_İstanbul_226130,111688,ALBASTI TAY,,E.BOZDAĞ,,2026-07-12 08:00:21,0.0580793559516963,1,0.2816901408450704,2,0.096078431372549,6,0.3634615384615384,7,,,,
2026-07-12 08:03:02,2026-07-12,İstanbul  (39. Y.G.),226130,20260712_İstanbul_226130,112190,ROSİCAN,,N.AVCİ,,2026-07-12 08:00:21,0.0194099378881987,6,0.2125714285714285,3,0.0912408759124087,8,0.4232209737827715,4,,,,
2026-07-12 08:03:02,2026-07-12,İstanbul  (39. Y.G.),226130,20260712_İstanbul_226130,108779,ŞÖHRET HANIM,,T.YILDIZ,,2026-07-12 08:00:21,0.0127931769722814,10,0.0677867902665121,10,0.0565623283909939,10,0.223516361619523,10,,,,
2026-07-12 08:03:02,2026-07-12,İstanbul  (39. Y.G.),226130,20260712_İstanbul_226130,111828,YAMAN ÖZGE,,SAL.ÇELİK,,2026-07-12 08:00:21,0.0329004329004329,2,0.1685393258426966,6,0.1201780415430267,3,0.4348659003831417,3,,,,
2026-07-12 08:03:02,2026-07-12,İstanbul  (39. Y.G.),226130,20260712_İstanbul_226130,110741,BALLIBİKE,,V.DEMİR,,2026-07-12 08:00:21,0.0194099378881987,7,0.0878712871287129,8,0.071578947368421,9,0.3235294117647059,9,,,,
2026-07-12 08:03:02,2026-07-12,İstanbul  (39. Y.G.),226130,20260712_İstanbul_226130,116289,TANKIZI,,F.ÇETİNBAŞ,,2026-07-12 08:00:21,0.0194099378881987,8,0.0810074880871341,9,0.096078431372549,7,0.3395860284605432,8,,,,
2026-07-12 08:03:02,2026-07-12,İstanbul  (39. Y.G.),226130,20260712_İstanbul_226130,111118,HARDAL ÇİÇEĞİM,,İSM.YILDIRIM,,2026-07-12 08:00:21,0.0194099378881987,9,0.0920306768922974,7,0.1025641025641025,5,0.4232209737827715,5,,,,
2026-07-12 08:03:02,2026-07-12,İstanbul  (39. Y.G.),226130,20260712_İstanbul_226130,108508,ÖZERSOY,,C.PASO,,2026-07-12 08:00:21,0.0329004329004329,3,0.1981721981721981,4,0.1201780415430267,4,0.3778801843317972,6,,,,
2026-07-12 08:03:02,2026-07-12,İstanbul  (39. Y.G.),226130,20260712_İstanbul_226130,122796,TEMRE,,S.KAYA,,2026-07-12 08:00:21,0.0312093628088426,4,0.3434991974317817,1,0.1246105919003115,1,0.5573394495412843,1,,,,
2026-07-12 08:03:02,2026-07-12,İstanbul  (39. Y.G.),226127,20260712_İstanbul_226127,88800,CAPTAIN FANTASTIC,,N.AVCİ,,2026-07-12 08:00:21,0.043144424131627,2,0.2470214455917394,1,0.1542130365659777,4,0.5018867924528304,4,,,,
2026-07-12 08:03:02,2026-07-12,İstanbul  (39. Y.G.),226127,20260712_İstanbul_226127,99874,CHARABANC,,SAL.ÇELİK,,2026-07-12 08:00:21,0.0580793559516963,1,0.1414812354699435,4,0.1599736668861093,2,0.5326923076923079,3,,,,
2026-07-12 08:03:02,2026-07-12,İstanbul  (39. Y.G.),226127,20260712_İstanbul_226127,105634,HOPE BREEZE,,E.AKTUĞ,,2026-07-12 08:00:21,0.0248587570621468,5,0.0920306768922974,5,0.1318681318681319,5,0.3637484586929716,5,,,,
2026-07-12 08:03:02,2026-07-12,İstanbul  (39. Y.G.),226127,20260712_İstanbul_226127,108185,LUCERYS,,E.BOZDAĞ,,2026-07-12 08:00:21,0.0194099378881987,7,0.036770921386306,7,0.096078431372549,6,0.223516361619523,6,,,,
2026-07-12 08:03:02,2026-07-12,İstanbul  (39. Y.G.),226127,20260712_İstanbul_226127,89740,MAKE A FIRE,,V.DEMİR,,2026-07-12 08:00:21,0.0247191011235955,6,0.045021645021645,6,0.0873108265424912,7,0.1742209631728045,7,,,,
2026-07-12 08:03:02,2026-07-12,İstanbul  (39. Y.G.),226127,20260712_İstanbul_226127,104535,POETRY IN MOTION,,T.YILDIZ,,2026-07-12 08:00:21,0.0383428823270163,3,0.1981721981721981,2,0.1599736668861093,3,0.5573394495412843,2,,,,
2026-07-12 08:03:02,2026-07-12,İstanbul  (39. Y.G.),226127,20260712_İstanbul_226127,103325,TONBİ,,E.ÇİZİK,,2026-07-12 08:00:21,0.0329004329004329,4,0.1685393258426966,3,0.1841779975278121,1,0.5767575322812053,1,,,,
2026-07-12 08:03:02,2026-07-12,İstanbul  (39. Y.G.),226132,20260712_İstanbul_226132,92970,TRAKTÖR,,BERK.GÖKÇE,,2026-07-12 08:00:21,0.0194099378881987,6,0.0251379521765787,10,0.0462107208872458,11,0.0754985754985755,12,,,,
2026-07-12 08:03:02,2026-07-12,İstanbul  (39. Y.G.),226132,20260712_İstanbul_226132,94918,ALTIN SAAD,,M.T.COŞKUN,,2026-07-12 08:00:21,0.0194099378881987,7,0.0415282392026578,3,0.071578947368421,6,0.1998779371376259,4,,,,
2026-07-12 08:03:02,2026-07-12,İstanbul  (39. Y.G.),226132,20260712_İstanbul_226132,105653,ŞANSIBOLBEY,,İSM.YILDIRIM,,2026-07-12 08:00:21,0.0194099378881987,8,0.0272695892302381,7,0.0873108265424912,5,0.223516361619523,2,,,,
2026-07-12 08:03:02,2026-07-12,İstanbul  (39. Y.G.),226132,20260712_İstanbul_226132,107101,KIZGIN YÜREK,,S.AKBULAT,,2026-07-12 08:00:21,0.0081008100810081,13,0.0128205128205128,13,0.0462107208872458,12,0.0538720538720538,13,,,,
2026-07-12 08:03:02,2026-07-12,İstanbul  (39. Y.G.),226132,20260712_İstanbul_226132,102968,DAMLA SUYU,,K.GÖKÇE,,2026-07-12 08:00:21,0.0194099378881987,9,0.036770921386306,6,0.096078431372549,2,0.16359918200409,5,,,,
2026-07-12 08:03:02,2026-07-12,İstanbul  (39. Y.G.),226132,20260712_İstanbul_226132,97761,YAĞIZHANBEY,,U.LEVENT,,2026-07-12 08:00:21,0.0127931769722814,11,0.0193905817174515,12,0.0625,8,0.096938775510204,11,,,,
2026-07-12 08:03:02,2026-07-12,İstanbul  (39. Y.G.),226132,20260712_İstanbul_226132,102943,OĞUZHANTAY,,Z.KARABULUT,,2026-07-12 08:00:21,0.0247191011235955,5,0.0251379521765787,11,0.0565623283909939,9,0.1048076923076923,10,,,,
2026-07-12 08:03:02,2026-07-12,İstanbul  (39. Y.G.),226132,20260712_İstanbul_226132,101747,UMUDUNU KAYBETME,,A.VURAL,,2026-07-12 08:00:21,0.0248587570621468,4,0.0272695892302381,8,0.071578947368421,7,0.136432541687721,7,,,,
2026-07-12 08:03:02,2026-07-12,İstanbul  (39. Y.G.),226132,20260712_İstanbul_226132,102577,YEŞİLKÖYLÜ,,E.BOZDAĞ,,2026-07-12 08:00:21,0.0127931769722814,12,0.0415282392026578,4,0.0462107208872458,13,0.1191588785046729,8,,,,
2026-07-12 08:03:02,2026-07-12,İstanbul  (39. Y.G.),226132,20260712_İstanbul_226132,99521,KRAL YAZICI,,V.DEMİR,,2026-07-12 08:00:21,0.0194099378881987,10,0.0272695892302381,9,0.0565623283909939,10,0.1630546955624355,6,,,,
2026-07-12 08:03:02,2026-07-12,İstanbul  (39. Y.G.),226132,20260712_İstanbul_226132,106025,BABA TUNA,,E.AKTUĞ,,2026-07-12 08:00:21,0.0357142857142857,1,0.0415282392026578,5,0.096078431372549,3,0.1191588785046729,9,,,,
2026-07-12 08:03:02,2026-07-12,İstanbul  (39. Y.G.),226132,20260712_İstanbul_226132,99863,DURUSU BEYİ,,E.ÇİZİK,,2026-07-12 08:00:21,0.0312093628088426,3,0.0878712871287129,2,0.096078431372549,4,0.223516361619523,3,,,,
2026-07-12 08:03:02,2026-07-12,İstanbul  (39. Y.G.),226132,20260712_İstanbul_226132,105053,İLKUTHAN,,Y.GÖKÇE,,2026-07-12 08:00:21,0.0323353293413173,2,0.0920306768922974,1,0.1201780415430267,1,0.3395860284605432,1,,,,
2026-07-12 08:03:02,2026-07-12,İstanbul  (39. Y.G.),226124,20260712_İstanbul_226124,115305,ALWAYS HARD,,Y.GÖKÇE,,2026-07-12 08:00:21,0.0194099378881987,6,0.0677867902665121,7,0.096078431372549,4,0.223516361619523,7,,,,
2026-07-12 08:03:02,2026-07-12,İstanbul  (39. Y.G.),226124,20260712_İstanbul_226124,112930,ARDA JR,,E.BOZDAĞ,,2026-07-12 08:00:21,0.0329004329004329,1,0.0920306768922974,3,0.096078431372549,5,0.2693370165745856,6,,,,
2026-07-12 08:03:02,2026-07-12,İstanbul  (39. Y.G.),226124,20260712_İstanbul_226124,112741,CANADIAN BOY,,K.GÖKÇE,,2026-07-12 08:00:21,0.0323353293413173,3,0.0878712871287129,5,0.1,3,0.2940813810110974,3,,,,
2026-07-12 08:03:02,2026-07-12,İstanbul  (39. Y.G.),226124,20260712_İstanbul_226124,114326,EL NACHO,,SAL.ÇELİK,,2026-07-12 08:00:21,0.0323353293413173,4,0.0920306768922974,4,0.1201780415430267,2,0.3395860284605432,2,,,,
2026-07-12 08:03:02,2026-07-12,İstanbul  (39. Y.G.),226124,20260712_İstanbul_226124,114822,MODRUS,,E.ÇİZİK,,2026-07-12 08:00:21,0.0194099378881987,7,0.0878712871287129,6,0.096078431372549,6,0.2940813810110974,4,,,,
2026-07-12 08:03:02,2026-07-12,İstanbul  (39. Y.G.),226124,20260712_İstanbul_226124,112865,ROYAL AKGÜN,,E.AKTUĞ,,2026-07-12 08:00:21,0.0329004329004329,2,0.1414812354699435,2,0.096078431372549,7,0.2940813810110974,5,,,,
2026-07-12 08:03:02,2026-07-12,İstanbul  (39. Y.G.),226124,20260712_İstanbul_226124,113408,THE LAST DRAGON,,N.AVCİ,,2026-07-12 08:00:21,0.0312093628088426,5,0.2125714285714285,1,0.14,1,0.5018867924528304,1,,,,
2026-07-12 08:03:02,2026-07-12,İstanbul  (39. Y.G.),226124,20260712_İstanbul_226124,113641,WARRIOR POINTE,,F.ÇETİNBAŞ,,2026-07-12 08:00:21,0.0194099378881987,8,0.0544399821508255,8,0.096078431372549,8,0.1998779371376259,8,,,,
2026-07-12 08:03:02,2026-07-12,İstanbul  (39. Y.G.),226126,20260712_İstanbul_226126,108812,GILMOUR,,İSM.YILDIRIM,,2026-07-12 08:00:21,0.0194099378881987,4,0.0544399821508255,4,0.0565623283909939,5,0.1998779371376259,3,,,,
2026-07-12 08:03:02,2026-07-12,İstanbul  (39. Y.G.),226126,20260712_İstanbul_226126,110070,MILLENNIUM FALCON,,Z.KARABULUT,,2026-07-12 08:00:21,0.0194099378881987,5,0.0272695892302381,6,0.0565623283909939,6,0.1630546955624355,5,,,,
2026-07-12 08:03:02,2026-07-12,İstanbul  (39. Y.G.),226126,20260712_İstanbul_226126,109345,IRON CLEM,,E.AVŞAR,,2026-07-12 08:00:21,0.0248587570621468,3,0.036770921386306,5,0.08,1,0.136432541687721,6,,,,
2026-07-12 08:03:02,2026-07-12,İstanbul  (39. Y.G.),226126,20260712_İstanbul_226126,109063,VOLITIVO,,E.ÇİZİK,,2026-07-12 08:00:21,0.0194099378881987,6,0.102127659574468,1,0.08,2,0.278169014084507,1,,,,
2026-07-12 08:03:02,2026-07-12,İstanbul  (39. Y.G.),226126,20260712_İstanbul_226126,108904,SULTANIM NERİMAN,,N.AVCİ,,2026-07-12 08:00:21,0.0081008100810081,12,0.0272695892302381,7,0.0462107208872458,11,0.1048076923076923,9,,,,
2026-07-12 08:03:02,2026-07-12,İstanbul  (39. Y.G.),226126,20260712_İstanbul_226126,109660,ESPIRITO,,E.AKTUĞ,,2026-07-12 08:00:21,0.0127931769722814,10,0.0272695892302381,8,0.0565623283909939,7,0.136432541687721,7,,,,
2026-07-12 08:03:02,2026-07-12,İstanbul  (39. Y.G.),226126,20260712_İstanbul_226126,109312,GLONASS,,C.PASO,,2026-07-12 08:00:21,0.0058699225170227,15,0.0128205128205128,13,0.0462107208872458,12,0.0754716981132075,11,,,,
2026-07-12 08:03:02,2026-07-12,İstanbul  (39. Y.G.),226126,20260712_İstanbul_226126,110530,LİSENDORA,,Y.GÖKÇE,,2026-07-12 08:00:21,0.0115606936416184,11,0.0272695892302381,9,0.0565623283909939,8,0.136432541687721,8,,,,
2026-07-12 08:03:02,2026-07-12,İstanbul  (39. Y.G.),226126,20260712_İstanbul_226126,108087,ZYRA,,U.LEVENT,,2026-07-12 08:00:21,0.0383428823270163,1,0.0878712871287129,3,0.071578947368421,3,0.1838487972508591,4,,,,
2026-07-12 08:03:02,2026-07-12,İstanbul  (39. Y.G.),226126,20260712_İstanbul_226126,108577,DEEP OF ANCESTOR,,BERK.GÖKÇE,,2026-07-12 08:00:21,0.0080500894454382,13,0.0128205128205128,14,0.0462107208872458,13,0.0538720538720538,14,,,,
2026-07-12 08:03:02,2026-07-12,İstanbul  (39. Y.G.),226126,20260712_İstanbul_226126,107633,HELLAS,,E.BOZDAĞ,,2026-07-12 08:00:21,0.0194099378881987,7,0.0241333918385256,11,0.0565623283909939,9,0.0754716981132075,12,,,,
2026-07-12 08:03:02,2026-07-12,İstanbul  (39. Y.G.),226126,20260712_İstanbul_226126,112439,SKY TURK (USA),,T.YILDIZ,,2026-07-12 08:00:21,0.0194099378881987,8,0.0920306768922974,2,0.0625,4,0.223516361619523,2,,,,
2026-07-12 08:03:02,2026-07-12,İstanbul  (39. Y.G.),226126,20260712_İstanbul_226126,108320,SCARGIVER,,K.GÖKÇE,,2026-07-12 08:00:21,0.0058699225170227,16,0.0128205128205128,15,0.0462107208872458,14,0.0521861777150916,15,,,,
2026-07-12 08:03:02,2026-07-12,İstanbul  (39. Y.G.),226126,20260712_İstanbul_226126,109649,ZELİNDA,,M.T.COŞKUN,,2026-07-12 08:00:21,0.0080500894454382,14,0.0128205128205128,16,0.0462107208872458,15,0.0655629139072847,13,,,,
2026-07-12 08:03:02,2026-07-12,İstanbul  (39. Y.G.),226126,20260712_İstanbul_226126,110633,SKY BLAZE,,B.AKÇAY,,2026-07-12 08:00:21,0.0194099378881987,9,0.0241333918385256,12,0.0565623283909939,10,0.081081081081081,10,,,,
2026-07-12 08:03:02,2026-07-12,İstanbul  (39. Y.G.),226126,20260712_İstanbul_226126,108696,PHANTOM RULER,,B.ÇIĞLA,,2026-07-12 08:00:21,0.0058699225170227,17,0.0047288310920644,17,0.0247026532479414,16,0.0325149303251493,16,,,,
2026-07-12 08:03:02,2026-07-12,İstanbul  (39. Y.G.),226126,20260712_İstanbul_226126,107837,MAJESTIC CHAMPION,,ZÜL.AYDOĞDİ,,2026-07-12 08:00:21,0.0383428823270163,2,0.0272695892302381,10,0.0247026532479414,17,0.0325149303251493,17,,,,
2026-07-12 08:03:02,2026-07-12,İzmir  (26. Y.G.),226123,20260712_İzmir_226123,109449,CHEROKEE,,A.MEH.ALTIN,,2026-07-12 08:00:31,0.0194099378881987,3,0.0272695892302381,7,0.0873108265424912,1,0.1998779371376259,3,,,,
2026-07-12 08:03:02,2026-07-12,İzmir  (26. Y.G.),226123,20260712_İzmir_226123,109969,STAR OF NİĞDE,,GÖKH.GÖKÇE,,2026-07-12 08:00:31,0.0194099378881987,4,0.07007007007007,3,0.0565623283909939,6,0.1742209631728045,4,,,,
2026-07-12 08:03:02,2026-07-12,İzmir  (26. Y.G.),226123,20260712_İzmir_226123,112482,TAŞDEMİR HAN,,Ö.F.ÖZEN,,2026-07-12 08:00:31,0.0127931769722814,7,0.0878712871287129,2,0.0873108265424912,2,0.223516361619523,2,,,,
2026-07-12 08:03:02,2026-07-12,İzmir  (26. Y.G.),226123,20260712_İzmir_226123,110192,MUFASA,,M.M.BİLGİN,,2026-07-12 08:00:31,0.0115606936416184,9,0.102127659574468,1,0.0462107208872458,8,0.332258064516129,1,,,,
2026-07-12 08:03:02,2026-07-12,İzmir  (26. Y.G.),226123,20260712_İzmir_226123,109545,AVENGING,,F.KARAKURT,,2026-07-12 08:00:31,0.0194099378881987,5,0.0251379521765787,8,0.08,3,0.1191588785046729,6,,,,
2026-07-12 08:03:02,2026-07-12,İzmir  (26. Y.G.),226123,20260712_İzmir_226123,111121,THE LAST GRIFFIN,,B.BAGUÇ,,2026-07-12 08:00:31,0.0248587570621468,2,0.0544399821508255,4,0.071578947368421,4,0.1742209631728045,5,,,,
2026-07-12 08:03:02,2026-07-12,İzmir  (26. Y.G.),226123,20260712_İzmir_226123,110316,BABA ALUŞ,,S.AKŞIN,,2026-07-12 08:00:31,0.0102622576966932,10,0.036770921386306,6,0.0462107208872458,9,0.1191588785046729,7,,,,
2026-07-12 08:03:02,2026-07-12,İzmir  (26. Y.G.),226123,20260712_İzmir_226123,111045,BY MUTLU,,Ç.TAŞCI,,2026-07-12 08:00:31,0.0183246073298429,6,0.0241333918385256,9,0.0565623283909939,7,0.0926216640502354,9,,,,
2026-07-12 08:03:02,2026-07-12,İzmir  (26. Y.G.),226123,20260712_İzmir_226123,108557,LIGHT OF MY WORLD,,İ.S.SÖĞÜT,,2026-07-12 08:00:31,0.0127931769722814,8,0.0241333918385256,10,0.0462107208872458,10,0.0926216640502354,10,,,,
2026-07-12 08:03:02,2026-07-12,İzmir  (26. Y.G.),226123,20260712_İzmir_226123,110667,NIGHT RUNNER,,E.D.ÖKTEN,,2026-07-12 08:00:31,0.043144424131627,1,0.0544399821508255,5,0.0595238095238095,5,0.1048076923076923,8,,,,
2026-07-12 08:03:02,2026-07-12,İzmir  (26. Y.G.),226123,20260712_İzmir_226123,111114,QUICKSTEP QUEEN,,M.GÖL,,2026-07-12 08:00:31,0.0081008100810081,11,0.0128205128205128,11,0.0247026532479414,11,0.0325149303251493,11,,,,
2026-07-12 08:03:02,2026-07-12,İzmir  (26. Y.G.),226118,20260712_İzmir_226118,116799,GOZEYOĞLU,,B.ÇETİN,,2026-07-12 08:00:31,0.0194099378881987,3,0.0272695892302381,7,0.0462107208872458,8,0.0754716981132075,9,,,,
2026-07-12 08:03:02,2026-07-12,İzmir  (26. Y.G.),226118,20260712_İzmir_226118,111651,HIRÇIN DADAŞ,,M.GÖL,,2026-07-12 08:00:31,0.0383428823270163,1,0.0810074880871341,3,0.0873108265424912,3,0.136432541687721,5,,,,
2026-07-12 08:03:02,2026-07-12,İzmir  (26. Y.G.),226118,20260712_İzmir_226118,121672,İLKEJDER,,H.ŞİMŞEK,,2026-07-12 08:00:31,0.0194099378881987,4,0.0544399821508255,5,0.0873108265424912,4,0.1998779371376259,4,,,,
2026-07-12 08:03:02,2026-07-12,İzmir  (26. Y.G.),226118,20260712_İzmir_226118,110107,MUKATOVİÇ,,M.KEÇECİ,,2026-07-12 08:00:31,0.0194099378881987,5,0.0878712871287129,2,0.096078431372549,2,0.2693370165745856,3,,,,
2026-07-12 08:03:02,2026-07-12,İzmir  (26. Y.G.),226118,20260712_İzmir_226118,112388,SEYDİHAN,,E.TEPE,,2026-07-12 08:00:31,0.0115606936416184,8,0.036770921386306,6,0.0595238095238095,6,0.1272727272727272,6,,,,
2026-07-12 08:03:02,2026-07-12,İzmir  (26. Y.G.),226118,20260712_İzmir_226118,111540,ŞAHİN MELTEM,,B.BAGUÇ,,2026-07-12 08:00:31,0.0194099378881987,6,0.07007007007007,4,0.0873108265424912,5,0.3544303797468355,2,,,,
2026-07-12 08:03:02,2026-07-12,İzmir  (26. Y.G.),226118,20260712_İzmir_226118,120024,CEDİDE,,A.İNCİ,,2026-07-12 08:00:31,0.0248587570621468,2,0.0920306768922974,1,0.1246105919003115,1,0.4348659003831417,1,,,,
2026-07-12 08:03:02,2026-07-12,İzmir  (26. Y.G.),226118,20260712_İzmir_226118,111896,ELMAS GÖZLÜM,,A.MEH.ALTIN,,2026-07-12 08:00:31,0.0081008100810081,9,0.0251379521765787,8,0.0462107208872458,9,0.1191588785046729,7,,,,
2026-07-12 08:03:02,2026-07-12,İzmir  (26. Y.G.),226118,20260712_İzmir_226118,111555,KAYANİLİM,,M.B.ÖNCEL,,2026-07-12 08:00:31,0.0194099378881987,7,0.0193905817174515,9,0.0565623283909939,7,0.0538720538720538,10,,,,
2026-07-12 08:03:02,2026-07-12,İzmir  (26. Y.G.),226118,20260712_İzmir_226118,108965,PRENSES BERRİN,,K.YILMAZ,,2026-07-12 08:00:31,0.0080500894454382,10,0.0193905817174515,10,0.0462107208872458,10,0.1048076923076923,8,,,,
2026-07-12 08:03:02,2026-07-12,İzmir  (26. Y.G.),226122,20260712_İzmir_226122,106404,TÜRKAN HANIM,,Ç.TAŞCI,,2026-07-12 08:00:31,0.0127931769722814,4,0.0193905817174515,8,0.0565623283909939,9,0.136432541687721,9,,,,
2026-07-12 08:03:02,2026-07-12,İzmir  (26. Y.G.),226122,20260712_İzmir_226122,105490,KAPTANPAŞALI,,Ö.F.ÖZEN,,2026-07-12 08:00:31,0.0115606936416184,8,0.0810074880871341,2,0.0873108265424912,4,0.223516361619523,4,,,,
2026-07-12 08:03:02,2026-07-12,İzmir  (26. Y.G.),226122,20260712_İzmir_226122,102982,AFŞINTAY,,S.AKŞIN,,2026-07-12 08:00:31,0.0102622576966932,10,0.0193905817174515,9,0.0873108265424912,5,0.1838487972508591,7,,,,
2026-07-12 08:03:02,2026-07-12,İzmir  (26. Y.G.),226122,20260712_İzmir_226122,74174,ŞİFNE EFESİ,,A.İNCİ,,2026-07-12 08:00:31,0.0115606936416184,9,0.0272695892302381,6,0.0912408759124087,3,0.2542483660130719,2,,,,
2026-07-12 08:03:02,2026-07-12,İzmir  (26. Y.G.),226122,20260712_İzmir_226122,97015,GÜNEŞKRAL,,A.MEH.ALTIN,,2026-07-12 08:00:31,0.0194099378881987,2,0.0544399821508255,3,0.0873108265424912,6,0.1998779371376259,5,,,,
2026-07-12 08:03:02,2026-07-12,İzmir  (26. Y.G.),226122,20260712_İzmir_226122,99402,GÜÇLÜ KRAL,,F.KARAKURT,,2026-07-12 08:00:31,0.0127931769722814,5,0.0193905817174515,10,0.0462107208872458,10,0.081081081081081,10,,,,
2026-07-12 08:03:02,2026-07-12,İzmir  (26. Y.G.),226122,20260712_İzmir_226122,103037,GÜRSELHAN,,H.ŞİMŞEK,,2026-07-12 08:00:31,0.0194099378881987,3,0.0544399821508255,4,0.1201780415430267,2,0.2542483660130719,3,,,,
2026-07-12 08:03:02,2026-07-12,İzmir  (26. Y.G.),226122,20260712_İzmir_226122,110594,ŞİRO ÇAYI,,M.KEÇECİ,,2026-07-12 08:00:31,0.0323353293413173,1,0.0920306768922974,1,0.1246105919003115,1,0.2693370165745856,1,,,,
2026-07-12 08:03:02,2026-07-12,İzmir  (26. Y.G.),226122,20260712_İzmir_226122,103396,KING GÖKÇE,,GÖKH.GÖKÇE,,2026-07-12 08:00:31,0.0127931769722814,6,0.0544399821508255,5,0.0873108265424912,7,0.1998779371376259,6,,,,
2026-07-12 08:03:02,2026-07-12,İzmir  (26. Y.G.),226122,20260712_İzmir_226122,103715,SERİNTEPE,,R.KETME,,2026-07-12 08:00:31,0.0127931769722814,7,0.0272695892302381,7,0.08,8,0.16359918200409,8,,,,
2026-07-12 08:03:02,2026-07-12,İzmir  (26. Y.G.),226117,20260712_İzmir_226117,110334,BAŞ YARGIÇ,,H.ŞİMŞEK,,2026-07-12 08:00:31,0.0102622576966932,7,0.0415282392026578,6,0.0565623283909939,7,0.1998779371376259,4,,,,
2026-07-12 08:03:02,2026-07-12,İzmir  (26. Y.G.),226117,20260712_İzmir_226117,111862,GÖNÜL SARAYI,,M.B.ÖNCEL,,2026-07-12 08:00:31,0.0194099378881987,3,0.0544399821508255,4,0.08,4,0.1838487972508591,5,,,,
2026-07-12 08:03:02,2026-07-12,İzmir  (26. Y.G.),226117,20260712_İzmir_226117,110469,KANDIRALI,,B.BAGUÇ,,2026-07-12 08:00:31,0.0081008100810081,9,0.0241333918385256,8,0.0565623283909939,8,0.1048076923076923,9,,,,
2026-07-12 08:03:02,2026-07-12,İzmir  (26. Y.G.),226117,20260712_İzmir_226117,107761,TURGUL HAN,,Ö.F.ÖZEN,,2026-07-12 08:00:31,0.0580793559516963,1,0.36,1,0.1457564575645756,1,0.6052631578947367,1,,,,
2026-07-12 08:03:02,2026-07-12,İzmir  (26. Y.G.),226117,20260712_İzmir_226117,108025,ZAZA ENES,,M.TEKPETEK,,2026-07-12 08:00:31,0.0058699225170227,10,0.015299026425591,9,0.0462107208872458,9,0.1191588785046729,8,,,,
2026-07-12 08:03:02,2026-07-12,İzmir  (26. Y.G.),226117,20260712_İzmir_226117,107911,ADI YAŞASIN,,MER.ÇELİK,,2026-07-12 08:00:31,0.0194099378881987,4,0.0878712871287129,2,0.096078431372549,2,0.3358954650269023,2,,,,
2026-07-12 08:03:02,2026-07-12,İzmir  (26. Y.G.),226117,20260712_İzmir_226117,117218,ALTIN ESMER,,A.MEH.ALTIN,,2026-07-12 08:00:31,0.0194099378881987,5,0.0677867902665121,3,0.096078431372549,3,0.3358954650269023,3,,,,
2026-07-12 08:03:02,2026-07-12,İzmir  (26. Y.G.),226117,20260712_İzmir_226117,116353,AYANA,,K.YILMAZ,,2026-07-12 08:00:31,0.0248587570621468,2,0.0544399821508255,5,0.071578947368421,5,0.1630546955624355,6,,,,
2026-07-12 08:03:02,2026-07-12,İzmir  (26. Y.G.),226117,20260712_İzmir_226117,108266,LAYLA,,A.İNCİ,,2026-07-12 08:00:31,0.0194099378881987,6,0.036770921386306,7,0.0625,6,0.136432541687721,7,,,,
2026-07-12 08:03:02,2026-07-12,İzmir  (26. Y.G.),226117,20260712_İzmir_226117,116371,SOLUKMAVİ,,M.GÖL,,2026-07-12 08:00:31,0.0102622576966932,8,0.015299026425591,10,0.0462107208872458,10,0.0325149303251493,10,,,,
2026-07-12 08:03:02,2026-07-12,İzmir  (26. Y.G.),226120,20260712_İzmir_226120,107610,FERMAN YAZAR,,K.YILMAZ,,2026-07-12 08:00:31,0.0323353293413173,3,0.1981721981721981,2,0.1599736668861093,1,0.5573394495412843,1,,,,
2026-07-12 08:03:02,2026-07-12,İzmir  (26. Y.G.),226120,20260712_İzmir_226120,103098,UÇANEMİRHAN,,M.TEKPETEK,,2026-07-12 08:00:31,0.0127931769722814,5,0.0241333918385256,6,0.0625,5,0.1191588785046729,6,,,,
2026-07-12 08:03:02,2026-07-12,İzmir  (26. Y.G.),226120,20260712_İzmir_226120,104976,BEŞİR ÇAVUŞ,,R.KETME,,2026-07-12 08:00:31,0.0357142857142857,2,0.1141304347826086,3,0.1457564575645756,3,0.3544303797468355,3,,,,
2026-07-12 08:03:02,2026-07-12,İzmir  (26. Y.G.),226120,20260712_İzmir_226120,109440,KIRKLAR DAĞI,,MER.ÇELİK,,2026-07-12 08:00:31,0.0383428823270163,1,0.2470214455917394,1,0.1542130365659777,2,0.4575688073394495,2,,,,
2026-07-12 08:03:02,2026-07-12,İzmir  (26. Y.G.),226120,20260712_İzmir_226120,103545,SILPAHAR,,A.İNCİ,,2026-07-12 08:00:31,0.0058699225170227,7,0.0251379521765787,5,0.0595238095238095,6,0.1838487972508591,4,,,,
2026-07-12 08:03:02,2026-07-12,İzmir  (26. Y.G.),226120,20260712_İzmir_226120,104872,FEHİMOĞLU,,H.ŞİMŞEK,,2026-07-12 08:00:31,0.0127931769722814,6,0.0241333918385256,7,0.0565623283909939,7,0.1191588785046729,7,,,,
2026-07-12 08:03:02,2026-07-12,İzmir  (26. Y.G.),226120,20260712_İzmir_226120,107117,AYTEKİNBEY,,S.AKŞIN,,2026-07-12 08:00:31,0.0194099378881987,4,0.045021645021645,4,0.08,4,0.1630546955624355,5,,,,
2026-07-12 08:03:02,2026-07-12,İzmir  (26. Y.G.),226120,20260712_İzmir_226120,103088,GÖKDİL,,İ.S.SÖĞÜT,,2026-07-12 08:00:31,0.0058699225170227,8,0.0047288310920644,8,0.0138026224982746,8,0.0167364016736401,8,,,,
2026-07-12 08:03:02,2026-07-12,İzmir  (26. Y.G.),226121,20260712_İzmir_226121,101137,UMUT TAY,,R.KETME,,2026-07-12 08:00:31,0.0312093628088426,3,0.0878712871287129,4,0.096078431372549,4,0.2693370165745856,4,,,,
2026-07-12 08:03:02,2026-07-12,İzmir  (26. Y.G.),226121,20260712_İzmir_226121,83995,AŞKARTAY,,A.İNCİ,,2026-07-12 08:00:31,0.0329004329004329,2,0.0878712871287129,5,0.096078431372549,5,0.1998779371376259,5,,,,
2026-07-12 08:03:02,2026-07-12,İzmir  (26. Y.G.),226121,20260712_İzmir_226121,99895,VARLIK EFESİ,,Ö.F.ÖZEN,,2026-07-12 08:00:31,0.0247191011235955,6,0.0920306768922974,3,0.1201780415430267,2,0.3358954650269023,3,,,,
2026-07-12 08:03:02,2026-07-12,İzmir  (26. Y.G.),226121,20260712_İzmir_226121,101215,ASLAN KILICI,,İ.S.SÖĞÜT,,2026-07-12 08:00:31,0.0127931769722814,9,0.036770921386306,7,0.096078431372549,6,0.1838487972508591,6,,,,
2026-07-12 08:03:02,2026-07-12,İzmir  (26. Y.G.),226121,20260712_İzmir_226121,100131,BER KEMAL,,A.MEH.ALTIN,,2026-07-12 08:00:31,0.0248587570621468,4,0.1193693693693693,2,0.1025641025641025,3,0.3637484586929716,1,,,,
2026-07-12 08:03:02,2026-07-12,İzmir  (26. Y.G.),226121,20260712_İzmir_226121,103721,KIVILCIM ATEŞİ,,S.AKŞIN,,2026-07-12 08:00:31,0.0080500894454382,10,0.0128205128205128,10,0.0462107208872458,10,0.0353535353535353,10,,,,
2026-07-12 08:03:02,2026-07-12,İzmir  (26. Y.G.),226121,20260712_İzmir_226121,104260,JÖN ROME,,MER.ÇELİK,,2026-07-12 08:00:31,0.0194099378881987,7,0.045021645021645,6,0.0595238095238095,8,0.1630546955624355,7,,,,
2026-07-12 08:03:02,2026-07-12,İzmir  (26. Y.G.),226121,20260712_İzmir_226121,91125,ÇAĞDAŞ ALAÇAT,,M.M.BİLGİN,,2026-07-12 08:00:31,0.043144424131627,1,0.1414812354699435,1,0.1229508196721311,1,0.3395860284605432,2,,,,
2026-07-12 08:03:02,2026-07-12,İzmir  (26. Y.G.),226121,20260712_İzmir_226121,96776,BERATIM,,F.AVCI,,2026-07-12 08:00:31,0.0058699225170227,11,0.0128205128205128,11,0.0247026532479414,11,0.0325149303251493,11,,,,
2026-07-12 08:03:02,2026-07-12,İzmir  (26. Y.G.),226121,20260712_İzmir_226121,84728,ILDIRLI,,H.ŞİMŞEK,,2026-07-12 08:00:31,0.0194099378881987,8,0.0272695892302381,8,0.0565623283909939,9,0.0754985754985755,9,,,,
2026-07-12 08:03:02,2026-07-12,İzmir  (26. Y.G.),226121,20260712_İzmir_226121,102939,UFKUN ÖTESİ,,K.YILMAZ,,2026-07-12 08:00:31,0.0248587570621468,5,0.0272695892302381,9,0.096078431372549,7,0.136432541687721,8,,,,
2026-07-12 08:03:02,2026-07-12,İzmir  (26. Y.G.),226119,20260712_İzmir_226119,98653,CAN ALUŞ,,M.KAYİŞ,,2026-07-12 08:00:31,0.0323353293413173,2,0.1981721981721981,2,0.1025641025641025,3,0.4035087719298246,3,,,,
2026-07-12 08:03:02,2026-07-12,İzmir  (26. Y.G.),226119,20260712_İzmir_226119,102574,ERBAALI SADİ,,K.YILMAZ,,2026-07-12 08:00:31,0.0248587570621468,3,0.0810074880871341,4,0.1457564575645756,2,0.4232209737827715,2,,,,
2026-07-12 08:03:02,2026-07-12,İzmir  (26. Y.G.),226119,20260712_İzmir_226119,99623,MUĞLALI ADNAN,,Ö.F.ÖZEN,,2026-07-12 08:00:31,0.0383428823270163,1,0.2125714285714285,1,0.2096969696969697,1,0.6052631578947367,1,,,,
2026-07-12 08:03:02,2026-07-12,İzmir  (26. Y.G.),226119,20260712_İzmir_226119,103796,DISTANCE RUNNER,,F.KARAKURT,,2026-07-12 08:00:31,0.0248587570621468,4,0.0878712871287129,3,0.096078431372549,4,0.223516361619523,5,,,,
2026-07-12 08:03:02,2026-07-12,İzmir  (26. Y.G.),226119,20260712_İzmir_226119,104684,LITTLE JOE,,M.M.BİLGİN,,2026-07-12 08:00:31,0.0127931769722814,6,0.0544399821508255,5,0.096078431372549,5,0.2940813810110974,4,,,,
2026-07-12 08:03:02,2026-07-12,İzmir  (26. Y.G.),226119,20260712_İzmir_226119,100727,BERİD,,A.CEYLAN,,2026-07-12 08:00:31,0.0194099378881987,5,0.0251379521765787,6,0.096078431372549,6,0.1838487972508591,6,,,,
2026-07-12 08:03:02,2026-07-12,İzmir  (26. Y.G.),226119,20260712_İzmir_226119,100765,TIMELESS,,S.AKŞIN,,2026-07-12 08:00:31,0.0058699225170227,7,0.0054054054054054,7,0.0462107208872458,7,0.0521861777150916,7,,,,
2026-07-12 08:03:02,2026-07-12,İzmir  (26. Y.G.),226116,20260712_İzmir_226116,111074,ERDAĞI,,F.AVCI,,2026-07-12 08:00:31,0.0127931769722814,8,0.045021645021645,6,0.0565623283909939,6,0.16359918200409,6,,,,
2026-07-12 08:03:02,2026-07-12,İzmir  (26. Y.G.),226116,20260712_İzmir_226116,122276,KRALÇINAR,,M.M.BİLGİN,,2026-07-12 08:00:31,0.0183246073298429,7,0.1414812354699435,1,0.08,4,0.3395860284605432,2,,,,
2026-07-12 08:03:02,2026-07-12,İzmir  (26. Y.G.),226116,20260712_İzmir_226116,111073,KUZEYİN POYRAZI,,Ö.F.ÖZEN,,2026-07-12 08:00:31,0.0329004329004329,1,0.1414812354699435,2,0.096078431372549,1,0.2940813810110974,3,,,,
2026-07-12 08:03:02,2026-07-12,İzmir  (26. Y.G.),226116,20260712_İzmir_226116,108618,MR ALAÇAT,,Y.ASLAN,,2026-07-12 08:00:31,0.0102622576966932,9,0.0193905817174515,7,0.0462107208872458,7,0.0754985754985755,8,,,,
2026-07-12 08:03:02,2026-07-12,İzmir  (26. Y.G.),226116,20260712_İzmir_226116,111571,TAVİLOG,,R.KETME,,2026-07-12 08:00:31,0.0323353293413173,2,0.0878712871287129,4,0.096078431372549,2,0.1998779371376259,4,,,,
2026-07-12 08:03:02,2026-07-12,İzmir  (26. Y.G.),226116,20260712_İzmir_226116,113246,ULU CİHAN,,MER.ÇELİK,,2026-07-12 08:00:31,0.0194099378881987,4,0.1414812354699435,3,0.096078431372549,3,0.4348659003831417,1,,,,
2026-07-12 08:03:02,2026-07-12,İzmir  (26. Y.G.),226116,20260712_İzmir_226116,109379,DEMİRİN KILICI,,M.TEKPETEK,,2026-07-12 08:00:31,0.0194099378881987,5,0.015299026425591,10,0.0462107208872458,8,0.0353535353535353,10,,,,
2026-07-12 08:03:02,2026-07-12,İzmir  (26. Y.G.),226116,20260712_İzmir_226116,120914,EFSANEVİTAY,,M.KEÇECİ,,2026-07-12 08:00:31,0.0282861896838602,3,0.0544399821508255,5,0.08,5,0.17,5,,,,
2026-07-12 08:03:02,2026-07-12,İzmir  (26. Y.G.),226116,20260712_İzmir_226116,108862,ERENDİZ,,R.B.DÜNDAR,,2026-07-12 08:00:31,0.0194099378881987,6,0.0193905817174515,8,0.041860465116279,11,0.0325149303251493,11,,,,
2026-07-12 08:03:02,2026-07-12,İzmir  (26. Y.G.),226116,20260712_İzmir_226116,109119,LOKUM HÜMA,,A.METİN,,2026-07-12 08:00:31,0.0080500894454382,10,0.0128205128205128,11,0.0462107208872458,9,0.1191588785046729,7,,,,
2026-07-12 08:03:02,2026-07-12,İzmir  (26. Y.G.),226116,20260712_İzmir_226116,113238,SELMİNKIZ,,İ.S.SÖĞÜT,,2026-07-12 08:00:31,0.0058699225170227,11,0.0157342657342657,9,0.0462107208872458,10,0.0655629139072847,9,,,,
2026-07-13 21:25:34,2026-07-13,Elazığ  (21. Y.G.),226137,20260713_Elazığ_226137,112326,MERTENS,1.9,N.ALTIN,17:45,2026-07-13 21:23:14,0.3778625954198473,1,0.2954248366013072,1,0.7454798331015299,1,0.6603650586701434,1,0.4373895785833495,0.7837301494380792,1.0,1.0
2026-07-13 21:25:34,2026-07-13,Elazığ  (21. Y.G.),226137,20260713_Elazığ_226137,109364,ATEŞATAR,11.4,A.AKDEMİR,17:45,2026-07-13 21:23:14,0.0383428823270163,5,0.0677867902665121,5,0.2096969696969697,4,0.1838487972508591,6,0.0587071908028154,0.1966086701793639,4.0,6.0
2026-07-13 21:25:34,2026-07-13,Elazığ  (21. Y.G.),226137,20260713_Elazığ_226137,111680,BEŞİRHANBEY,7.4,İ.AKYAVUZ,17:45,2026-07-13 21:23:14,0.0883054892601432,3,0.1414812354699435,2,0.3123123123123122,3,0.3634615384615384,2,0.128308729050732,0.380948787223005,3.0,3.0
2026-07-13 21:25:34,2026-07-13,Elazığ  (21. Y.G.),226137,20260713_Elazığ_226137,112302,BİLDENCAN,24.1,S.KAPLAN,17:45,2026-07-13 21:23:14,0.0329004329004329,7,0.036770921386306,10,0.096078431372549,7,0.0655629139072847,11,0.0244944255942372,0.0653675937474278,7.0,10.0
2026-07-13 21:25:34,2026-07-13,Elazığ  (21. Y.G.),226137,20260713_Elazığ_226137,111604,ÇELİKTAR,44.25,A.ÇANKAYA,17:45,2026-07-13 21:23:14,0.0247191011235955,10,0.0544399821508255,7,0.096078431372549,8,0.16359918200409,7,0.0232645673142588,0.0991087597321888,8.0,7.0
2026-07-13 21:25:34,2026-07-13,Elazığ  (21. Y.G.),226137,20260713_Elazığ_226137,112645,KARLIOVA BEYİ,3.05,H.ALTUNKILIÇ,17:45,2026-07-13 21:23:14,0.3164426059979317,2,0.1141304347826086,3,0.5612244897959183,2,0.278169014084507,3,0.18289487345018,0.4369500094292858,2.0,2.0
2026-07-13 21:25:34,2026-07-13,Elazığ  (21. Y.G.),226137,20260713_Elazığ_226137,108882,OBSİDYEN TAŞI,17.2,Y.ÇELİKBAŞ,17:45,2026-07-13 21:23:14,0.0580793559516963,4,0.0878712871287129,4,0.1841779975278121,5,0.278169014084507,4,0.0564792168378503,0.2272076136473841,5.0,4.0
2026-07-13 21:25:34,2026-07-13,Elazığ  (21. Y.G.),226137,20260713_Elazığ_226137,110974,RECEPPAŞA,12.75,İ.KATAR,17:45,2026-07-13 21:23:14,0.0383428823270163,6,0.0662251655629139,6,0.1841779975278121,6,0.223516361619523,5,0.0541631140130151,0.2167454538703616,6.0,5.0
2026-07-13 21:25:34,2026-07-13,Elazığ  (21. Y.G.),226137,20260713_Elazığ_226137,112524,RÜZGAR DELİSİ,36.7,Y.CENGİZ,17:45,2026-07-13 21:23:14,0.0329004329004329,8,0.045021645021645,9,0.0625,9,0.096938775510204,10,0.0224282588878235,0.0718955136639651,9.0,9.0
2026-07-13 21:25:34,2026-07-13,Elazığ  (21. Y.G.),226137,20260713_Elazığ_226137,111092,SERSİ,46.4,R.DOĞAN,17:45,2026-07-13 21:23:14,0.0058699225170227,11,0.0272695892302381,11,0.0462107208872458,10,0.1191588785046729,8,0.0135679023552179,0.0755502424078173,11.0,8.0
2026-07-13 21:25:34,2026-07-13,Elazığ  (21. Y.G.),226137,20260713_Elazığ_226137,109389,ŞİMŞEK SALİH,54.75,A.H.BAYAR,17:45,2026-07-13 21:23:14,0.0248587570621468,9,0.0544399821508255,8,0.0462107208872458,11,0.105865522174535,9,0.020649537743606,0.0637939704983175,10.0,11.0
2026-07-13 21:25:34,2026-07-13,Elazığ  (21. Y.G.),226141,20260713_Elazığ_226141,101802,ABAY HANIM,24.45,R.DOĞAN,18:30,2026-07-13 21:23:14,0.066610455311973,5,0.1193693693693693,2,0.2096969696969697,6,0.3778801843317972,3,0.0589020581078499,0.2564223245530219,5.0,6.0
2026-07-13 21:25:34,2026-07-13,Elazığ  (21. Y.G.),226141,20260713_Elazığ_226141,97942,BIÇKIN KRAL,6.75,İ.KATAR,18:30,2026-07-13 21:23:14,0.1347190146266358,2,0.0920306768922974,4,0.4123931623931623,4,0.2940813810110974,5,0.0990762796380571,0.3394148037432276,4.0,5.0
2026-07-13 21:25:34,2026-07-13,Elazığ  (21. Y.G.),226141,20260713_Elazığ_226141,98605,KORHANTAY,7.9,İ.AKYAVUZ,18:30,2026-07-13 21:23:14,0.1304836895388076,4,0.2470214455917394,1,0.4166666666666667,3,0.5392857142857143,1,0.1892963680131284,0.5033896575856031,1.0,2.0
2026-07-13 21:25:34,2026-07-13,Elazığ  (21. Y.G.),226141,20260713_Elazığ_226141,107121,ŞAHKAYA,3.1,M.DOĞAN,18:30,2026-07-13 21:23:14,0.1347190146266358,3,0.0810074880871341,5,0.4796573875802997,1,0.3821596244131455,2,0.1442229423978951,0.5224332939074937,3.0,1.0
2026-07-13 21:25:34,2026-07-13,Elazığ  (21. Y.G.),226141,20260713_Elazığ_226141,100533,MOHİ TAY,3.0,N.ALTIN,18:30,2026-07-13 21:23:14,0.2276785714285714,1,0.102127659574468,3,0.4796573875802997,2,0.3358954650269023,4,0.1720341602785304,0.4905069708444186,2.0,3.0
2026-07-13 21:25:34,2026-07-13,Elazığ  (21. Y.G.),226141,20260713_Elazığ_226141,106844,ASIM EFE,20.15,A.AKDEMİR,18:30,2026-07-13 21:23:14,0.0102622576966932,8,0.0272695892302381,6,0.096078431372549,8,0.136432541687721,8,0.0218563094162255,0.1229999786457658,7.0,8.0
2026-07-13 21:25:34,2026-07-13,Elazığ  (21. Y.G.),226141,20260713_Elazığ_226141,103485,KESKİN KAAN,3.6,S.KAPLAN,18:30,2026-07-13 21:23:14,0.043144424131627,6,0.0251379521765787,8,0.4049079754601227,5,0.2693370165745856,6,0.0583746952394038,0.4039160332464818,6.0,4.0
2026-07-13 21:25:34,2026-07-13,Elazığ  (21. Y.G.),226141,20260713_Elazığ_226141,106252,CAN YAKUP,25.35,H.YÖNDEN,18:30,2026-07-13 21:23:14,0.0247191011235955,7,0.0272695892302381,7,0.1318681318681319,7,0.223516361619523,7,0.0191698436127277,0.1629079658385103,8.0,7.0
2026-07-13 21:25:34,2026-07-13,Elazığ  (21. Y.G.),226135,20260713_Elazığ_226135,111267,MERTOLTAY,4.05,N.ALTIN,19:00,2026-07-13 21:23:14,0.2276785714285714,1,0.2838283828382838,1,0.5202634245187439,1,0.6052631578947367,1,0.2927372045031891,0.6445365669374065,1.0,1.0
2026-07-13 21:25:34,2026-07-13,Elazığ  (21. Y.G.),226135,20260713_Elazığ_226135,110058,ATAKAYA HÜKÜMDARI,41.95,M.ŞAKİR,19:00,2026-07-13 21:23:14,0.0194099378881987,9,0.0251379521765787,10,0.0462107208872458,12,0.0655629139072847,12,0.0135631633711838,0.0502869987098689,11.0,11.0
2026-07-13 21:25:34,2026-07-13,Elazığ  (21. Y.G.),226135,20260713_Elazığ_226135,110544,AVUS MAZEN,9.6,H.ALTUNKILIÇ,19:00,2026-07-13 21:23:14,0.1045197740112994,5,0.0677867902665121,7,0.2524357838795394,5,0.1630546955624355,8,0.0649022825505672,0.1944071521875185,6.0,7.0
2026-07-13 21:25:34,2026-07-13,Elazığ  (21. Y.G.),226135,20260713_Elazığ_226135,112084,BİLDENBİR,,İ.KATAR,19:00,2026-07-13 21:23:14,0.0194099378881987,10,0.0251379521765787,11,0.0565623283909939,9,0.1,10,,,,
2026-07-13 21:25:34,2026-07-13,Elazığ  (21. Y.G.),226135,20260713_Elazığ_226135,112443,EMOHELİL,5.35,R.DOĞAN,19:00,2026-07-13 21:23:14,0.2,2,0.2125714285714285,3,0.4645844952593418,2,0.5018867924528304,3,0.2062461238835814,0.5299256123780872,2.0,2.0
2026-07-13 21:25:34,2026-07-13,Elazığ  (21. Y.G.),226135,20260713_Elazığ_226135,108342,ENESPAŞA,6.45,A.H.BAYAR,19:00,2026-07-13 21:23:14,0.2,3,0.2202283849918433,2,0.3798561151079136,3,0.5313225058004639,2,0.1921991627914306,0.5253369282057254,3.0,3.0
2026-07-13 21:25:34,2026-07-13,Elazığ  (21. Y.G.),226135,20260713_Elazığ_226135,109155,GÜLPAŞA,39.55,Ç.CANPOLAT,19:00,2026-07-13 21:23:14,0.0194099378881987,11,0.0415282392026578,9,0.0565623283909939,10,0.081081081081081,11,0.0203014787262662,0.0607204456208849,9.0,10.0
2026-07-13 21:25:34,2026-07-13,Elazığ  (21. Y.G.),226135,20260713_Elazığ_226135,110170,KRAL LAMİ,3.5,İ.AKYAVUZ,19:00,2026-07-13 21:23:14,0.1347190146266358,4,0.0878712871287129,5,0.3795811518324607,4,0.223516361619523,5,0.1412272050621956,0.3646491597642173,4.0,4.0
2026-07-13 21:25:34,2026-07-13,Elazığ  (21. Y.G.),226135,20260713_Elazığ_226135,113385,MALATYA ÇAPKINI,18.85,A.AKDEMİR,19:00,2026-07-13 21:23:14,0.043144424131627,7,0.0878712871287129,6,0.1542130365659777,8,0.1998779371376259,6,0.0538020982397594,0.169300384731844,7.0,8.0
2026-07-13 21:25:34,2026-07-13,Elazığ  (21. Y.G.),226135,20260713_Elazığ_226135,112292,MİRZACAN,21.4,M.E.DOĞAN,19:00,2026-07-13 21:23:14,0.043144424131627,8,0.0920306768922974,4,0.1816160118606375,7,0.2940813810110974,4,0.051926828217293,0.2181502220856667,8.0,6.0
2026-07-13 21:25:34,2026-07-13,Elazığ  (21. Y.G.),226135,20260713_Elazığ_226135,109310,ÖZGÜRAK,32.0,Y.CENGİZ,19:00,2026-07-13 21:23:14,0.0127931769722814,12,0.0251379521765787,12,0.0565623283909939,11,0.1048076923076923,9,0.0158145649789853,0.0814927723560602,10.0,9.0
2026-07-13 21:25:34,2026-07-13,Elazığ  (21. Y.G.),226135,20260713_Elazığ_226135,112107,ÖZTÜRK PINARI,5.55,A.ÇANKAYA,19:00,2026-07-13 21:23:14,0.0883054892601432,6,0.0544399821508255,8,0.2524357838795394,6,0.1742209631728045,7,0.0764017613848829,0.2572116722650969,5.0,5.0
2026-07-13 21:25:34,2026-07-13,Elazığ  (21. Y.G.),226143,20260713_Elazığ_226143,103729,FAST FOTON,13.6,İ.KATAR,19:30,2026-07-13 21:23:14,0.0248587570621468,9,0.0251379521765787,11,0.096078431372549,10,0.1048076923076923,12,0.0258635256867942,0.1210656263820181,9.0,10.0
2026-07-13 21:25:34,2026-07-13,Elazığ  (21. Y.G.),226143,20260713_Elazığ_226143,103863,LOLA SUMMER,17.3,H.ALTUNKILIÇ,19:30,2026-07-13 21:23:14,0.0127931769722814,13,0.0241333918385256,12,0.08,13,0.1191588785046729,10,0.021844630255094,0.1191809487172786,10.0,11.0
2026-07-13 21:25:34,2026-07-13,Elazığ  (21. Y.G.),226143,20260713_Elazığ_226143,106127,SIDNEY SHOW,9.15,M.ŞAKİR,19:30,2026-07-13 21:23:14,0.0801393728222996,5,0.0544399821508255,6,0.2987197724039829,4,0.223516361619523,5,0.0569728200013672,0.2487329308864302,5.0,6.0
2026-07-13 21:25:34,2026-07-13,Elazığ  (21. Y.G.),226143,20260713_Elazığ_226143,100917,COOL POWER,15.8,M.E.DOĞAN,19:30,2026-07-13 21:23:14,0.0580793559516963,6,0.0677867902665121,5,0.1457564575645756,8,0.136432541687721,8,0.0489867496482394,0.137261372833582,6.0,8.0
2026-07-13 21:25:34,2026-07-13,Elazığ  (21. Y.G.),226143,20260713_Elazığ_226143,103849,INFORMACTION,10.05,R.DOĞAN,19:30,2026-07-13 21:23:14,0.0967741935483871,3,0.1414812354699435,1,0.2987197724039829,5,0.3821596244131455,1,0.1089758739367744,0.3569829789153357,3.0,2.0
2026-07-13 21:25:34,2026-07-13,Elazığ  (21. Y.G.),226143,20260713_Elazığ_226143,103797,CLOUDY TIMES,4.9,İ.AKYAVUZ,19:30,2026-07-13 21:23:14,0.0883054892601432,4,0.0810074880871341,4,0.3441295546558704,3,0.2693370165745856,3,0.1090844228405833,0.3603522734858052,2.0,1.0
2026-07-13 21:25:34,2026-07-13,Elazığ  (21. Y.G.),226143,20260713_Elazığ_226143,104698,NADUH,28.6,M.P.DEMİR,19:30,2026-07-13 21:23:14,0.0194099378881987,10,0.0272695892302381,8,0.096078431372549,11,0.1191588785046729,11,0.0179116302084917,0.094725628947684,12.0,12.0
2026-07-13 21:25:34,2026-07-13,Elazığ  (21. Y.G.),226143,20260713_Elazığ_226143,100112,BY CURA,21.6,A.ÇANKAYA,19:30,2026-07-13 21:23:14,0.0194099378881987,11,0.0193905817174515,13,0.096078431372549,12,0.0754985754985755,14,0.0163967020147475,0.0766665775084121,13.0,13.0
2026-07-13 21:25:34,2026-07-13,Elazığ  (21. Y.G.),226143,20260713_Elazığ_226143,105330,MELİS HANIM,12.45,M.DOĞAN,19:30,2026-07-13 21:23:14,0.0081008100810081,14,0.015299026425591,14,0.1318681318681319,9,0.136432541687721,9,0.0190160615200919,0.1526618139657859,11.0,7.0
2026-07-13 21:25:34,2026-07-13,Elazığ  (21. Y.G.),226143,20260713_Elazığ_226143,102866,ÇİFTÇİ,42.75,H.YÖNDEN,19:30,2026-07-13 21:23:14,0.0194099378881987,12,0.0272695892302381,9,0.0565623283909939,14,0.0926216640502354,13,0.0142606245987013,0.0648285656317563,14.0,14.0
2026-07-13 21:25:34,2026-07-13,Elazığ  (21. Y.G.),226143,20260713_Elazığ_226143,104329,SAKLIKAPI,6.9,N.ALTIN,19:30,2026-07-13 21:23:14,0.0323353293413173,8,0.0272695892302381,10,0.2233502538071066,6,0.1998779371376259,6,0.0409867668099429,0.2579712457791078,7.0,5.0
2026-07-13 21:25:34,2026-07-13,Elazığ  (21. Y.G.),226143,20260713_Elazığ_226143,103493,SEASMOKE,21.55,A.H.BAYAR,19:30,2026-07-13 21:23:14,0.0329004329004329,7,0.045021645021645,7,0.1542130365659777,7,0.1630546955624355,7,0.0303925207823102,0.1367392818501162,8.0,9.0
2026-07-13 21:25:34,2026-07-13,Elazığ  (21. Y.G.),226143,20260713_Elazığ_226143,102845,MAYA REÇELİ,5.85,Y.CENGİZ,19:30,2026-07-13 21:23:14,0.1556473829201102,1,0.1141304347826086,2,0.3775100401606426,1,0.278169014084507,2,0.1255275218687532,0.3446434250880887,1.0,4.0
2026-07-13 21:25:34,2026-07-13,Elazığ  (21. Y.G.),226143,20260713_Elazığ_226143,106427,REEZ,5.5,A.AKDEMİR,19:30,2026-07-13 21:23:14,0.1045197740112994,2,0.0878712871287129,3,0.3775100401606426,2,0.2693370165745856,4,0.1079528737268548,0.345131891005119,4.0,3.0
2026-07-13 21:25:34,2026-07-13,Elazığ  (21. Y.G.),226142,20260713_Elazığ_226142,109413,BLACK CUP,9.85,M.E.DOĞAN,20:00,2026-07-13 21:23:14,0.0883054892601432,5,0.1685393258426966,4,0.2987197724039829,5,0.4348659003831417,5,0.1250284196160969,0.3960889924805699,4.0,5.0
2026-07-13 21:25:34,2026-07-13,Elazığ  (21. Y.G.),226142,20260713_Elazığ_226142,108039,FIRST BREATH,9.55,R.DOĞAN,20:00,2026-07-13 21:23:14,0.0967741935483871,3,0.1414812354699435,5,0.5202634245187439,3,0.5767575322812053,2,0.1113617580596385,0.5046278819499833,5.0,3.0
2026-07-13 21:25:34,2026-07-13,Elazığ  (21. Y.G.),226142,20260713_Elazığ_226142,108253,GOODBYE,28.6,A.H.BAYAR,20:00,2026-07-13 21:23:14,0.0058699225170227,8,0.0544399821508255,8,0.0873108265424912,8,0.223516361619523,7,0.0296330962920407,0.1540751710969745,8.0,8.0
2026-07-13 21:25:34,2026-07-13,Elazığ  (21. Y.G.),226142,20260713_Elazığ_226142,109743,MY MOON,9.75,A.AKDEMİR,20:00,2026-07-13 21:23:14,0.0967741935483871,4,0.1981721981721981,3,0.4645844952593418,4,0.5573394495412843,4,0.1423816879591611,0.4871950408975546,3.0,4.0
2026-07-13 21:25:34,2026-07-13,Elazığ  (21. Y.G.),226142,20260713_Elazığ_226142,110452,REGAL BELLE,20.75,M.DOĞAN,20:00,2026-07-13 21:23:14,0.043144424131627,6,0.0677867902665121,7,0.1816160118606375,7,0.223516361619523,8,0.0417732103719671,0.1766052800703725,7.0,7.0
2026-07-13 21:25:34,2026-07-13,Elazığ  (21. Y.G.),226142,20260713_Elazığ_226142,108418,TELGRAF,1.5,H.ALTUNKILIÇ,20:00,2026-07-13 21:23:14,0.4117647058823529,1,0.2838283828382838,2,0.6938083121289228,1,0.5767575322812053,3,0.4852862961547914,0.7735990260718895,1.0,1.0
2026-07-13 21:25:34,2026-07-13,Elazığ  (21. Y.G.),226142,20260713_Elazığ_226142,111053,DENİZ LARA,20.4,N.ALTIN,20:00,2026-07-13 21:23:14,0.043144424131627,7,0.0878712871287129,6,0.1841779975278121,6,0.3358954650269023,6,0.0512277848272608,0.2473375080995519,6.0,6.0
2026-07-13 21:25:34,2026-07-13,Elazığ  (21. Y.G.),226142,20260713_Elazığ_226142,111974,YELELİ KIZ,4.1,İ.KATAR,20:00,2026-07-13 21:23:14,0.3164426059979317,2,0.2954248366013072,1,0.6938083121289228,2,0.6603650586701434,1,0.2981547103618313,0.6809595516813403,2.0,2.0
2026-07-13 21:25:34,2026-07-13,Elazığ  (21. Y.G.),226144,20260713_Elazığ_226144,81147,KING OVA,11.85,A.AKDEMİR,20:30,2026-07-13 21:23:14,0.043144424131627,6,0.0810074880871341,5,0.16,6,0.1998779371376259,7,0.0654297709976415,0.2055518802334025,4.0,7.0
2026-07-13 21:25:34,2026-07-13,Elazığ  (21. Y.G.),226144,20260713_Elazığ_226144,104692,KEÇİKHAN,40.55,M.DOĞAN,20:30,2026-07-13 21:23:14,0.0247191011235955,8,0.0434713538451507,8,0.071578947368421,8,0.1191588785046729,8,0.0206467328009468,0.0803772772633663,9.0,9.0
2026-07-13 21:25:34,2026-07-13,Elazığ  (21. Y.G.),226144,20260713_Elazığ_226144,103412,BATIMERT,9.15,Y.CENGİZ,20:30,2026-07-13 21:23:14,0.0580793559516963,5,0.0544399821508255,7,0.2987197724039829,4,0.2542483660130719,6,0.0567348707327531,0.2721381049221485,5.0,5.0
2026-07-13 21:25:34,2026-07-13,Elazığ  (21. Y.G.),226144,20260713_Elazığ_226144,104988,BLACK FIG,55.95,Y.ÇELİKBAŞ,20:30,2026-07-13 21:23:14,0.0058699225170227,10,0.0193905817174515,10,0.0462107208872458,10,0.1048076923076923,10,0.0094967657806642,0.062625555864191,10.0,10.0
2026-07-13 21:25:34,2026-07-13,Elazığ  (21. Y.G.),226144,20260713_Elazığ_226144,92288,EMİN AMCA,20.8,A.ÇANKAYA,20:30,2026-07-13 21:23:14,0.066610455311973,4,0.0920306768922974,4,0.2524357838795394,5,0.4035087719298246,4,0.0525954024677017,0.287983144704256,6.0,4.0
2026-07-13 21:25:34,2026-07-13,Elazığ  (21. Y.G.),226144,20260713_Elazığ_226144,105473,JUNIOR CURA,26.2,A.H.BAYAR,20:30,2026-07-13 21:23:14,0.0127931769722814,9,0.0415282392026578,9,0.0565623283909939,9,0.1191588785046729,9,0.0255340042904981,0.0982856771032364,8.0,8.0
2026-07-13 21:25:34,2026-07-13,Elazığ  (21. Y.G.),226144,20260713_Elazığ_226144,103462,TYRAXES,24.0,R.DOĞAN,20:30,2026-07-13 21:23:14,0.0357142857142857,7,0.0677867902665121,6,0.16,7,0.2940813810110974,5,0.0385896716404642,0.2078769761083742,7.0,6.0
2026-07-13 21:25:34,2026-07-13,Elazığ  (21. Y.G.),226144,20260713_Elazığ_226144,111778,ASALTIN,3.85,N.ALTIN,20:30,2026-07-13 21:23:14,0.3571428571428571,1,0.2954248366013072,2,0.6816608996539792,1,0.6052631578947367,1,0.3079406902548061,0.6508291057607087,2.0,2.0
2026-07-13 21:25:34,2026-07-13,Elazığ  (21. Y.G.),226144,20260713_Elazığ_226144,106089,GÖK BERK,5.1,İ.KATAR,20:30,2026-07-13 21:23:14,0.260586319218241,2,0.3717105263157895,1,0.6031372549019606,2,0.5993265993265994,2,0.3206607553664019,0.6076169197238793,1.0,3.0
2026-07-13 21:25:34,2026-07-13,Elazığ  (21. Y.G.),226144,20260713_Elazığ_226144,110997,SECRET ROYAL,1.9,İ.AKYAVUZ,20:30,2026-07-13 21:23:14,0.2276785714285714,3,0.1414812354699435,3,0.5452538631346577,3,0.4493670886075948,3,0.2829174183297651,0.6554128517992648,3.0,1.0
2026-07-13 21:25:34,2026-07-13,Elazığ  (21. Y.G.),226136,20260713_Elazığ_226136,113870,BABA AKİF,5.35,Y.ÇELİKBAŞ,21:00,2026-07-13 21:23:14,0.158351409978308,3,0.1981721981721981,1,0.4645844952593418,2,0.5392857142857143,1,0.1960822457321013,0.5576588843530964,2.0,1.0
2026-07-13 21:25:34,2026-07-13,Elazığ  (21. Y.G.),226136,20260713_Elazığ_226136,110963,ADANALI DEMİR,2.95,A.AKDEMİR,21:00,2026-07-13 21:23:14,0.2867647058823529,1,0.1981721981721981,2,0.5777400169923537,1,0.3821596244131455,3,0.269857402344443,0.5306491743621913,1.0,2.0
2026-07-13 21:25:34,2026-07-13,Elazığ  (21. Y.G.),226136,20260713_Elazığ_226136,112143,EFSANE YILMAZ,6.7,İ.AKYAVUZ,21:00,2026-07-13 21:23:14,0.1556473829201102,4,0.1685393258426966,3,0.3286219081272085,5,0.332258064516129,4,0.1544930979519966,0.3705887158827749,4.0,4.0
2026-07-13 21:25:34,2026-07-13,Elazığ  (21. Y.G.),226136,20260713_Elazığ_226136,118440,I AM FERO,24.05,R.DOĞAN,21:00,2026-07-13 21:23:14,0.0511111111111111,6,0.0544399821508255,6,0.1318681318681319,7,0.1191588785046729,8,0.0328571444809272,0.1025203645621208,8.0,9.0
2026-07-13 21:25:34,2026-07-13,Elazığ  (21. Y.G.),226136,20260713_Elazığ_226136,122280,KAVİM,42.1,H.YÖNDEN,21:00,2026-07-13 21:23:14,0.0194099378881987,10,0.0272695892302381,10,0.071578947368421,11,0.1048076923076923,10,0.0143787700730747,0.0717591820017144,11.0,11.0
2026-07-13 21:25:34,2026-07-13,Elazığ  (21. Y.G.),226136,20260713_Elazığ_226136,113580,KIZMAZIN OĞLU,14.9,A.ÇANKAYA,21:00,2026-07-13 21:23:14,0.0194099378881987,11,0.0272695892302381,11,0.0912408759124087,9,0.1048076923076923,11,0.0260110635766333,0.1160523668800394,10.0,8.0
2026-07-13 21:25:34,2026-07-13,Elazığ  (21. Y.G.),226136,20260713_Elazığ_226136,109524,KİNG BEDİRHAN,20.85,M.DOĞAN,21:00,2026-07-13 21:23:14,0.0329004329004329,7,0.0544399821508255,7,0.1542130365659777,6,0.1838487972508591,7,0.0356096639561128,0.1520699048368637,7.0,7.0
2026-07-13 21:25:34,2026-07-13,Elazığ  (21. Y.G.),226136,20260713_Elazığ_226136,111759,SERHAN ATEŞİ,13.05,M.IŞIK,21:00,2026-07-13 21:23:14,0.0323353293413173,9,0.0544399821508255,8,0.1229508196721311,8,0.2542483660130719,5,0.0464428028721542,0.2371011792495255,6.0,6.0
2026-07-13 21:25:34,2026-07-13,Elazığ  (21. Y.G.),226136,20260713_Elazığ_226136,117409,SESİMİ DUYAN VARMI,31.75,M.E.DOĞAN,21:00,2026-07-13 21:23:14,0.0329004329004329,8,0.0544399821508255,9,0.0873108265424912,10,0.105865522174535,9,0.0281084077274399,0.0824612118869552,9.0,10.0
2026-07-13 21:25:34,2026-07-13,Elazığ  (21. Y.G.),226136,20260713_Elazığ_226136,111996,ŞİRİNHAT,5.3,N.ALTIN,21:00,2026-07-13 21:23:14,0.1781226903178122,2,0.1685393258426966,4,0.3798561151079136,3,0.4348659003831417,2,0.1752912265962642,0.4815118363868637,3.0,3.0
2026-07-13 21:25:34,2026-07-13,Elazığ  (21. Y.G.),226136,20260713_Elazığ_226136,108975,YÜREKOĞLU,5.4,Y.CENGİZ,21:00,2026-07-13 21:23:14,0.1556473829201102,5,0.0920306768922974,5,0.3798561151079136,4,0.223516361619523,6,0.1126994157457246,0.3070820746464507,5.0,5.0
2026-07-13 21:25:34,2026-07-13,Elazığ  (21. Y.G.),226151,20260713_Elazığ_226151,78591,ÇAĞLAYANŞELALE,18.35,M.DOĞAN,21:30,2026-07-13 21:23:14,0.0194099378881987,13,0.0193905817174515,14,0.0595238095238095,14,0.0754985754985755,15,0.0168658967313658,0.07846458405808,13.0,13.0
2026-07-13 21:25:34,2026-07-13,Elazığ  (21. Y.G.),226151,20260713_Elazığ_226151,101221,ÖZNİLAY,11.35,H.YÖNDEN,21:30,2026-07-13 21:23:14,0.0573248407643312,5,0.07007007007007,5,0.1841779975278121,7,0.2542483660130719,3,0.056727651097027,0.2396065480841582,6.0,6.0
2026-07-13 21:25:34,2026-07-13,Elazığ  (21. Y.G.),226151,20260713_Elazığ_226151,96617,ASLINURAY,7.6,İ.KATAR,21:30,2026-07-13 21:23:14,0.0580793559516963,4,0.0544399821508255,8,0.2206106870229007,5,0.2542483660130719,4,0.0593903208763252,0.2806447610086708,5.0,2.0
2026-07-13 21:25:34,2026-07-13,Elazığ  (21. Y.G.),226151,20260713_Elazığ_226151,111439,İREM HATUN,6.2,M.E.DOĞAN,21:30,2026-07-13 21:23:14,0.0248587570621468,11,0.0157342657342657,15,0.16,8,0.096938775510204,14,0.027532774960213,0.1562069702812853,10.0,9.0
2026-07-13 21:25:34,2026-07-13,Elazığ  (21. Y.G.),226151,20260713_Elazığ_226151,101016,LARİSA,11.75,H.ALTUNKILIÇ,21:30,2026-07-13 21:23:14,0.0383428823270163,8,0.0544399821508255,9,0.1599736668861093,9,0.1630546955624355,10,0.0462230290686726,0.1696760794208326,8.0,8.0
2026-07-13 21:25:34,2026-07-13,Elazığ  (21. Y.G.),226151,20260713_Elazığ_226151,103393,KAYNARHANIM,,A.H.BAYAR,21:30,2026-07-13 21:23:14,0.0081008100810081,16,0.0415282392026578,10,0.0595238095238095,15,0.1838487972508591,7,,,,
2026-07-13 21:25:34,2026-07-13,Elazığ  (21. Y.G.),226151,20260713_Elazığ_226151,106979,NEVALÇİÇEĞİ,5.55,İ.AKYAVUZ,21:30,2026-07-13 21:23:14,0.0323353293413173,10,0.0878712871287129,3,0.2422145328719722,4,0.1998779371376259,5,0.1005259900144485,0.2691984854041268,2.0,3.0
2026-07-13 21:25:34,2026-07-13,Elazığ  (21. Y.G.),226151,20260713_Elazığ_226151,98652,CEKU BALIM,16.1,Y.CENGİZ,21:30,2026-07-13 21:23:14,0.05,7,0.0878712871287129,4,0.2096969696969697,6,0.2693370165745856,2,0.0551824098539214,0.2177822459917016,7.0,7.0
2026-07-13 21:25:34,2026-07-13,Elazığ  (21. Y.G.),226151,20260713_Elazığ_226151,106495,ÖZRÜBA,52.95,M.ŞAKİR,21:30,2026-07-13 21:23:14,0.0102622576966932,15,0.0241333918385256,13,0.0462107208872458,16,0.1048076923076923,12,0.0108297252960476,0.0611252626111879,15.0,14.0
2026-07-13 21:25:34,2026-07-13,Elazığ  (21. Y.G.),226151,20260713_Elazığ_226151,101209,GAYECAN,21.35,S.KAPLAN,21:30,2026-07-13 21:23:14,0.0194099378881987,14,0.0272695892302381,11,0.096078431372549,12,0.1191588785046729,11,0.0198269684798955,0.1027942255884047,12.0,11.0
2026-07-13 21:25:34,2026-07-13,Elazığ  (21. Y.G.),226151,20260713_Elazığ_226151,100535,ŞEKLİ,6.95,R.DOĞAN,21:30,2026-07-13 21:23:14,0.1556473829201102,1,0.0920306768922974,2,0.3286219081272085,2,0.1998779371376259,6,0.0913960923432617,0.2454143744930206,3.0,5.0
2026-07-13 21:25:34,2026-07-13,Elazığ  (21. Y.G.),226151,20260713_Elazığ_226151,94826,TUMBUL NAZLI,10.7,N.ALTIN,21:30,2026-07-13 21:23:14,0.1114070128717266,2,0.1981721981721981,1,0.3286219081272085,3,0.3634615384615384,1,0.1285045777315105,0.322689671028691,1.0,1.0
2026-07-13 21:25:34,2026-07-13,Elazığ  (21. Y.G.),226151,20260713_Elazığ_226151,98591,PRENSES DİLARA,5.9,A.AKDEMİR,21:30,2026-07-13 21:23:14,0.1114070128717266,3,0.07007007007007,6,0.3441295546558704,1,0.1838487972508591,8,0.0825175228883296,0.2479491640547976,4.0,4.0
2026-07-13 21:25:34,2026-07-13,Elazığ  (21. Y.G.),226151,20260713_Elazığ_226151,106830,GELİNİM SİNEM,6.2,Ç.CANPOLAT,21:30,2026-07-13 21:23:14,0.0247191011235955,12,0.0054054054054054,16,0.0912408759124087,13,0.0167364016736401,16,0.0127817088016044,0.0451212455193285,14.0,15.0
2026-07-13 21:25:34,2026-07-13,Elazığ  (21. Y.G.),226151,20260713_Elazığ_226151,95374,ZULEMA,19.2,A.ÇANKAYA,21:30,2026-07-13 21:23:14,0.0329004329004329,9,0.0251379521765787,12,0.1246105919003115,11,0.1048076923076923,13,0.0198518631466646,0.0980148226922615,11.0,12.0
2026-07-13 21:25:34,2026-07-13,Elazığ  (21. Y.G.),226151,20260713_Elazığ_226151,87334,BİTİRİM SEDA,20.35,Y.ÇELİKBAŞ,21:30,2026-07-13 21:23:14,0.0573248407643312,6,0.0677867902665121,7,0.1542130365659777,10,0.1742209631728045,9,0.0398674350168763,0.1403303513607972,9.0,10.0
2026-07-13 21:25:34,2026-07-13,Bursa  (27. Y.G.),226139,20260713_Bursa_226139,108895,CHOSEN ONE,8.95,İ.GÜREKE,13:30,2026-07-13 21:23:24,0.0801393728222996,4,0.0810074880871341,2,0.1816160118606375,7,0.16359918200409,9,0.0768982508750568,0.2008391567413782,3.0,7.0
2026-07-13 21:25:34,2026-07-13,Bursa  (27. Y.G.),226139,20260713_Bursa_226139,110821,GOLDEN SAIL,3.85,N.AVCİ,13:30,2026-07-13 21:23:24,0.260586319218241,1,0.3434991974317817,1,0.5777400169923537,1,0.5993265993265994,1,0.3440032974840888,0.6473752393222432,1.0,1.0
2026-07-13 21:25:34,2026-07-13,Bursa  (27. Y.G.),226139,20260713_Bursa_226139,110492,YOU AND ME,7.65,T.YILDIZ,13:30,2026-07-13 21:23:24,0.0843672456575682,3,0.0544399821508255,6,0.4166666666666667,3,0.332258064516129,3,0.063158853451775,0.3535406990775798,5.0,4.0
2026-07-13 21:25:34,2026-07-13,Bursa  (27. Y.G.),226139,20260713_Bursa_226139,108155,ZEKİ REİS,2.65,V.ABİŞ,13:30,2026-07-13 21:23:24,0.1114070128717266,2,0.0810074880871341,3,0.4645844952593418,2,0.2940813810110974,4,0.1595707314530068,0.4753078545381582,2.0,2.0
2026-07-13 21:25:34,2026-07-13,Bursa  (27. Y.G.),226139,20260713_Bursa_226139,108524,LUPIN,9.6,A.İNCİ,13:30,2026-07-13 21:23:24,0.066610455311973,5,0.0677867902665121,4,0.2987197724039829,6,0.2049180327868852,7,0.064898621481915,0.2289621415702906,4.0,6.0
2026-07-13 21:25:34,2026-07-13,Bursa  (27. Y.G.),226139,20260713_Bursa_226139,110450,LITTLE BATTLER,23.2,Ö.F.ÖZEN,13:30,2026-07-13 21:23:24,0.0248587570621468,9,0.0544399821508255,7,0.1542130365659777,9,0.1998779371376259,8,0.0335061141032264,0.1548562117749626,8.0,9.0
2026-07-13 21:25:34,2026-07-13,Bursa  (27. Y.G.),226139,20260713_Bursa_226139,111576,BLUEBACK,36.4,R.KETME,13:30,2026-07-13 21:23:24,0.0383428823270163,7,0.0677867902665121,5,0.1816160118606375,8,0.2542483660130719,6,0.0306684701375174,0.1551427450506231,9.0,8.0
2026-07-13 21:25:34,2026-07-13,Bursa  (27. Y.G.),226139,20260713_Bursa_226139,110153,SHADOW MASTER,20.65,O.YILDIZ,13:30,2026-07-13 21:23:24,0.0323353293413173,8,0.0544399821508255,8,0.3286219081272085,5,0.3637484586929716,2,0.0357787157637442,0.2643326633408238,7.0,5.0
2026-07-13 21:25:34,2026-07-13,Bursa  (27. Y.G.),226139,20260713_Bursa_226139,112700,SOSAN,6.0,MAH.TURAN,13:30,2026-07-13 21:23:24,0.0580793559516963,6,0.0415282392026578,9,0.3775100401606426,4,0.2940813810110974,5,0.0601429353776301,0.3542694335412061,6.0,3.0
2026-07-13 21:25:34,2026-07-13,Bursa  (27. Y.G.),226139,20260713_Bursa_226139,107872,HUAYRA,40.35,C.PASO,13:30,2026-07-13 21:23:24,0.0080500894454382,10,0.0193905817174515,10,0.1229508196721311,10,0.16359918200409,10,0.0114643082139251,0.1035214879554052,11.0,10.0
2026-07-13 21:25:34,2026-07-13,Bursa  (27. Y.G.),226139,20260713_Bursa_226139,110980,GONE WITH STORM,22.2,O.ATMACA,13:30,2026-07-13 21:23:24,0.0058699225170227,11,0.0193905817174515,11,0.0462107208872458,11,0.0655629139072847,11,0.0161223379524867,0.0681092759077254,10.0,11.0
2026-07-13 21:25:34,2026-07-13,Bursa  (27. Y.G.),226133,20260713_Bursa_226133,113492,KÖSTENCELİ BEY,1.5,T.ALICI,14:00,2026-07-13 21:23:24,0.2276785714285714,1,0.0878712871287129,4,0.5777400169923537,1,0.4035087719298246,2,0.2547561840620334,0.6724398524131896,1.0,1.0
2026-07-13 21:25:34,2026-07-13,Bursa  (27. Y.G.),226133,20260713_Bursa_226133,114269,BABA GİRAY,11.4,N.AVCİ,14:00,2026-07-13 21:23:24,0.0383428823270163,4,0.0920306768922974,2,0.2233502538071066,4,0.2940813810110974,4,0.0737236583608756,0.2790648498348611,4.0,4.0
2026-07-13 21:25:34,2026-07-13,Bursa  (27. Y.G.),226133,20260713_Bursa_226133,112787,DERNIERE STAR,21.2,O.EREN,14:00,2026-07-13 21:23:24,0.0248587570621468,8,0.0251379521765787,8,0.096078431372549,9,0.1048076923076923,9,0.0200087664353969,0.0986386270142515,9.0,9.0
2026-07-13 21:25:34,2026-07-13,Bursa  (27. Y.G.),226133,20260713_Bursa_226133,118058,HAYIRLI EVLAT,30.35,MAH.TURAN,14:00,2026-07-13 21:23:24,0.0383428823270163,5,0.0920306768922974,3,0.1542130365659777,5,0.2940813810110974,5,0.0428118244010221,0.189397241019864,5.0,5.0
2026-07-13 21:25:34,2026-07-13,Bursa  (27. Y.G.),226133,20260713_Bursa_226133,115381,İZOL ASLANI,30.35,A.İNCİ,14:00,2026-07-13 21:23:24,0.0383428823270163,6,0.0878712871287129,5,0.1318681318681319,6,0.2693370165745856,6,0.041326743329294,0.1758604744074682,6.0,6.0
2026-07-13 21:25:34,2026-07-13,Bursa  (27. Y.G.),226133,20260713_Bursa_226133,113429,LAMPO NERO,6.85,M.M.BİLGİN,14:00,2026-07-13 21:23:24,0.1347190146266358,2,0.1981721981721981,1,0.4123931623931623,2,0.4493670886075948,1,0.1721728791276025,0.4562729134990128,2.0,2.0
2026-07-13 21:25:34,2026-07-13,Bursa  (27. Y.G.),226133,20260713_Bursa_226133,113066,ŞEVRAN,43.9,D.KONUK,14:00,2026-07-13 21:23:24,0.0194099378881987,10,0.0251379521765787,9,0.0462107208872458,10,0.0655629139072847,10,0.0132241432530632,0.0492244864150144,10.0,10.0
2026-07-13 21:25:34,2026-07-13,Bursa  (27. Y.G.),226133,20260713_Bursa_226133,113866,VICTORY MARIA,4.7,E.ÇANKAYA,14:00,2026-07-13 21:23:24,0.0801393728222996,3,0.07007007007007,6,0.3286219081272085,3,0.3395860284605432,3,0.1009393618650079,0.4247449589308264,3.0,3.0
2026-07-13 21:25:34,2026-07-13,Bursa  (27. Y.G.),226133,20260713_Bursa_226133,113544,AZA KOP,25.4,Y.GÖKÇE,14:00,2026-07-13 21:23:24,0.0383428823270163,7,0.0415282392026578,7,0.1246105919003115,8,0.1191588785046729,7,0.0260753192732216,0.0999700436231388,7.0,8.0
2026-07-13 21:25:34,2026-07-13,Bursa  (27. Y.G.),226133,20260713_Bursa_226133,113956,TATLI AKYÜZ,20.1,N.ŞEN,14:00,2026-07-13 21:23:24,0.0247191011235955,9,0.0241333918385256,10,0.1318681318681319,7,0.1191588785046729,8,0.0200254682085042,0.1112537110055961,8.0,7.0
2026-07-13 21:25:34,2026-07-13,Bursa  (27. Y.G.),226149,20260713_Bursa_226149,103912,BAY UMUT,3.6,Ö.F.ÖZEN,14:30,2026-07-13 21:23:24,0.1781226903178122,1,0.1981721981721981,1,0.5692307692307693,1,0.4493670886075948,1,0.2418427279482054,0.5496551898297044,1.0,1.0
2026-07-13 21:25:34,2026-07-13,Bursa  (27. Y.G.),226149,20260713_Bursa_226149,105232,KOCATEPE,16.2,E.AKPINAR,14:30,2026-07-13 21:23:24,0.0580793559516963,5,0.0878712871287129,3,0.1816160118606375,7,0.2693370165745856,6,0.0585028794619615,0.2271679721538406,6.0,7.0
2026-07-13 21:25:34,2026-07-13,Bursa  (27. Y.G.),226149,20260713_Bursa_226149,95061,MOĞOLOĞLU,14.5,Y.GÖKÇE,14:30,2026-07-13 21:23:24,0.0688559322033898,4,0.0878712871287129,4,0.2206106870229007,5,0.278169014084507,4,0.0622293466016371,0.2434480647803782,5.0,5.0
2026-07-13 21:25:34,2026-07-13,Bursa  (27. Y.G.),226149,20260713_Bursa_226149,106958,KAPTAN ARAS,8.6,M.M.BİLGİN,14:30,2026-07-13 21:23:24,0.0323353293413173,7,0.036770921386306,7,0.2096969696969697,6,0.1998779371376259,7,0.0444455097078389,0.2353147887365592,7.0,6.0
2026-07-13 21:25:34,2026-07-13,Bursa  (27. Y.G.),226149,20260713_Bursa_226149,102798,HIZLI EREN,3.2,O.EREN,14:30,2026-07-13 21:23:24,0.1114070128717266,2,0.07007007007007,5,0.4702702702702703,2,0.3358954650269023,3,0.1279848049006042,0.4797938650298433,2.0,2.0
2026-07-13 21:25:34,2026-07-13,Bursa  (27. Y.G.),226149,20260713_Bursa_226149,103319,İKİGAİ,9.05,M.BAĞ,14:30,2026-07-13 21:23:24,0.05,6,0.07007007007007,6,0.3286219081272085,3,0.278169014084507,5,0.0687325663879581,0.2922194217516531,4.0,4.0
2026-07-13 21:25:34,2026-07-13,Bursa  (27. Y.G.),226149,20260713_Bursa_226149,95506,ŞEHNAZ LONGA,14.8,MAH.TURAN,14:30,2026-07-13 21:23:24,0.0247191011235955,9,0.036770921386306,8,0.1542130365659777,8,0.1838487972508591,8,0.0324157778591759,0.1761508280638481,8.0,8.0
2026-07-13 21:25:34,2026-07-13,Bursa  (27. Y.G.),226149,20260713_Bursa_226149,90354,BABA ZAMAN,9.85,N.AVCİ,14:30,2026-07-13 21:23:24,0.0967741935483871,3,0.1414812354699435,2,0.2987197724039829,4,0.3778801843317972,2,0.1100079842118084,0.3560203456781541,3.0,3.0
2026-07-13 21:25:34,2026-07-13,Bursa  (27. Y.G.),226149,20260713_Bursa_226149,104255,ÇAL BABA,45.7,M.TEKPETEK,14:30,2026-07-13 21:23:24,0.0080500894454382,11,0.0128205128205128,11,0.0247026532479414,10,0.0353535353535353,11,0.0078936974757765,0.0303714465241299,11.0,10.0
2026-07-13 21:25:34,2026-07-13,Bursa  (27. Y.G.),226149,20260713_Bursa_226149,101936,ÇÖL KRALİÇESİ,81.1,H.YOLAÇICI,14:30,2026-07-13 21:23:24,0.0058699225170227,12,0.0095541401273885,12,0.0132450331125827,12,0.0325149303251493,12,0.0046006745340332,0.0215724692426061,12.0,12.0
2026-07-13 21:25:34,2026-07-13,Bursa  (27. Y.G.),226149,20260713_Bursa_226149,104298,DENİZ TUTKUSU,5.55,O.ATMACA,14:30,2026-07-13 21:23:24,0.0248587570621468,8,0.015299026425591,10,0.1542130365659777,9,0.0754716981132075,9,0.0309854410608975,0.1461579736626672,9.0,9.0
2026-07-13 21:25:34,2026-07-13,Bursa  (27. Y.G.),226149,20260713_Bursa_226149,104161,SAHAFBEY,111.15,C.ALTUN,14:30,2026-07-13 21:23:24,0.0081008100810081,10,0.0272695892302381,9,0.0138026224982746,11,0.042016806722689,10,0.0083062490585321,0.0224438158303089,10.0,11.0
2026-07-13 21:25:34,2026-07-13,Bursa  (27. Y.G.),226140,20260713_Bursa_226140,89058,CIX LIFE,1.25,E.AKPINAR,15:00,2026-07-13 21:23:24,0.5333333333333333,1,0.36,1,0.8060781476121563,1,0.5993265993265994,1,0.6002273011837012,0.8150169510537189,1.0,1.0
2026-07-13 21:25:34,2026-07-13,Bursa  (27. Y.G.),226140,20260713_Bursa_226140,86186,ŞEN AKYÜZ,,N.ŞEN,15:00,2026-07-13 21:23:24,0.0127931769722814,7,0.036770921386306,6,0.096078431372549,8,0.2693370165745856,5,,,,
2026-07-13 21:25:34,2026-07-13,Bursa  (27. Y.G.),226140,20260713_Bursa_226140,89491,FORTUNELLO,18.2,R.KETME,15:00,2026-07-13 21:23:24,0.0081008100810081,8,0.0193905817174515,8,0.1542130365659777,5,0.1630546955624355,8,0.0178780651267037,0.145947715678323,6.0,6.0
2026-07-13 21:25:34,2026-07-13,Bursa  (27. Y.G.),226140,20260713_Bursa_226140,89084,KING OF THE NIGHT,7.4,V.ABİŞ,15:00,2026-07-13 21:23:24,0.1114070128717266,3,0.1685393258426966,4,0.4645844952593418,3,0.4780701754385965,3,0.1448959500487898,0.4642388502249045,4.0,3.0
2026-07-13 21:25:34,2026-07-13,Bursa  (27. Y.G.),226140,20260713_Bursa_226140,103326,ANGEL OF GOLD,4.95,N.AVCİ,15:00,2026-07-13 21:23:24,0.1343283582089552,2,0.2125714285714285,2,0.5202634245187439,2,0.5573394495412843,2,0.2126297333952692,0.5790413858503912,2.0,2.0
2026-07-13 21:25:34,2026-07-13,Bursa  (27. Y.G.),226140,20260713_Bursa_226140,96339,ULUBEY,26.8,Y.GÖKÇE,15:00,2026-07-13 21:23:24,0.0247191011235955,5,0.0415282392026578,5,0.1318681318681319,6,0.2049180327868852,6,0.0250130232759204,0.1471672108417714,5.0,5.0
2026-07-13 21:25:34,2026-07-13,Bursa  (27. Y.G.),226140,20260713_Bursa_226140,102838,MR MONK,9.65,A.YILDIZ,15:00,2026-07-13 21:23:24,0.1114070128717266,4,0.2125714285714285,3,0.3775100401606426,4,0.3395860284605432,4,0.1504101925775719,0.3284906004149785,3.0,4.0
2026-07-13 21:25:34,2026-07-13,Bursa  (27. Y.G.),226140,20260713_Bursa_226140,105558,RICARDO,31.3,A.İNCİ,15:00,2026-07-13 21:23:24,0.0194099378881987,6,0.0272695892302381,7,0.1025641025641025,7,0.1998779371376259,7,0.0168144023938581,0.1348426133803656,7.0,7.0
2026-07-13 21:25:34,2026-07-13,Bursa  (27. Y.G.),226134,20260713_Bursa_226134,113138,ÇİLLİ CAFER,11.9,A.MEH.ALTIN,15:30,2026-07-13 21:23:24,0.043144424131627,6,0.0920306768922974,5,0.1542130365659777,6,0.2049180327868852,6,0.0714223908253405,0.2083151381365451,6.0,6.0
2026-07-13 21:25:34,2026-07-13,Bursa  (27. Y.G.),226134,20260713_Bursa_226134,113253,DARK RAMPART,14.85,C.PASO,15:30,2026-07-13 21:23:24,0.0323353293413173,7,0.0544399821508255,7,0.1318681318681319,8,0.1838487972508591,7,0.0428011834770395,0.1749741088858547,7.0,7.0
2026-07-13 21:25:34,2026-07-13,Bursa  (27. Y.G.),226134,20260713_Bursa_226134,115020,I LOVE SPEED,4.55,V.ABİŞ,15:30,2026-07-13 21:23:24,0.1556473829201102,2,0.1414812354699435,3,0.3441295546558704,3,0.3778801843317972,4,0.1670312432565919,0.4578827784900932,3.0,3.0
2026-07-13 21:25:34,2026-07-13,Bursa  (27. Y.G.),226134,20260713_Bursa_226134,118158,SMART SOSAN,53.3,E.ATLAMAZ,15:30,2026-07-13 21:23:24,0.0248587570621468,9,0.0544399821508255,8,0.0565623283909939,10,0.105865522174535,10,0.0208582092701233,0.064333228770087,10.0,10.0
2026-07-13 21:25:34,2026-07-13,Bursa  (27. Y.G.),226134,20260713_Bursa_226134,114516,SON CESİ,7.15,E.ÇANKAYA,15:30,2026-07-13 21:23:24,0.1114070128717266,3,0.2202283849918433,1,0.3286219081272085,4,0.5185185185185185,2,0.1810394767660251,0.4997372402574202,2.0,2.0
2026-07-13 21:25:34,2026-07-13,Bursa  (27. Y.G.),226134,20260713_Bursa_226134,114060,STORM CHASER,1.9,SAL.ÇELİK,15:30,2026-07-13 21:23:24,0.3164426059979317,1,0.2125714285714285,2,0.6938083121289228,1,0.638184245660881,1,0.3590959522220528,0.7699638742351009,1.0,1.0
2026-07-13 21:25:34,2026-07-13,Bursa  (27. Y.G.),226134,20260713_Bursa_226134,115264,TRUST MY POWER,13.25,Y.GÖKÇE,15:30,2026-07-13 21:23:24,0.0801393728222996,5,0.1414812354699435,4,0.2524357838795394,5,0.3821596244131455,3,0.0930515000653487,0.3224857069890837,4.0,5.0
2026-07-13 21:25:34,2026-07-13,Bursa  (27. Y.G.),226134,20260713_Bursa_226134,114736,BLUE ROYAL,18.45,C.ALTUN,15:30,2026-07-13 21:23:24,0.0323353293413173,8,0.036770921386306,9,0.1542130365659777,7,0.16359918200409,8,0.0283723180357879,0.1458286288532193,8.0,8.0
2026-07-13 21:25:34,2026-07-13,Bursa  (27. Y.G.),226134,20260713_Bursa_226134,113754,ÇİKOK FIRTINASI,16.05,T.YILDIZ,15:30,2026-07-13 21:23:24,0.0248587570621468,10,0.0272695892302381,10,0.1318681318681319,9,0.136432541687721,9,0.0247138724853532,0.1353885903636858,9.0,9.0
2026-07-13 21:25:34,2026-07-13,Bursa  (27. Y.G.),226134,20260713_Bursa_226134,113015,KRALİÇE NONİKA,9.2,M.KEÇECİ,15:30,2026-07-13 21:23:24,0.0928853754940711,4,0.0878712871287129,6,0.3798561151079136,2,0.3778801843317972,5,0.0797497592938662,0.3629277366947936,5.0,4.0
2026-07-13 21:25:34,2026-07-13,Bursa  (27. Y.G.),226150,20260713_Bursa_226150,99818,GÜZELNİSA,10.55,İ.GÜREKE,16:00,2026-07-13 21:23:24,0.0329004329004329,9,0.0544399821508255,5,0.2206106870229007,5,0.2940813810110974,1,0.0524518940629091,0.2874294150451085,6.0,2.0
2026-07-13 21:25:34,2026-07-13,Bursa  (27. Y.G.),226150,20260713_Bursa_226150,91962,EDİTÖR,25.55,Z.KARABULUT,16:00,2026-07-13 21:23:24,0.0194099378881987,10,0.0272695892302381,11,0.1457564575645756,9,0.1838487972508591,7,0.0190892223361682,0.1391556272265973,10.0,9.0
2026-07-13 21:25:34,2026-07-13,Bursa  (27. Y.G.),226150,20260713_Bursa_226150,103636,GENÇYÜREK,3.05,M.M.BİLGİN,16:00,2026-07-13 21:23:24,0.1114070128717266,2,0.2272727272727272,1,0.4123931623931623,1,0.2940813810110974,2,0.2902150677055043,0.4520558499268413,1.0,1.0
2026-07-13 21:25:34,2026-07-13,Bursa  (27. Y.G.),226150,20260713_Bursa_226150,88921,SULTANBEŞİR,14.45,R.KETME,16:00,2026-07-13 21:23:24,0.0573248407643312,5,0.0544399821508255,6,0.1816160118606375,8,0.1998779371376259,4,0.0438200450931731,0.1896099673504414,7.0,7.0
2026-07-13 21:25:34,2026-07-13,Bursa  (27. Y.G.),226150,20260713_Bursa_226150,106886,DEVAŞA,73.4,D.KONUK,16:00,2026-07-13 21:23:24,0.0058699225170227,13,0.0157342657342657,14,0.0247026532479414,15,0.0754716981132075,15,0.0070142518711704,0.0428682188396975,16.0,15.0
2026-07-13 21:25:34,2026-07-13,Bursa  (27. Y.G.),226150,20260713_Bursa_226150,106412,NURBANU SULTAN,44.35,Ö.F.ÖZEN,16:00,2026-07-13 21:23:24,0.0058699225170227,14,0.0272695892302381,12,0.071578947368421,11,0.136432541687721,11,0.0139600999577413,0.0859570592347749,13.0,12.0
2026-07-13 21:25:34,2026-07-13,Bursa  (27. Y.G.),226150,20260713_Bursa_226150,104006,AYCASA,16.1,M.KEÇECİ,16:00,2026-07-13 21:23:24,0.0383428823270163,7,0.0415282392026578,10,0.1229508196721311,10,0.1191588785046729,12,0.0337925164558181,0.1230881075973065,9.0,10.0
2026-07-13 21:25:34,2026-07-13,Bursa  (27. Y.G.),226150,20260713_Bursa_226150,112021,KUNKANGO,7.05,N.AVCİ,16:00,2026-07-13 21:23:24,0.0511111111111111,6,0.0666666666666666,4,0.2096969696969697,7,0.1742209631728045,9,0.0766654753455888,0.232506415254535,3.0,6.0
2026-07-13 21:25:34,2026-07-13,Bursa  (27. Y.G.),226150,20260713_Bursa_226150,104142,ARCADİA,9.15,E.BOZDAĞ,16:00,2026-07-13 21:23:24,0.1343283582089552,1,0.0878712871287129,2,0.2206106870229007,6,0.1191588785046729,13,0.080634144576909,0.1589865589529052,2.0,8.0
2026-07-13 21:25:34,2026-07-13,Bursa  (27. Y.G.),226150,20260713_Bursa_226150,102639,HANENKIZ,42.2,Y.E.YÜKSEL,16:00,2026-07-13 21:23:24,0.0080500894454382,12,0.0128205128205128,15,0.0138026224982746,16,0.0325149303251493,16,0.0082684273027612,0.0296931898637103,15.0,16.0
2026-07-13 21:25:34,2026-07-13,Bursa  (27. Y.G.),226150,20260713_Bursa_226150,104580,GÜLEYCANOĞLU,7.75,A.İNCİ,16:00,2026-07-13 21:23:24,0.0801393728222996,4,0.07007007007007,3,0.2987197724039829,2,0.2049180327868852,3,0.0752176427603909,0.2501500170909055,4.0,3.0
2026-07-13 21:25:34,2026-07-13,Bursa  (27. Y.G.),226150,20260713_Bursa_226150,98154,ZIPKIN OSMAN,8.25,O.ATMACA,16:00,2026-07-13 21:23:24,0.1045197740112994,3,0.0544399821508255,7,0.2987197724039829,3,0.1998779371376259,5,0.0604722133046788,0.2395716419663938,5.0,4.0
2026-07-13 21:25:34,2026-07-13,Bursa  (27. Y.G.),226150,20260713_Bursa_226150,106910,DAĞ YONCASI,84.1,S.TIRPAN,16:00,2026-07-13 21:23:24,0.0058699225170227,15,0.0128205128205128,16,0.0119047619047619,17,0.0167364016736401,17,0.0055914471736578,0.0129177890251811,17.0,17.0
2026-07-13 21:25:34,2026-07-13,Bursa  (27. Y.G.),226150,20260713_Bursa_226150,107184,SUSUZKURT,65.55,E.ATLAMAZ,16:00,2026-07-13 21:23:24,0.0102622576966932,11,0.045021645021645,8,0.0595238095238095,12,0.1838487972508591,8,0.0162389490706597,0.0913970955318375,11.0,11.0
2026-07-13 21:25:34,2026-07-13,Bursa  (27. Y.G.),226150,20260713_Bursa_226150,103043,KORHANBEY,8.65,C.PASO,16:00,2026-07-13 21:23:24,0.0383428823270163,8,0.0272695892302381,13,0.2422145328719722,4,0.1998779371376259,6,0.0357642453310351,0.2349289197607167,8.0,5.0
2026-07-13 21:25:34,2026-07-13,Bursa  (27. Y.G.),226150,20260713_Bursa_226150,103424,JINIRAL,76.0,C.ALTUN,16:00,2026-07-13 21:23:24,0.0058699225170227,16,0.045021645021645,9,0.0462107208872458,14,0.1630546955624355,10,0.0149456524228392,0.0774010639581817,12.0,13.0
2026-07-13 21:25:34,2026-07-13,Bursa  (27. Y.G.),226150,20260713_Bursa_226150,96869,BAŞ AKTÖR,36.35,MAH.TURAN,16:00,2026-07-13 21:23:24,0.0058699225170227,17,0.0128205128205128,17,0.0565623283909939,13,0.0926216640502354,14,0.0090024026341163,0.0699285682398141,14.0,14.0
2026-07-13 21:25:34,2026-07-13,Bursa  (27. Y.G.),226147,20260713_Bursa_226147,104091,FROZEN LOVE,9.9,V.ABİŞ,16:30,2026-07-13 21:23:24,0.0688559322033898,5,0.2427184466019417,2,0.2987197724039829,5,0.5573394495412843,1,0.166506400261664,0.4864412197332447,3.0,4.0
2026-07-13 21:25:34,2026-07-13,Bursa  (27. Y.G.),226147,20260713_Bursa_226147,110932,HADİYE,3.3,M.M.BİLGİN,16:30,2026-07-13 21:23:24,0.1045197740112994,4,0.0878712871287129,4,0.4796573875802997,3,0.3821596244131455,3,0.1464965029965305,0.5123469347950789,4.0,2.0
2026-07-13 21:25:34,2026-07-13,Bursa  (27. Y.G.),226147,20260713_Bursa_226147,106843,ŞUKELA,4.9,SAL.ÇELİK,16:30,2026-07-13 21:23:24,0.1114070128717266,3,0.0878712871287129,5,0.4166666666666667,4,0.3395860284605432,4,0.1154006756928849,0.4187461423267848,5.0,5.0
2026-07-13 21:25:34,2026-07-13,Bursa  (27. Y.G.),226147,20260713_Bursa_226147,103958,GÜLERYÜZ,3.05,Ö.F.ÖZEN,16:30,2026-07-13 21:23:24,0.2455197132616487,1,0.1685393258426966,3,0.5777400169923537,1,0.3395860284605432,5,0.2378046362302437,0.4908295118279548,2.0,3.0
2026-07-13 21:25:34,2026-07-13,Bursa  (27. Y.G.),226147,20260713_Bursa_226147,102902,GÜMBÜRBERK,26.7,E.ÇANKAYA,16:30,2026-07-13 21:23:24,0.043144424131627,6,0.0878712871287129,6,0.2096969696969697,6,0.3395860284605432,6,0.0443595697738787,0.2256500103339064,6.0,6.0
2026-07-13 21:25:34,2026-07-13,Bursa  (27. Y.G.),226147,20260713_Bursa_226147,103592,PİRNUR,13.75,MAH.TURAN,16:30,2026-07-13 21:23:24,0.0194099378881987,9,0.0272695892302381,9,0.1599736668861093,7,0.1742209631728045,9,0.0272371867848835,0.1747630514705131,8.0,8.0
2026-07-13 21:25:34,2026-07-13,Bursa  (27. Y.G.),226147,20260713_Bursa_226147,106156,PRENSES MEHLİKA,53.95,A.İNCİ,16:30,2026-07-13 21:23:24,0.0248587570621468,8,0.0544399821508255,8,0.1246105919003115,9,0.2693370165745856,8,0.0208740244907563,0.1377147833923965,9.0,9.0
2026-07-13 21:25:34,2026-07-13,Bursa  (27. Y.G.),226147,20260713_Bursa_226147,107663,MAHÇİÇEK,20.55,N.ŞEN,16:30,2026-07-13 21:23:24,0.0058699225170227,11,0.0124031007751937,11,0.0462107208872458,11,0.0655629139072847,11,0.0121872298837736,0.0706767615106289,11.0,11.0
2026-07-13 21:25:34,2026-07-13,Bursa  (27. Y.G.),226147,20260713_Bursa_226147,103124,DEMRENİN KIZI,6.6,N.AVCİ,16:30,2026-07-13 21:23:24,0.1781226903178122,2,0.2954248366013072,1,0.5202634245187439,2,0.5573394495412843,2,0.2380091579128956,0.5415549595528879,1.0,1.0
2026-07-13 21:25:34,2026-07-13,Bursa  (27. Y.G.),226147,20260713_Bursa_226147,104295,GÜLÜMSE BİRAZ,23.6,Z.KARABULUT,16:30,2026-07-13 21:23:24,0.0337078651685393,7,0.0677867902665121,7,0.1599736668861093,8,0.2940813810110974,7,0.0390787264872233,0.209773109656286,7.0,7.0
2026-07-13 21:25:34,2026-07-13,Bursa  (27. Y.G.),226147,20260713_Bursa_226147,104669,MÜRDÜN KIZ,31.9,O.ATMACA,16:30,2026-07-13 21:23:24,0.0115606936416184,10,0.0272695892302381,10,0.071578947368421,10,0.136432541687721,10,0.0168194722949967,0.0999057941031317,10.0,10.0
2026-07-13 21:25:34,2026-07-13,Bursa  (27. Y.G.),226146,20260713_Bursa_226146,116218,ALTINBORA,1.45,V.ABİŞ,17:00,2026-07-13 21:23:24,0.3778625954198473,1,0.2470214455917394,4,0.7454798331015299,1,0.5573394495412843,3,0.464023672556517,0.7712627478882037,1.0,1.0
2026-07-13 21:25:34,2026-07-13,Bursa  (27. Y.G.),226146,20260713_Bursa_226146,113259,DADAKBEY,21.65,N.AVCİ,17:00,2026-07-13 21:23:24,0.0580793559516963,6,0.2125714285714285,5,0.2096969696969697,6,0.5573394495412843,4,0.0997852328581493,0.386715247156648,6.0,6.0
2026-07-13 21:25:34,2026-07-13,Bursa  (27. Y.G.),226146,20260713_Bursa_226146,111832,ERGÜNEŞ,8.15,S.KAYA,17:00,2026-07-13 21:23:24,0.0928853754940711,4,0.2838283828382838,3,0.3795811518324607,3,0.5573394495412843,5,0.208207446550076,0.5129049132615139,4.0,4.0
2026-07-13 21:25:34,2026-07-13,Bursa  (27. Y.G.),226146,20260713_Bursa_226146,108560,KÖSE RECEP,13.05,A.YILDIZ,17:00,2026-07-13 21:23:24,0.0928853754940711,5,0.3434991974317817,2,0.2524357838795394,5,0.5767575322812053,2,0.1945398728880875,0.4648951269149555,5.0,5.0
2026-07-13 21:25:34,2026-07-13,Bursa  (27. Y.G.),226146,20260713_Bursa_226146,112522,STARŞAH,12.2,M.M.BİLGİN,17:00,2026-07-13 21:23:24,0.0967741935483871,3,0.36,1,0.3775100401606426,4,0.6603650586701434,1,0.2095046632606806,0.5394856687879153,3.0,3.0
2026-07-13 21:25:34,2026-07-13,Bursa  (27. Y.G.),226146,20260713_Bursa_226146,116217,URASEFE,54.45,C.ALTUN,17:00,2026-07-13 21:23:24,0.0194099378881987,8,0.0920306768922974,8,0.1201780415430267,8,0.4348659003831417,7,0.0310042985138298,0.2154584384910775,8.0,8.0
2026-07-13 21:25:34,2026-07-13,Bursa  (27. Y.G.),226146,20260713_Bursa_226146,111928,ÜSTÜNSOY,3.85,Ö.YILDIRIM,17:00,2026-07-13 21:23:24,0.2276785714285714,2,0.2125714285714285,6,0.5452538631346577,2,0.5573394495412843,6,0.24532100666854,0.6180440036240188,2.0,2.0
2026-07-13 21:25:34,2026-07-13,Bursa  (27. Y.G.),226146,20260713_Bursa_226146,112062,HAYDİ SEVDA,24.55,T.YILDIZ,17:00,2026-07-13 21:23:24,0.0383428823270163,7,0.1141304347826086,7,0.1816160118606375,7,0.3634615384615384,8,0.056821404092643,0.2475651114277042,7.0,7.0
2026-07-13 21:25:34,2026-07-13,Bursa  (27. Y.G.),226138,20260713_Bursa_226138,111025,BOUNDLESS POWER,20.45,A.YILDIZ,17:30,2026-07-13 21:23:24,0.0194099378881987,6,0.0415282392026578,6,0.14,6,0.1998779371376259,6,0.0293406975452603,0.1629460272627539,6.0,6.0
2026-07-13 21:25:34,2026-07-13,Bursa  (27. Y.G.),226138,20260713_Bursa_226138,108057,GOOD WIEW GLORY,3.4,E.ÇANKAYA,17:30,2026-07-13 21:23:24,0.2276785714285714,2,0.2470214455917394,2,0.6339113680154144,2,0.5767575322812053,2,0.2887771786875424,0.6481422204064764,2.0,2.0
2026-07-13 21:25:34,2026-07-13,Bursa  (27. Y.G.),226138,20260713_Bursa_226138,112148,HAS SERÇE,18.25,M.M.BİLGİN,17:30,2026-07-13 21:23:24,0.0625,4,0.1981721981721981,3,0.2524357838795394,5,0.5326923076923079,3,0.1025219289681283,0.3887850298170415,3.0,4.0
2026-07-13 21:25:34,2026-07-13,Bursa  (27. Y.G.),226138,20260713_Bursa_226138,108145,MISS CONQUEROR,9.1,Ö.YILDIRIM,17:30,2026-07-13 21:23:24,0.066610455311973,3,0.0878712871287129,4,0.4796573875802997,3,0.5313225058004639,4,0.0804803253962332,0.4771904228343899,5.0,3.0
2026-07-13 21:25:34,2026-07-13,Bursa  (27. Y.G.),226138,20260713_Bursa_226138,109254,MY CHAKRA,31.4,M.KEÇECİ,17:30,2026-07-13 21:23:24,0.0080500894454382,7,0.0241333918385256,7,0.0595238095238095,7,0.1630546955624355,7,0.0154461174761686,0.1151626251177706,7.0,7.0
2026-07-13 21:25:34,2026-07-13,Bursa  (27. Y.G.),226138,20260713_Bursa_226138,109169,TIZ A BELLA,8.3,V.ABİŞ,17:30,2026-07-13 21:23:24,0.0329004329004329,5,0.0878712871287129,5,0.3798561151079136,4,0.3821596244131455,5,0.0847795225787344,0.3796959786460028,4.0,5.0
2026-07-13 21:25:34,2026-07-13,Bursa  (27. Y.G.),226138,20260713_Bursa_226138,108285,WHITE WOLF,1.45,N.AVCİ,17:30,2026-07-13 21:23:24,0.4434250764525994,1,0.36,1,0.9166666666666666,1,0.7605396290050591,1,0.5584917453077624,0.8688880491780622,1.0,1.0
2026-07-13 21:25:34,2026-07-13,Bursa  (27. Y.G.),226145,20260713_Bursa_226145,102567,KİNG EDDİE,51.4,Y.E.YÜKSEL,18:00,2026-07-13 21:23:24,0.0102622576966932,13,0.0251379521765787,11,0.0247026532479414,17,0.0754716981132075,15,0.0120984008556764,0.0508083444750614,14.0,15.0
2026-07-13 21:25:34,2026-07-13,Bursa  (27. Y.G.),226145,20260713_Bursa_226145,109543,SMYRNA POWER,20.2,Ö.F.ÖZEN,18:00,2026-07-13 21:23:24,0.043144424131627,5,0.0920306768922974,2,0.1542130365659777,7,0.2049180327868852,4,0.0536487109064471,0.1676509772656901,5.0,7.0
2026-07-13 21:25:34,2026-07-13,Bursa  (27. Y.G.),226145,20260713_Bursa_226145,99828,FILIUS VENTUS,3.7,BERK.GÖKÇE,18:00,2026-07-13 21:23:24,0.066610455311973,2,0.045021645021645,5,0.3798561151079136,1,0.223516361619523,2,0.0861076825620334,0.3568289192041181,2.0,1.0
2026-07-13 21:25:34,2026-07-13,Bursa  (27. Y.G.),226145,20260713_Bursa_226145,100695,HELLBOY,79.95,F.HİM,18:00,2026-07-13 21:23:24,0.0058699225170227,15,0.0241333918385256,14,0.0247026532479414,18,0.0926216640502354,11,0.0091491082671001,0.0482165995261748,17.0,16.0
2026-07-13 21:25:34,2026-07-13,Bursa  (27. Y.G.),226145,20260713_Bursa_226145,102911,MAHSA,45.0,SAL.ÇELİK,18:00,2026-07-13 21:23:24,0.0194099378881987,11,0.036770921386306,8,0.0462107208872458,13,0.0926216640502354,12,0.0172623385317862,0.0632621244387713,12.0,13.0
2026-07-13 21:25:34,2026-07-13,Bursa  (27. Y.G.),226145,20260713_Bursa_226145,100450,ZUATANEYO,24.5,E.AKPINAR,18:00,2026-07-13 21:23:24,0.0102622576966932,14,0.015299026425591,17,0.071578947368421,12,0.0754716981132075,16,0.0128322241366283,0.0721922245503118,13.0,11.0
2026-07-13 21:25:34,2026-07-13,Bursa  (27. Y.G.),226145,20260713_Bursa_226145,107988,SYRENA,8.8,N.AVCİ,18:00,2026-07-13 21:23:24,0.0383428823270163,7,0.0677867902665121,4,0.2096969696969697,4,0.1998779371376259,6,0.068265692202675,0.2332827226647138,4.0,4.0
2026-07-13 21:25:34,2026-07-13,Bursa  (27. Y.G.),226145,20260713_Bursa_226145,109530,GHOST OF NIGHT,12.0,A.YILDIZ,18:00,2026-07-13 21:23:24,0.0967741935483871,1,0.1981721981721981,1,0.16,6,0.2542483660130719,1,0.1284113768971486,0.2451666067784991,1.0,3.0
2026-07-13 21:25:34,2026-07-13,Bursa  (27. Y.G.),226145,20260713_Bursa_226145,105036,GOLDEN APPLE,19.5,N.ŞEN,18:00,2026-07-13 21:23:24,0.0383428823270163,8,0.0272695892302381,10,0.1318681318681319,10,0.136432541687721,8,0.022279311328324,0.1248640704570208,9.0,10.0
2026-07-13 21:25:34,2026-07-13,Bursa  (27. Y.G.),226145,20260713_Bursa_226145,102462,GRAY EMPRESS,4.3,M.M.BİLGİN,18:00,2026-07-13 21:23:24,0.0580793559516963,3,0.045021645021645,6,0.2987197724039829,2,0.2049180327868852,5,0.0782445790705612,0.3181030843158253,3.0,2.0
2026-07-13 21:25:34,2026-07-13,Bursa  (27. Y.G.),226145,20260713_Bursa_226145,108123,RED SMOKE,17.8,Z.KARABULUT,18:00,2026-07-13 21:23:24,0.0248587570621468,10,0.0251379521765787,12,0.1457564575645756,9,0.136432541687721,9,0.0221267592074849,0.1300842009713481,10.0,8.0
2026-07-13 21:25:34,2026-07-13,Bursa  (27. Y.G.),226145,20260713_Bursa_226145,104516,YILDIZ MEYDANI,55.0,MAH.TURAN,18:00,2026-07-13 21:23:24,0.0051216389244558,19,0.0124031007751937,19,0.0247026532479414,19,0.0353535353535353,19,0.0069436990563879,0.0277797917766534,19.0,19.0
2026-07-13 21:25:34,2026-07-13,Bursa  (27. Y.G.),226145,20260713_Bursa_226145,98061,LORD OF NORTH,65.6,M.GÜNÇALDI,18:00,2026-07-13 21:23:24,0.0058699225170227,16,0.0102301790281329,20,0.0138026224982746,20,0.0167364016736401,20,0.0054598284048598,0.0145990753717974,20.0,20.0
2026-07-13 21:25:34,2026-07-13,Bursa  (27. Y.G.),226145,20260713_Bursa_226145,109599,APOLLON,46.45,R.KETME,18:00,2026-07-13 21:23:24,0.0580793559516963,4,0.0920306768922974,3,0.1542130365659777,8,0.223516361619523,3,0.0338352821087206,0.1253943376281467,8.0,9.0
2026-07-13 21:25:34,2026-07-13,Bursa  (27. Y.G.),226145,20260713_Bursa_226145,112257,VOODOO PEOPLE,40.55,Y.GÖKÇE,18:00,2026-07-13 21:23:24,0.0058699225170227,17,0.015299026425591,18,0.0462107208872458,14,0.0754716981132075,17,0.0096224133338377,0.0568675052026753,15.0,14.0
2026-07-13 21:25:34,2026-07-13,Bursa  (27. Y.G.),226145,20260713_Bursa_226145,104954,SECRET PATH,34.45,E.BOZDAĞ,18:00,2026-07-13 21:23:24,0.0194099378881987,12,0.036770921386306,9,0.0873108265424912,11,0.0926216640502354,13,0.0200702593281493,0.0717176944498553,11.0,12.0
2026-07-13 21:25:34,2026-07-13,Bursa  (27. Y.G.),226145,20260713_Bursa_226145,94358,ROTASIZ KAPTAN,8.75,H.YOLAÇICI,18:00,2026-07-13 21:23:24,0.0323353293413173,9,0.0415282392026578,7,0.2096969696969697,5,0.136432541687721,10,0.0480796482626991,0.1785023086048034,6.0,6.0
2026-07-13 21:25:34,2026-07-13,Bursa  (27. Y.G.),226145,20260713_Bursa_226145,103546,MAKA MAKA,88.7,C.ALTUN,18:00,2026-07-13 21:23:24,0.0051216389244558,20,0.0241333918385256,15,0.041860465116279,15,0.0926216640502354,14,0.0086286736319723,0.0458960731843158,18.0,17.0
2026-07-13 21:25:34,2026-07-13,Bursa  (27. Y.G.),226145,20260713_Bursa_226145,104803,MANTI SISTER,73.45,M.KEÇECİ,18:00,2026-07-13 21:23:24,0.0058699225170227,18,0.0241333918385256,16,0.0275590551181102,16,0.0655629139072847,18,0.0095973976375116,0.0384821432222549,16.0,18.0
2026-07-13 21:25:34,2026-07-13,Bursa  (27. Y.G.),226145,20260713_Bursa_226145,105806,BEBEĞİM OLDUN,7.25,A.İNCİ,18:00,2026-07-13 21:23:24,0.043144424131627,6,0.0251379521765787,13,0.2773584905660378,3,0.16359918200409,7,0.0375098000937334,0.2200020739611304,7.0,5.0
2026-07-14 21:25:41,2026-07-14,Kocaeli  (20. Y.G.),226153,20260714_Kocaeli_226153,107990,CALIFORNIA FIRE,1.9,M.M.BİLGİN,17:15,2026-07-14 21:23:15,0.0928853754940711,1,0.0544399821508255,3,0.3441295546558704,1,0.1191588785046729,6,0.155706475265417,0.3345282689916185,1.0,2.0
2026-07-14 21:25:41,2026-07-14,Kocaeli  (20. Y.G.),226153,20260714_Kocaeli_226153,109937,BORAN,7.45,Y.Ş.GÜMÜŞ,17:15,2026-07-14 21:23:15,0.0383428823270163,4,0.0241333918385256,8,0.2096969696969697,3,0.1048076923076923,7,0.0357450325301247,0.1592984122392196,6.0,6.0
2026-07-14 21:25:41,2026-07-14,Kocaeli  (20. Y.G.),226153,20260714_Kocaeli_226153,109616,EGEM,11.55,G.ÖZÇELİK,17:15,2026-07-14 21:23:15,0.0080500894454382,11,0.0128205128205128,11,0.0138026224982746,11,0.0325149303251493,11,0.0174452375393325,0.0560109069349119,9.0,9.0
2026-07-14 21:25:41,2026-07-14,Kocaeli  (20. Y.G.),226153,20260714_Kocaeli_226153,107731,IRON TEMPEST,11.5,E.AKPINAR,17:15,2026-07-14 21:23:15,0.0194099378881987,8,0.0157342657342657,10,0.08,8,0.0754985754985755,8,0.0202764360447724,0.1030355808789511,8.0,8.0
2026-07-14 21:25:41,2026-07-14,Kocaeli  (20. Y.G.),226153,20260714_Kocaeli_226153,111086,KING DESTINY,,M.A.AYDIN,17:15,2026-07-14 21:23:15,0.0329004329004329,5,0.0544399821508255,4,0.0462107208872458,10,0.0521861777150916,10,,,,
2026-07-14 21:25:41,2026-07-14,Kocaeli  (20. Y.G.),226153,20260714_Kocaeli_226153,108282,NEURO RUSH,10.4,S.ÖZEN,17:15,2026-07-14 21:23:15,0.0194099378881987,9,0.0666666666666666,2,0.1201780415430267,7,0.1838487972508591,3,0.0611496629464062,0.204516871107914,3.0,4.0
2026-07-14 21:25:41,2026-07-14,Kocaeli  (20. Y.G.),226153,20260714_Kocaeli_226153,109967,PRINCE VINCE,13.75,M.BAĞ,17:15,2026-07-14 21:23:15,0.0580793559516963,3,0.0677867902665121,1,0.1542130365659777,5,0.1630546955624355,4,0.0528333420875716,0.1661629227939894,4.0,5.0
2026-07-14 21:25:41,2026-07-14,Kocaeli  (20. Y.G.),226153,20260714_Kocaeli_226153,110664,BAHRİYELİ ÇİKOK,24.85,T.YILDIZ,17:15,2026-07-14 21:23:15,0.0323353293413173,6,0.0415282392026578,6,0.1246105919003115,6,0.1630546955624355,5,0.0263446365220861,0.1281003583768691,7.0,7.0
2026-07-14 21:25:41,2026-07-14,Kocaeli  (20. Y.G.),226153,20260714_Kocaeli_226153,109704,BLACK BLAZE,11.1,MAH.TURAN,17:15,2026-07-14 21:23:15,0.0312093628088426,7,0.036770921386306,7,0.1841779975278121,4,0.1998779371376259,2,0.03822967357059,0.2114547195638483,5.0,3.0
2026-07-14 21:25:41,2026-07-14,Kocaeli  (20. Y.G.),226153,20260714_Kocaeli_226153,110391,DALYA LİNA,5.25,S.TIRPAN,17:15,2026-07-14 21:23:15,0.0928853754940711,2,0.0544399821508255,5,0.3286219081272085,2,0.2542483660130719,1,0.0788643017572893,0.3374829885937785,2.0,1.0
2026-07-14 21:25:41,2026-07-14,Kocaeli  (20. Y.G.),226153,20260714_Kocaeli_226153,111137,REYWU,51.7,B.ÇETİN,17:15,2026-07-14 21:23:15,0.0194099378881987,10,0.0241333918385256,9,0.0565623283909939,9,0.0754985754985755,9,0.0116751147074413,0.0505809986676074,10.0,10.0
2026-07-14 21:25:41,2026-07-14,Kocaeli  (20. Y.G.),226158,20260714_Kocaeli_226158,115370,CRIMSON POWER,1.4,M.ÇELİK,17:45,2026-07-14 21:23:15,0.2455197132616487,1,0.1414812354699435,5,0.6377245508982036,2,0.5018867924528304,5,0.3528349966397665,0.7469685998693533,1.0,2.0
2026-07-14 21:25:41,2026-07-14,Kocaeli  (20. Y.G.),226158,20260714_Kocaeli_226158,115231,RULER MAN,7.35,M.M.BİLGİN,17:45,2026-07-14 21:23:15,0.1045197740112994,4,0.2954248366013072,2,0.5692307692307693,4,0.7605396290050591,2,0.2256741472062005,0.6882602303623024,3.0,3.0
2026-07-14 21:25:41,2026-07-14,Kocaeli  (20. Y.G.),226158,20260714_Kocaeli_226158,114073,SLUICIFER,4.4,S.ÖZEN,17:45,2026-07-14 21:23:15,0.158351409978308,3,0.1981721981721981,3,0.6339113680154144,3,0.5573394495412843,4,0.217121970818357,0.5982626332670913,4.0,4.0
2026-07-14 21:25:41,2026-07-14,Kocaeli  (20. Y.G.),226158,20260714_Kocaeli_226158,112959,SUPER LION,14.0,MAH.TURAN,17:45,2026-07-14 21:23:15,0.0580793559516963,5,0.1685393258426966,4,0.3798561151079136,5,0.6603650586701434,3,0.1040684319253957,0.5210049917261003,5.0,5.0
2026-07-14 21:25:41,2026-07-14,Kocaeli  (20. Y.G.),226158,20260714_Kocaeli_226158,114365,KING BALDWIN,5.2,MAHS.TURAN,17:45,2026-07-14 21:23:15,0.2276785714285714,2,0.36,1,0.6938083121289228,1,0.8092105263157895,1,0.3105099749968906,0.7687028688949759,2.0,1.0
2026-07-14 21:25:41,2026-07-14,Kocaeli  (20. Y.G.),226159,20260714_Kocaeli_226159,110459,BOB VALDES,11.65,A.MEH.ALTIN,18:30,2026-07-14 21:23:15,0.0323353293413173,6,0.0878712871287129,4,0.3286219081272085,6,0.5018867924528304,5,0.0701427146401044,0.4233727085697794,5.0,5.0
2026-07-14 21:25:41,2026-07-14,Kocaeli  (20. Y.G.),226159,20260714_Kocaeli_226159,109892,FIRE AT WILL,3.9,O.YILDIZ,18:30,2026-07-14 21:23:15,0.0967741935483871,3,0.0878712871287129,5,0.6339113680154144,2,0.5392857142857143,3,0.131767676067398,0.6021809486294198,3.0,2.0
2026-07-14 21:25:41,2026-07-14,Kocaeli  (20. Y.G.),226159,20260714_Kocaeli_226159,109748,ROCK FOR EVER,6.1,G.ÖZÇELİK,18:30,2026-07-14 21:23:15,0.0801393728222996,4,0.0920306768922974,3,0.4645844952593418,4,0.5392857142857143,4,0.1046376589892496,0.5382737091910426,4.0,3.0
2026-07-14 21:25:41,2026-07-14,Kocaeli  (20. Y.G.),226159,20260714_Kocaeli_226159,109914,DANCE OF WIND,15.15,T.YILDIZ,18:30,2026-07-14 21:23:15,0.0580793559516963,5,0.0677867902665121,6,0.3431952662721894,5,0.4493670886075948,6,0.0499531052199421,0.3537276831745736,6.0,6.0
2026-07-14 21:25:41,2026-07-14,Kocaeli  (20. Y.G.),226159,20260714_Kocaeli_226159,107834,SALONIKATOR,7.75,A.YILDIZ,18:30,2026-07-14 21:23:15,0.1556473829201102,2,0.2470214455917394,2,0.5202634245187439,3,0.5573394495412843,2,0.190564221524598,0.5186997825688978,2.0,4.0
2026-07-14 21:25:41,2026-07-14,Kocaeli  (20. Y.G.),226159,20260714_Kocaeli_226159,109714,TANER ABİ,1.55,M.M.BİLGİN,18:30,2026-07-14 21:23:15,0.3346938775510204,1,0.2954248366013072,1,0.7454798331015299,1,0.6506849315068494,1,0.4875577685644947,0.8073173802927838,1.0,1.0
2026-07-14 21:25:41,2026-07-14,Kocaeli  (20. Y.G.),226152,20260714_Kocaeli_226152,110754,LEGACY OF HENRY,3.6,E.AKPINAR,19:00,2026-07-14 21:23:15,0.1556473829201102,3,0.0878712871287129,2,0.3798561151079136,4,0.3395860284605432,2,0.1335869682146594,0.4547386409289328,3.0,2.0
2026-07-14 21:25:41,2026-07-14,Kocaeli  (20. Y.G.),226152,20260714_Kocaeli_226152,109929,KALORİMATİK,11.3,R.KETME,19:00,2026-07-14 21:23:15,0.0323353293413173,6,0.036770921386306,7,0.1841779975278121,5,0.2049180327868852,5,0.0365443832993986,0.2084898846377794,7.0,6.0
2026-07-14 21:25:41,2026-07-14,Kocaeli  (20. Y.G.),226152,20260714_Kocaeli_226152,111033,SENSEİ BAHA,14.25,M.M.BİLGİN,19:00,2026-07-14 21:23:15,0.0248587570621468,8,0.0677867902665121,3,0.1599736668861093,6,0.2693370165745856,3,0.0500612131925702,0.2332582102691621,5.0,5.0
2026-07-14 21:25:41,2026-07-14,Kocaeli  (20. Y.G.),226152,20260714_Kocaeli_226152,112198,BUSINESS,25.45,B.BEKTAŞ,19:00,2026-07-14 21:23:15,0.0282861896838602,7,0.036770921386306,8,0.096078431372549,8,0.1048076923076923,9,0.0229726555744886,0.0880229732440798,8.0,8.0
2026-07-14 21:25:41,2026-07-14,Kocaeli  (20. Y.G.),226152,20260714_Kocaeli_226152,111165,KING MAHİR,2.0,G.ÖZÇELİK,19:00,2026-07-14 21:23:15,0.1781226903178122,1,0.0677867902665121,4,0.4796573875802997,1,0.2693370165745856,4,0.1650880616261782,0.4920586418896073,1.0,1.0
2026-07-14 21:25:41,2026-07-14,Kocaeli  (20. Y.G.),226152,20260714_Kocaeli_226152,110954,RUS FARUK,12.55,B.ÇETİN,19:00,2026-07-14 21:23:15,0.0058699225170227,11,0.0054054054054054,11,0.041860465116279,11,0.0325149303251493,11,0.0085897491676354,0.0521709414370468,10.0,10.0
2026-07-14 21:25:41,2026-07-14,Kocaeli  (20. Y.G.),226152,20260714_Kocaeli_226152,109304,WINGED HUSSAR,12.1,B.AKÇAY,19:00,2026-07-14 21:23:15,0.0573248407643312,5,0.045021645021645,6,0.1542130365659777,7,0.1191588785046729,7,0.0406996328543479,0.1361143757240729,6.0,7.0
2026-07-14 21:25:41,2026-07-14,Kocaeli  (20. Y.G.),226152,20260714_Kocaeli_226152,109693,FINALLY IDYLL,,T.KERESTECİ,19:00,2026-07-14 21:23:15,0.0080500894454382,10,0.0193905817174515,10,0.0565623283909939,10,0.1191588785046729,8,,,,
2026-07-14 21:25:41,2026-07-14,Kocaeli  (20. Y.G.),226152,20260714_Kocaeli_226152,108989,MADORA,28.85,S.ÖZEN,19:00,2026-07-14 21:23:15,0.0248587570621468,9,0.036770921386306,9,0.0625,9,0.0655629139072847,10,0.0213985785830745,0.058345417576555,9.0,9.0
2026-07-14 21:25:41,2026-07-14,Kocaeli  (20. Y.G.),226152,20260714_Kocaeli_226152,110197,MANEKİ NEKO,8.9,A.YILDIZ,19:00,2026-07-14 21:23:15,0.1781226903178122,2,0.1981721981721981,1,0.4128440366972477,2,0.5018867924528304,1,0.1452137110315708,0.4510811777417982,2.0,3.0
2026-07-14 21:25:41,2026-07-14,Kocaeli  (20. Y.G.),226152,20260714_Kocaeli_226152,111070,PEANUT,7.1,BERK.GÖKÇE,19:00,2026-07-14 21:23:15,0.0928853754940711,4,0.0544399821508255,5,0.3861386138613861,3,0.1838487972508591,6,0.0635993085814672,0.2342194536992302,4.0,4.0
2026-07-14 21:25:41,2026-07-14,Kocaeli  (20. Y.G.),226161,20260714_Kocaeli_226161,103961,GEWRE,13.9,H.TURAN,19:30,2026-07-14 21:23:15,0.0312093628088426,7,0.0415282392026578,5,0.1542130365659777,7,0.16359918200409,6,0.0367039015548941,0.1658866671806254,6.0,6.0
2026-07-14 21:25:41,2026-07-14,Kocaeli  (20. Y.G.),226161,20260714_Kocaeli_226161,107545,KIVIRCIKKIZ,2.95,M.ÇELİK,19:30,2026-07-14 21:23:15,0.066610455311973,3,0.0415282392026578,6,0.4645844952593418,1,0.2940813810110974,2,0.0944741145659085,0.4570656293490295,1.0,1.0
2026-07-14 21:25:41,2026-07-14,Kocaeli  (20. Y.G.),226161,20260714_Kocaeli_226161,103714,BERANÇE,4.8,U.LEVENT,19:30,2026-07-14 21:23:15,0.043144424131627,6,0.0544399821508255,2,0.2987197724039829,4,0.2049180327868852,4,0.083353767842195,0.3038164217858512,3.0,3.0
2026-07-14 21:25:41,2026-07-14,Kocaeli  (20. Y.G.),226161,20260714_Kocaeli_226161,106170,LUNA,5.35,R.KETME,19:30,2026-07-14 21:23:15,0.0688559322033898,2,0.0677867902665121,1,0.3286219081272085,2,0.332258064516129,1,0.0911200436079395,0.4002942411650839,2.0,2.0
2026-07-14 21:25:41,2026-07-14,Kocaeli  (20. Y.G.),226161,20260714_Kocaeli_226161,103781,BERNAHANIM,32.55,R.YILDIZ,19:30,2026-07-14 21:23:15,0.0247191011235955,10,0.0193905817174515,10,0.0625,8,0.0655629139072847,9,0.0129428265398405,0.056714613278379,10.0,9.0
2026-07-14 21:25:41,2026-07-14,Kocaeli  (20. Y.G.),226161,20260714_Kocaeli_226161,111404,ANADOLU YAZI,9.4,M.BAĞ,19:30,2026-07-14 21:23:15,0.066610455311973,4,0.0272695892302381,7,0.1816160118606375,6,0.105865522174535,7,0.0339897915846554,0.1442432008653296,7.0,7.0
2026-07-14 21:25:41,2026-07-14,Kocaeli  (20. Y.G.),226161,20260714_Kocaeli_226161,111396,DEĞERBİLİR,7.25,E.AKPINAR,19:30,2026-07-14 21:23:15,0.0580793559516963,5,0.045021645021645,4,0.2773584905660378,5,0.2542483660130719,3,0.0568336648571963,0.2983380026376788,5.0,4.0
2026-07-14 21:25:41,2026-07-14,Kocaeli  (20. Y.G.),226161,20260714_Kocaeli_226161,108406,FIGHT FOR ME,37.3,İ.GÜN,19:30,2026-07-14 21:23:15,0.0248587570621468,8,0.0272695892302381,8,0.0565623283909939,9,0.0754985754985755,8,0.0153746234539274,0.0591037604439963,9.0,8.0
2026-07-14 21:25:41,2026-07-14,Kocaeli  (20. Y.G.),226161,20260714_Kocaeli_226161,106874,SIRTAŞI,32.65,B.ÇETİN,19:30,2026-07-14 21:23:15,0.0058699225170227,11,0.0047288310920644,12,0.0066225165562913,12,0.012301013024602,12,0.0046322375675517,0.016387062763161,12.0,12.0
2026-07-14 21:25:41,2026-07-14,Kocaeli  (20. Y.G.),226161,20260714_Kocaeli_226161,111418,KURTÇAKIZ,39.8,E.AVŞAR,19:30,2026-07-14 21:23:15,0.0058699225170227,12,0.0128205128205128,11,0.0462107208872458,10,0.0655629139072847,10,0.0085361184835638,0.0515260642673528,11.0,10.0
2026-07-14 21:25:41,2026-07-14,Kocaeli  (20. Y.G.),226161,20260714_Kocaeli_226161,106916,CİDE GÜLÜ,32.85,İ.GÜREKE,19:30,2026-07-14 21:23:15,0.0248587570621468,9,0.0251379521765787,9,0.0462107208872458,11,0.0521861777150916,11,0.0155662907943933,0.0476198270843289,8.0,11.0
2026-07-14 21:25:41,2026-07-14,Kocaeli  (20. Y.G.),226161,20260714_Kocaeli_226161,107227,YILDIZ SOY,6.8,M.TEKPETEK,19:30,2026-07-14 21:23:15,0.1114070128717266,1,0.0544399821508255,3,0.3286219081272085,3,0.1742209631728045,5,0.0676260753860901,0.2358319369358578,4.0,5.0
2026-07-14 21:25:41,2026-07-14,Kocaeli  (20. Y.G.),226154,20260714_Kocaeli_226154,109408,AYHABI,14.6,A.MEH.ALTIN,20:00,2026-07-14 21:23:15,0.0580793559516963,6,0.0878712871287129,1,0.1816160118606375,5,0.223516361619523,3,0.0619919238490789,0.205257909171752,6.0,5.0
2026-07-14 21:25:41,2026-07-14,Kocaeli  (20. Y.G.),226154,20260714_Kocaeli_226154,110462,BABA ZÜLKÜF,3.5,T.ALICI,20:00,2026-07-14 21:23:15,0.2276785714285714,1,0.0878712871287129,2,0.5202634245187439,1,0.223516361619523,4,0.1411541863037264,0.3645269642572837,2.0,2.0
2026-07-14 21:25:41,2026-07-14,Kocaeli  (20. Y.G.),226154,20260714_Kocaeli_226154,107865,CHİCO LOCO,6.5,G.ÖZÇELİK,20:00,2026-07-14 21:23:15,0.0883054892601432,4,0.07007007007007,5,0.3286219081272085,3,0.1998779371376259,5,0.0832149102877991,0.2640834303859388,3.0,4.0
2026-07-14 21:25:41,2026-07-14,Kocaeli  (20. Y.G.),226154,20260714_Kocaeli_226154,107985,HAÇOVALI,10.25,Z.KARABULUT,20:00,2026-07-14 21:23:15,0.0967741935483871,3,0.0878712871287129,3,0.1542130365659777,6,0.136432541687721,6,0.0755615257258494,0.1662475641889256,5.0,6.0
2026-07-14 21:25:41,2026-07-14,Kocaeli  (20. Y.G.),226154,20260714_Kocaeli_226154,108647,KUZU DAYI,33.45,E.AKPINAR,20:00,2026-07-14 21:23:15,0.0329004329004329,7,0.0544399821508255,7,0.1542130365659777,7,0.136432541687721,7,0.0272672487867918,0.097716397142481,7.0,7.0
2026-07-14 21:25:41,2026-07-14,Kocaeli  (20. Y.G.),226154,20260714_Kocaeli_226154,111052,ŞIBLE ŞAVKO,40.6,B.AKÇAY,20:00,2026-07-14 21:23:15,0.0051216389244558,11,0.0102301790281329,10,0.0138026224982746,11,0.0325149303251493,11,0.0071644271128395,0.0302317508368261,10.0,11.0
2026-07-14 21:25:41,2026-07-14,Kocaeli  (20. Y.G.),226154,20260714_Kocaeli_226154,112102,UMUTLU TAY,27.7,MAHS.TURAN,20:00,2026-07-14 21:23:15,0.0058699225170227,9,0.0128205128205128,9,0.0462107208872458,9,0.0754985754985755,8,0.0105052894991056,0.0680741907117288,9.0,8.0
2026-07-14 21:25:41,2026-07-14,Kocaeli  (20. Y.G.),226154,20260714_Kocaeli_226154,111142,MY HAZEL EYES,2.35,O.YILDIZ,20:00,2026-07-14 21:23:15,0.1781226903178122,2,0.0878712871287129,4,0.4796573875802997,2,0.4348659003831417,1,0.1822920275462944,0.6083366576917315,1.0,1.0
2026-07-14 21:25:41,2026-07-14,Kocaeli  (20. Y.G.),226154,20260714_Kocaeli_226154,110778,CRAZY RIVER,6.45,M.ÇELİK,20:00,2026-07-14 21:23:15,0.0688559322033898,5,0.0677867902665121,6,0.2773584905660378,4,0.2693370165745856,2,0.0816356266213008,0.3247446148382132,4.0,3.0
2026-07-14 21:25:41,2026-07-14,Kocaeli  (20. Y.G.),226154,20260714_Kocaeli_226154,109466,GIPSY THUNDER,25.05,M.TEKPETEK,20:00,2026-07-14 21:23:15,0.0194099378881987,8,0.0193905817174515,8,0.096078431372549,8,0.0655629139072847,9,0.0150373859593429,0.0642786745243444,8.0,9.0
2026-07-14 21:25:41,2026-07-14,Kocaeli  (20. Y.G.),226154,20260714_Kocaeli_226154,108323,HAIL TO PRINCESS,42.6,R.KETME,20:00,2026-07-14 21:23:15,0.0058699225170227,10,0.0047288310920644,11,0.0462107208872458,10,0.0521861777150916,10,0.0039791988435128,0.0420350375556886,11.0,10.0
2026-07-14 21:25:41,2026-07-14,Kocaeli  (20. Y.G.),226160,20260714_Kocaeli_226160,100453,CROWNED,,M.A.AYDIN,20:30,2026-07-14 21:23:15,0.0194099378881987,8,0.036770921386306,6,0.0565623283909939,9,0.136432541687721,7,,,,
2026-07-14 21:25:41,2026-07-14,Kocaeli  (20. Y.G.),226160,20260714_Kocaeli_226160,104043,IRON LION,5.75,BERK.GÖKÇE,20:30,2026-07-14 21:23:15,0.0248587570621468,7,0.0193905817174515,9,0.1599736668861093,5,0.1048076923076923,9,0.0358246663972677,0.1795554470248612,5.0,5.0
2026-07-14 21:25:41,2026-07-14,Kocaeli  (20. Y.G.),226160,20260714_Kocaeli_226160,106235,KUZEY EFESİ,2.3,A.YILDIZ,20:30,2026-07-14 21:23:15,0.1114070128717266,3,0.045021645021645,5,0.4796573875802997,3,0.278169014084507,3,0.1188268740105888,0.4853044711866252,3.0,3.0
2026-07-14 21:25:41,2026-07-14,Kocaeli  (20. Y.G.),226160,20260714_Kocaeli_226160,99099,THRACE FEVER,3.35,M.M.BİLGİN,20:30,2026-07-14 21:23:15,0.1781226903178122,2,0.1414812354699435,2,0.5777400169923537,1,0.5018867924528304,1,0.1999191037500993,0.5984750811189998,2.0,1.0
2026-07-14 21:25:41,2026-07-14,Kocaeli  (20. Y.G.),226160,20260714_Kocaeli_226160,110565,BIÇKIDERELİ EGE,16.05,T.YILDIZ,20:30,2026-07-14 21:23:15,0.0580793559516963,4,0.07007007007007,3,0.2524357838795394,4,0.2693370165745856,4,0.0496092464958907,0.2277663895591907,4.0,4.0
2026-07-14 21:25:41,2026-07-14,Kocaeli  (20. Y.G.),226160,20260714_Kocaeli_226160,86847,BEST OF ROCK,28.05,GÖK.BEKTAŞ,20:30,2026-07-14 21:23:15,0.0383428823270163,5,0.0251379521765787,8,0.1599736668861093,6,0.1998779371376259,5,0.0170105395120048,0.142414864840266,7.0,6.0
2026-07-14 21:25:41,2026-07-14,Kocaeli  (20. Y.G.),226160,20260714_Kocaeli_226160,103976,KUPA AVCISI,4.05,MAH.TURAN,20:30,2026-07-14 21:23:15,0.2276785714285714,1,0.1981721981721981,1,0.5452538631346577,2,0.5018867924528304,2,0.2266976026686626,0.5699367205971594,1.0,2.0
2026-07-14 21:25:41,2026-07-14,Kocaeli  (20. Y.G.),226160,20260714_Kocaeli_226160,104020,ALASER,28.6,S.TIRPAN,20:30,2026-07-14 21:23:15,0.0383428823270163,6,0.0544399821508255,4,0.1542130365659777,7,0.1838487972508591,6,0.029727841524527,0.1321688499487973,6.0,7.0
2026-07-14 21:25:41,2026-07-14,Kocaeli  (20. Y.G.),226160,20260714_Kocaeli_226160,103165,KATANA BOY,24.55,C.TEPE,20:30,2026-07-14 21:23:15,0.0102622576966932,10,0.0128205128205128,10,0.071578947368421,8,0.105865522174535,8,0.0112415936158178,0.0926887504117181,9.0,8.0
2026-07-14 21:25:41,2026-07-14,Kocaeli  (20. Y.G.),226160,20260714_Kocaeli_226160,100223,SANS PAREİL,62.05,R.YILDIZ,20:30,2026-07-14 21:23:15,0.0194099378881987,9,0.0272695892302381,7,0.0462107208872458,10,0.1048076923076923,10,0.0115184679309122,0.0597040766253618,8.0,9.0
2026-07-14 21:25:41,2026-07-14,Kocaeli  (20. Y.G.),226169,20260714_Kocaeli_226169,106620,MEGAFAUNA,5.1,R.KETME,21:00,2026-07-14 21:23:15,0.0580793559516963,6,0.0241333918385256,7,0.2206106870229007,6,0.1630546955624355,7,0.0451609951432971,0.254935801710821,6.0,6.0
2026-07-14 21:25:41,2026-07-14,Kocaeli  (20. Y.G.),226169,20260714_Kocaeli_226169,103830,KÜÇÜK EYYÜP,6.6,O.GÖKÇE,21:00,2026-07-14 21:23:15,0.2455197132616487,3,0.2919896640826874,3,0.5202634245187439,3,0.5714285714285714,3,0.2355080289539651,0.5516883721582071,4.0,4.0
2026-07-14 21:25:41,2026-07-14,Kocaeli  (20. Y.G.),226169,20260714_Kocaeli_226169,103372,OĞUL ÇINAR,9.0,O.YILDIZ,21:00,2026-07-14 21:23:15,0.1114070128717266,5,0.1981721981721981,5,0.3775100401606426,5,0.4348659003831417,5,0.1489959995715997,0.4085940574419216,5.0,5.0
2026-07-14 21:25:41,2026-07-14,Kocaeli  (20. Y.G.),226169,20260714_Kocaeli_226169,111390,YERDENİZ,40.4,A.MEH.ALTIN,21:00,2026-07-14 21:23:15,0.0194099378881987,7,0.0415282392026578,6,0.0873108265424912,7,0.1998779371376259,6,0.0200313650374017,0.1214095695384751,7.0,7.0
2026-07-14 21:25:41,2026-07-14,Kocaeli  (20. Y.G.),226169,20260714_Kocaeli_226169,108064,ŞANKUT HATUN,3.3,E.AKPINAR,21:00,2026-07-14 21:23:15,0.3164426059979317,2,0.2125714285714285,4,0.6538461538461539,2,0.5185185185185185,4,0.2655771245893467,0.61270872457588,2.0,2.0
2026-07-14 21:25:41,2026-07-14,Kocaeli  (20. Y.G.),226169,20260714_Kocaeli_226169,107566,KARAKTERLİ,2.85,M.M.BİLGİN,21:00,2026-07-14 21:23:15,0.3346938775510204,1,0.3434991974317817,1,0.6816608996539792,1,0.6052631578947367,2,0.394598388151674,0.6934705802586993,1.0,1.0
2026-07-14 21:25:41,2026-07-14,Kocaeli  (20. Y.G.),226169,20260714_Kocaeli_226169,108362,SUSADIM,45.55,B.ÇETİN,21:00,2026-07-14 21:23:15,0.0058699225170227,9,0.0102301790281329,9,0.0138026224982746,9,0.0325149303251493,9,0.0067033501811258,0.0285581775891386,9.0,9.0
2026-07-14 21:25:41,2026-07-14,Kocaeli  (20. Y.G.),226169,20260714_Kocaeli_226169,104423,KÜLÜNÇE BEYİ,8.15,A.YILDIZ,21:00,2026-07-14 21:23:15,0.158351409978308,4,0.3434991974317817,2,0.4049079754601227,4,0.6603650586701434,1,0.2428163065364923,0.5917511558708823,3.0,3.0
2026-07-14 21:25:41,2026-07-14,Kocaeli  (20. Y.G.),226169,20260714_Kocaeli_226169,102896,TEKFORD ACL,24.25,G.ÖZÇELİK,21:00,2026-07-14 21:23:15,0.0080500894454382,8,0.0128205128205128,8,0.0462107208872458,8,0.0655629139072847,8,0.0113282453273406,0.0652278380419786,8.0,8.0
2026-07-14 21:25:41,2026-07-14,Kocaeli  (20. Y.G.),226169,20260714_Kocaeli_226169,107111,KARŞIYAKALI PİRENURİ,52.05,İ.GÜN,21:00,2026-07-14 21:23:15,0.0051216389244558,10,0.0047288310920644,10,0.0066225165562913,10,0.012301013024602,10,0.0035457556067055,0.0129987236511079,10.0,10.0
2026-07-14 21:25:41,2026-07-14,Kocaeli  (20. Y.G.),226162,20260714_Kocaeli_226162,94947,SER ŞÖVALYE,24.05,BERK.GÖKÇE,21:30,2026-07-14 21:23:15,0.0127931769722814,12,0.0272695892302381,10,0.1457564575645756,9,0.1838487972508591,8,0.0197418421641571,0.142791894411194,12.0,10.0
2026-07-14 21:25:41,2026-07-14,Kocaeli  (20. Y.G.),226162,20260714_Kocaeli_226162,102097,BEDOBEY,24.6,A.MEH.ALTIN,21:30,2026-07-14 21:23:15,0.0329004329004329,5,0.045021645021645,7,0.1457564575645756,10,0.1998779371376259,3,0.0281604425806997,0.1509558541722258,9.0,8.0
2026-07-14 21:25:41,2026-07-14,Kocaeli  (20. Y.G.),226162,20260714_Kocaeli_226162,107516,KAZDAĞI EFESİ,2.15,R.KETME,21:30,2026-07-14 21:23:15,0.1114070128717266,1,0.0251379521765787,11,0.3795811518324607,2,0.1191588785046729,10,0.0846028995378035,0.3137435141501062,3.0,2.0
2026-07-14 21:25:41,2026-07-14,Kocaeli  (20. Y.G.),226162,20260714_Kocaeli_226162,112167,ALSAKİB,7.15,O.YILDIZ,21:30,2026-07-14 21:23:15,0.0323353293413173,6,0.0878712871287129,1,0.2206106870229007,4,0.1998779371376259,4,0.092671771054375,0.2539667713694936,1.0,4.0
2026-07-14 21:25:41,2026-07-14,Kocaeli  (20. Y.G.),226162,20260714_Kocaeli_226162,102435,SEMENDİN GÜCÜ,31.0,B.AKÇAY,21:30,2026-07-14 21:23:15,0.0248587570621468,7,0.0544399821508255,4,0.096078431372549,11,0.16359918200409,9,0.0284607838416746,0.1165090425948487,8.0,11.0
2026-07-14 21:25:41,2026-07-14,Kocaeli  (20. Y.G.),226162,20260714_Kocaeli_226162,101866,ASIL OĞUL,26.0,İ.GÜREKE,21:30,2026-07-14 21:23:15,0.0183246073298429,11,0.036770921386306,8,0.1599736668861093,7,0.1998779371376259,5,0.0235113157579662,0.1473806524839331,11.0,9.0
2026-07-14 21:25:41,2026-07-14,Kocaeli  (20. Y.G.),226162,20260714_Kocaeli_226162,91090,UÇAN KAFKASLI,14.05,Z.KARABULUT,21:30,2026-07-14 21:23:15,0.0194099378881987,8,0.036770921386306,9,0.2096969696969697,5,0.1998779371376259,6,0.0334054834416741,0.1917441892420581,6.0,6.0
2026-07-14 21:25:41,2026-07-14,Kocaeli  (20. Y.G.),226162,20260714_Kocaeli_226162,97089,AKYEL ABİ,10.45,M.BAĞ,21:30,2026-07-14 21:23:15,0.0194099378881987,9,0.0241333918385256,12,0.1816160118606375,6,0.1998779371376259,7,0.0292560845970668,0.2170633704690064,7.0,5.0
2026-07-14 21:25:41,2026-07-14,Kocaeli  (20. Y.G.),226162,20260714_Kocaeli_226162,102428,RÜZGARSU,6.95,A.YILDIZ,21:30,2026-07-14 21:23:15,0.0580793559516963,3,0.0810074880871341,2,0.4298245614035088,1,0.3821989528795811,1,0.0888330842748933,0.4038398965904652,2.0,1.0
2026-07-14 21:25:41,2026-07-14,Kocaeli  (20. Y.G.),226162,20260714_Kocaeli_226162,117061,GÜMBÜR ŞAH,8.6,M.M.BİLGİN,21:30,2026-07-14 21:23:15,0.043144424131627,4,0.0544399821508255,5,0.1599736668861093,8,0.1191588785046729,11,0.0589750088167343,0.1633947855868265,5.0,7.0
2026-07-14 21:25:41,2026-07-14,Kocaeli  (20. Y.G.),226162,20260714_Kocaeli_226162,96129,ZENG,9.6,MAH.TURAN,21:30,2026-07-14 21:23:15,0.1045197740112994,2,0.0677867902665121,3,0.3441295546558704,3,0.2542483660130719,2,0.0648812552869281,0.2675678059764113,4.0,3.0
2026-07-14 21:25:41,2026-07-14,Kocaeli  (20. Y.G.),226162,20260714_Kocaeli_226162,105647,BABA SELAH,32.6,A.ASLAN,21:30,2026-07-14 21:23:15,0.0194099378881987,10,0.0544399821508255,6,0.096078431372549,12,0.105865522174535,12,0.027668150428689,0.0813913239459495,10.0,12.0
2026-07-14 21:25:41,2026-07-14,Kocaeli  (20. Y.G.),226162,20260714_Kocaeli_226162,105200,FIRTINADAN DOĞAN,49.9,S.TIRPAN,21:30,2026-07-14 21:23:15,0.0058699225170227,13,0.0128205128205128,13,0.0247026532479414,13,0.0521861777150916,13,0.0075101082084638,0.0389562401297011,13.0,13.0
2026-07-14 21:25:41,2026-07-14,Ankara  (37. Y.G.),226157,20260714_Ankara_226157,114038,BEL MOUNT,25.25,F.R.BEBEK,14:00,2026-07-14 21:23:24,0.0282861896838602,7,0.0544399821508255,5,0.1318681318681319,7,0.1742209631728045,8,0.0318073736115589,0.1336120127868695,7.0,7.0
2026-07-14 21:25:41,2026-07-14,Ankara  (37. Y.G.),226157,20260714_Ankara_226157,114790,EQUAL GOLD,5.0,A.KURŞUN,14:00,2026-07-14 21:23:24,0.1556473829201102,2,0.1981721981721981,1,0.4645844952593418,2,0.4232209737827715,1,0.2022427377633057,0.4798116465706588,2.0,2.0
2026-07-14 21:25:41,2026-07-14,Ankara  (37. Y.G.),226157,20260714_Ankara_226157,113420,LA JOYA,,O.YILMAZ,14:00,2026-07-14 21:23:24,0.0248587570621468,8,0.0662251655629139,4,0.096078431372549,8,0.2693370165745856,4,,,,
2026-07-14 21:25:41,2026-07-14,Ankara  (37. Y.G.),226157,20260714_Ankara_226157,113831,LAGIOIA,13.05,M.N.SUNKAR,14:00,2026-07-14 21:23:24,0.0312093628088426,6,0.0415282392026578,9,0.16,6,0.1998779371376259,6,0.0379228912777457,0.1971905587046415,6.0,6.0
2026-07-14 21:25:41,2026-07-14,Ankara  (37. Y.G.),226157,20260714_Ankara_226157,114332,MISS DEVRAN,14.6,E.ÇİZİK,14:00,2026-07-14 21:23:24,0.0511111111111111,4,0.0920306768922974,2,0.2096969696969697,4,0.3395860284605432,2,0.0639193788661015,0.283485574540216,4.0,4.0
2026-07-14 21:25:41,2026-07-14,Ankara  (37. Y.G.),226157,20260714_Ankara_226157,112919,MISSBANG,10.0,SAL.ÇELİK,14:00,2026-07-14 21:23:24,0.043144424131627,5,0.045021645021645,7,0.2096969696969697,5,0.1998779371376259,7,0.0468976120620824,0.2204049884130021,5.0,5.0
2026-07-14 21:25:41,2026-07-14,Ankara  (37. Y.G.),226157,20260714_Ankara_226157,113367,O BİR VAHŞİ,4.55,MÜS.ÇELİK,14:00,2026-07-14 21:23:24,0.0688559322033898,3,0.0544399821508255,6,0.3286219081272085,3,0.2542483660130719,5,0.0858068234692208,0.355716931645091,3.0,3.0
2026-07-14 21:25:41,2026-07-14,Ankara  (37. Y.G.),226157,20260714_Ankara_226157,112796,SHA CARRI,,O.FİDAN,14:00,2026-07-14 21:23:24,0.0194099378881987,9,0.045021645021645,8,0.071578947368421,9,0.136432541687721,9,,,,
2026-07-14 21:25:41,2026-07-14,Ankara  (37. Y.G.),226157,20260714_Ankara_226157,114451,TRES MARIAS,,H.AKYOL,14:00,2026-07-14 21:23:24,0.0102622576966932,10,0.0251379521765787,10,0.0565623283909939,10,0.1048076923076923,10,,,,
2026-07-14 21:25:41,2026-07-14,Ankara  (37. Y.G.),226157,20260714_Ankara_226157,113756,WARDEN OF ROMANCE,1.55,H.KARATAŞ,14:00,2026-07-14 21:23:24,0.2276785714285714,1,0.0878712871287129,3,0.4796573875802997,1,0.2940813810110974,3,0.2461961750678939,0.5792863348613755,1.0,1.0
2026-07-14 21:25:41,2026-07-14,Ankara  (37. Y.G.),226166,20260714_Ankara_226166,111973,BAY AHMET,3.35,E.ATLAMAZ,14:30,2026-07-14 21:23:24,0.2455197132616487,2,0.2470214455917394,1,0.5777400169923537,2,0.4780701754385965,2,0.2913341027734542,0.5810785168184377,2.0,3.0
2026-07-14 21:25:41,2026-07-14,Ankara  (37. Y.G.),226166,20260714_Ankara_226166,111871,BOZKIR YİĞİDİ,32.4,M.T.COŞKUN,14:30,2026-07-14 21:23:24,0.0080500894454382,8,0.0251379521765787,8,0.0462107208872458,8,0.136432541687721,8,0.0156541299247648,0.0989354919629919,8.0,8.0
2026-07-14 21:25:41,2026-07-14,Ankara  (37. Y.G.),226166,20260714_Ankara_226166,107658,GÖHERBEYİ,2.1,SERH.ÇELİK,14:30,2026-07-14 21:23:24,0.3346938775510204,1,0.2427184466019417,3,0.6938083121289228,1,0.4780701754385965,3,0.3687292263386549,0.6569304944170562,1.0,1.0
2026-07-14 21:25:41,2026-07-14,Ankara  (37. Y.G.),226166,20260714_Ankara_226166,112310,ASLANLI OVA,5.1,SAL.ÇELİK,14:30,2026-07-14 21:23:24,0.1114070128717266,5,0.2125714285714285,4,0.4796573875802997,3,0.6052631578947367,1,0.2108411932887497,0.6119650232671779,3.0,2.0
2026-07-14 21:25:41,2026-07-14,Ankara  (37. Y.G.),226166,20260714_Ankara_226166,116232,UYGURTAŞ,7.0,E.ÇANKAYA,14:30,2026-07-14 21:23:24,0.1304836895388076,4,0.1981721981721981,5,0.4166666666666667,4,0.4348659003831417,5,0.1696733746812203,0.4416659517224379,5.0,4.0
2026-07-14 21:25:41,2026-07-14,Ankara  (37. Y.G.),226166,20260714_Ankara_226166,111915,VURGUNHAN,18.3,F.ÇETİNBAŞ,14:30,2026-07-14 21:23:24,0.0573248407643312,6,0.1981721981721981,6,0.2096969696969697,6,0.3637484586929716,6,0.1025018518985211,0.2760174115085664,6.0,6.0
2026-07-14 21:25:41,2026-07-14,Ankara  (37. Y.G.),226166,20260714_Ankara_226166,108827,İSKENDER HAN,24.75,M.A.SOLMAZ,14:30,2026-07-14 21:23:24,0.0282861896838602,7,0.0920306768922974,7,0.1457564575645756,7,0.278169014084507,7,0.0477626045551268,0.1960269108108093,7.0,7.0
2026-07-14 21:25:41,2026-07-14,Ankara  (37. Y.G.),226166,20260714_Ankara_226166,108421,SERÜVENTAY,9.35,E.ÇİZİK,14:30,2026-07-14 21:23:24,0.1556473829201102,3,0.2470214455917394,2,0.4166666666666667,5,0.4575688073394495,4,0.173306465424254,0.4197588771774205,4.0,5.0
2026-07-14 21:25:41,2026-07-14,Ankara  (37. Y.G.),226156,20260714_Ankara_226156,114577,SİNDİRELLA,4.1,A.KURŞUN,15:00,2026-07-14 21:23:24,0.1347190146266358,3,0.2125714285714285,2,0.4166666666666667,3,0.5993265993265994,2,0.2368160030717976,0.6383665767292298,3.0,2.0
2026-07-14 21:25:41,2026-07-14,Ankara  (37. Y.G.),226156,20260714_Ankara_226156,114625,BELİNAY TAY,18.4,F.R.BEBEK,15:00,2026-07-14 21:23:24,0.0312093628088426,8,0.0677867902665121,7,0.1318681318681319,8,0.1838487972508591,8,0.044875933021508,0.1603360801064362,7.0,7.0
2026-07-14 21:25:41,2026-07-14,Ankara  (37. Y.G.),226156,20260714_Ankara_226156,116017,FIRE OF VALERIA,6.95,MÜS.ÇELİK,15:00,2026-07-14 21:23:24,0.0967741935483871,5,0.0920306768922974,4,0.2773584905660378,5,0.3358954650269023,5,0.0973157120443284,0.368311578225179,5.0,5.0
2026-07-14 21:25:41,2026-07-14,Ankara  (37. Y.G.),226156,20260714_Ankara_226156,114524,LA MUNECA,2.9,E.ÇİZİK,15:00,2026-07-14 21:23:24,0.2455197132616487,1,0.2581755593803786,1,0.6578947368421052,1,0.6146788990825688,1,0.3238068206489396,0.6973462373551542,1.0,1.0
2026-07-14 21:25:41,2026-07-14,Ankara  (37. Y.G.),226156,20260714_Ankara_226156,114450,MAGIC OF DARKNESS,,H.AKYOL,15:00,2026-07-14 21:23:24,0.0058699225170227,10,0.0157342657342657,10,0.0462107208872458,9,0.0926216640502354,9,,,,
2026-07-14 21:25:41,2026-07-14,Ankara  (37. Y.G.),226156,20260714_Ankara_226156,114649,MAGIC SURPRISE,6.75,E.ÇANKAYA,15:00,2026-07-14 21:23:24,0.1114070128717266,4,0.0920306768922974,5,0.3798561151079136,4,0.3637484586929716,4,0.0989509150771891,0.3935426704524599,4.0,4.0
2026-07-14 21:25:41,2026-07-14,Ankara  (37. Y.G.),226156,20260714_Ankara_226156,114252,QUEEN ÇINAR,24.85,M.KIYAK,15:00,2026-07-14 21:23:24,0.0383428823270163,6,0.07007007007007,6,0.1542130365659777,7,0.1998779371376259,6,0.0388755184719069,0.1502229357498977,8.0,8.0
2026-07-14 21:25:41,2026-07-14,Ankara  (37. Y.G.),226156,20260714_Ankara_226156,115565,QUEEN ELA,12.5,SAL.ÇELİK,15:00,2026-07-14 21:23:24,0.0323353293413173,7,0.0544399821508255,8,0.1599736668861093,6,0.1998779371376259,7,0.0475210239210686,0.2013096564435842,6.0,6.0
2026-07-14 21:25:41,2026-07-14,Ankara  (37. Y.G.),226156,20260714_Ankara_226156,114827,QUEEN LARA,43.75,M.T.COŞKUN,15:00,2026-07-14 21:23:24,0.0127931769722814,9,0.0193905817174515,9,0.0462107208872458,10,0.0521861777150916,10,0.0109397361807983,0.0414819005652733,9.0,9.0
2026-07-14 21:25:41,2026-07-14,Ankara  (37. Y.G.),226156,20260714_Ankara_226156,113338,SPIRIT OF LUX,3.8,İSM.YILDIRIM,15:00,2026-07-14 21:23:24,0.2276785714285714,2,0.2125714285714285,3,0.6031372549019606,2,0.5313225058004639,3,0.2464965724049344,0.600851109906664,2.0,3.0
2026-07-14 21:25:41,2026-07-14,Ankara  (37. Y.G.),226165,20260714_Ankara_226165,98901,MY JUILETTE,35.5,K.DEMİREL,15:30,2026-07-14 21:23:24,0.0248587570621468,9,0.0544399821508255,6,0.1025641025641025,9,0.223516361619523,4,0.0263686896464767,0.1408601017167727,10.0,8.0
2026-07-14 21:25:41,2026-07-14,Ankara  (37. Y.G.),226165,20260714_Ankara_226165,104148,SHINING FORCE,21.85,İSM.YILDIRIM,15:30,2026-07-14 21:23:24,0.0323353293413173,7,0.0662251655629139,5,0.1318681318681319,8,0.136432541687721,10,0.0400652963939555,0.1185085627670513,7.0,10.0
2026-07-14 21:25:41,2026-07-14,Ankara  (37. Y.G.),226165,20260714_Ankara_226165,102108,SKYDIVE,9.65,E.ATLAMAZ,15:30,2026-07-14 21:23:24,0.0323353293413173,8,0.0272695892302381,10,0.1542130365659777,6,0.16359918200409,9,0.0334770898579659,0.1943421540889959,8.0,7.0
2026-07-14 21:25:41,2026-07-14,Ankara  (37. Y.G.),226165,20260714_Ankara_226165,104337,PELOŞ MY LOVE,12.1,M.AKYAVUZ,15:30,2026-07-14 21:23:24,0.0383428823270163,6,0.0677867902665121,4,0.1542130365659777,7,0.223516361619523,5,0.0568568376193028,0.2217339453965211,5.0,6.0
2026-07-14 21:25:41,2026-07-14,Ankara  (37. Y.G.),226165,20260714_Ankara_226165,112263,ALAMETİ FARİKA,6.25,M.BAYIR,15:30,2026-07-14 21:23:24,0.1114070128717266,3,0.0878712871287129,2,0.4166666666666667,2,0.3637484586929716,2,0.1000765818467018,0.4039196045019799,3.0,2.0
2026-07-14 21:25:41,2026-07-14,Ankara  (37. Y.G.),226165,20260714_Ankara_226165,109138,MY LADY BUG,2.9,M.A.SOLMAZ,15:30,2026-07-14 21:23:24,0.2276785714285714,1,0.1414812354699435,1,0.6031372549019606,1,0.4232209737827715,1,0.217888190063319,0.5644563283204981,1.0,1.0
2026-07-14 21:25:41,2026-07-14,Ankara  (37. Y.G.),226165,20260714_Ankara_226165,103693,BEST ALYA,8.45,M.KIYAK,15:30,2026-07-14 21:23:24,0.0580793559516963,4,0.0544399821508255,7,0.3441295546558704,4,0.223516361619523,6,0.0595629949584046,0.256540337162,4.0,5.0
2026-07-14 21:25:41,2026-07-14,Ankara  (37. Y.G.),226165,20260714_Ankara_226165,108948,VICTORY LANE,8.1,M.KESKİN,15:30,2026-07-14 21:23:24,0.043144424131627,5,0.0415282392026578,9,0.2987197724039829,5,0.2542483660130719,3,0.0502465528596356,0.285856015619458,6.0,4.0
2026-07-14 21:25:41,2026-07-14,Ankara  (37. Y.G.),226165,20260714_Ankara_226165,108910,DOLCE MARE,3.8,E.ÇİZİK,15:30,2026-07-14 21:23:24,0.1781226903178122,2,0.0810074880871341,3,0.4123931623931623,3,0.223516361619523,7,0.1269005149741061,0.3527433943803384,2.0,3.0
2026-07-14 21:25:41,2026-07-14,Ankara  (37. Y.G.),226165,20260714_Ankara_226165,104929,SEYYAHIM,29.3,S.YAZICIOĞLU,15:30,2026-07-14 21:23:24,0.0194099378881987,10,0.0157342657342657,11,0.0625,11,0.0926216640502354,11,0.011805436489071,0.0772836106988958,11.0,11.0
2026-07-14 21:25:41,2026-07-14,Ankara  (37. Y.G.),226165,20260714_Ankara_226165,108147,MANNARA,27.45,M.T.COŞKUN,15:30,2026-07-14 21:23:24,0.0127931769722814,11,0.045021645021645,8,0.0873108265424912,10,0.1838487972508591,8,0.0264620804464584,0.1347227365064657,9.0,9.0
2026-07-14 21:25:41,2026-07-14,Ankara  (37. Y.G.),226163,20260714_Ankara_226163,109053,STEEL ROCK,13.5,M.UYAR,16:00,2026-07-14 21:23:24,0.0383428823270163,6,0.0810074880871341,5,0.1841779975278121,4,0.2542483660130719,4,0.0609883078055881,0.2337796729347591,3.0,5.0
2026-07-14 21:25:41,2026-07-14,Ankara  (37. Y.G.),226163,20260714_Ankara_226163,107622,GRAY DREAM,1.75,H.KARATAŞ,16:00,2026-07-14 21:23:24,0.1304836895388076,1,0.102127659574468,2,0.5452538631346577,1,0.3821596244131455,1,0.2468301747417246,0.6248987800634863,1.0,1.0
2026-07-14 21:25:41,2026-07-14,Ankara  (37. Y.G.),226163,20260714_Ankara_226163,110184,SHINING LIFE,23.15,N.AVCİ,16:00,2026-07-14 21:23:24,0.0329004329004329,9,0.0878712871287129,4,0.1841779975278121,5,0.3778801843317972,2,0.0479966704532738,0.2616995951713878,8.0,3.0
2026-07-14 21:25:41,2026-07-14,Ankara  (37. Y.G.),226163,20260714_Ankara_226163,114236,MARY BLACK,16.6,E.BOZDAĞ,16:00,2026-07-14 21:23:24,0.0511111111111111,3,0.0920306768922974,3,0.1816160118606375,6,0.278169014084507,3,0.0597729172519806,0.2308144878504379,4.0,6.0
2026-07-14 21:25:41,2026-07-14,Ankara  (37. Y.G.),226163,20260714_Ankara_226163,110758,RICHWOOD,4.3,SAL.ÇELİK,16:00,2026-07-14 21:23:24,0.1114070128717266,2,0.0544399821508255,9,0.3798561151079136,2,0.1998779371376259,6,0.089281759635322,0.3129252545452001,2.0,2.0
2026-07-14 21:25:41,2026-07-14,Ankara  (37. Y.G.),226163,20260714_Ankara_226163,108119,HIZKESEN,15.15,E.ÇİZİK,16:00,2026-07-14 21:23:24,0.0247191011235955,11,0.0666666666666666,8,0.1542130365659777,9,0.1998779371376259,7,0.0494875172855665,0.1857644117797058,7.0,7.0
2026-07-14 21:25:41,2026-07-14,Ankara  (37. Y.G.),226163,20260714_Ankara_226163,107906,CRIMEAN DREAM,8.1,MÜS.ÇELİK,16:00,2026-07-14 21:23:24,0.0323353293413173,10,0.045021645021645,10,0.2524357838795394,3,0.1998779371376259,8,0.0532778332273809,0.2412758329960613,5.0,4.0
2026-07-14 21:25:41,2026-07-14,Ankara  (37. Y.G.),226163,20260714_Ankara_226163,108461,GOOD LUCK CHARM,41.9,U.TEMUR,16:00,2026-07-14 21:23:24,0.0383428823270163,7,0.0677867902665121,7,0.1542130365659777,10,0.2542483660130719,5,0.028350961990547,0.1460730755231725,10.0,9.0
2026-07-14 21:25:41,2026-07-14,Ankara  (37. Y.G.),226163,20260714_Ankara_226163,108792,SILENT QUEEN,39.8,M.KESKİN,16:00,2026-07-14 21:23:24,0.043144424131627,4,0.1414812354699435,1,0.096078431372549,11,0.1998779371376259,9,0.0515897268686729,0.1223402764138862,6.0,11.0
2026-07-14 21:25:41,2026-07-14,Ankara  (37. Y.G.),226163,20260714_Ankara_226163,108098,DİNAMİT KIZ,29.7,N.DEMİR,16:00,2026-07-14 21:23:24,0.0383428823270163,8,0.036770921386306,11,0.1599736668861093,7,0.1838487972508591,11,0.0218091693857703,0.13018346802233,11.0,10.0
2026-07-14 21:25:41,2026-07-14,Ankara  (37. Y.G.),226163,20260714_Ankara_226163,107914,LADY GROUND,22.05,M.BAYIR,16:00,2026-07-14 21:23:24,0.043144424131627,5,0.0810074880871341,6,0.1599736668861093,8,0.1998779371376259,10,0.0463769436829563,0.1582779111256858,9.0,8.0
2026-07-14 21:25:41,2026-07-14,Ankara  (37. Y.G.),226163,20260714_Ankara_226163,110695,SILLAGE,32.1,M.A.SOLMAZ,16:00,2026-07-14 21:23:24,0.0081008100810081,12,0.036770921386306,12,0.0138026224982746,13,0.0325149303251493,13,0.0208714531821734,0.0339161385228026,12.0,13.0
2026-07-14 21:25:41,2026-07-14,Ankara  (37. Y.G.),226163,20260714_Ankara_226163,110478,JOYOUS GIRL,108.3,M.T.COŞKUN,16:00,2026-07-14 21:23:24,0.0058699225170227,13,0.0272695892302381,13,0.0462107208872458,12,0.1048076923076923,12,0.0084316853550702,0.0459670306102449,13.0,12.0
2026-07-14 21:25:41,2026-07-14,Ankara  (37. Y.G.),226164,20260714_Ankara_226164,99360,GÖRKEM KAPTAN,7.15,E.ÇANKAYA,16:30,2026-07-14 21:23:24,0.066610455311973,4,0.1414812354699435,5,0.3775100401606426,4,0.4232209737827715,6,0.1302866486564884,0.4294331783055036,4.0,5.0
2026-07-14 21:25:41,2026-07-14,Ankara  (37. Y.G.),226164,20260714_Ankara_226164,98753,WOLF SEYFO,4.45,H.KARATAŞ,16:30,2026-07-14 21:23:24,0.2276785714285714,2,0.2202283849918433,3,0.5452538631346577,3,0.5185185185185185,4,0.2315702365893184,0.5671807540945826,2.0,3.0
2026-07-14 21:25:41,2026-07-14,Ankara  (37. Y.G.),226164,20260714_Ankara_226164,106653,DRAGON KINGDOM,17.3,M.A.SOLMAZ,16:30,2026-07-14 21:23:24,0.066610455311973,5,0.1414812354699435,6,0.2987197724039829,6,0.4575688073394495,5,0.0806474591062685,0.3430947357664158,6.0,6.0
2026-07-14 21:25:41,2026-07-14,Ankara  (37. Y.G.),226164,20260714_Ankara_226164,103749,EL CACİQUE,18.15,A.KURŞUN,16:30,2026-07-14 21:23:24,0.0580793559516963,6,0.1981721981721981,4,0.3286219081272085,5,0.5993265993265994,2,0.1026712861516044,0.4379375674868251,5.0,4.0
2026-07-14 21:25:41,2026-07-14,Ankara  (37. Y.G.),226164,20260714_Ankara_226164,103651,FROSTER,27.35,V.DEMİR,16:30,2026-07-14 21:23:24,0.0383428823270163,7,0.0544399821508255,8,0.16,8,0.2542483660130719,8,0.0303633880798767,0.1742877453591458,8.0,8.0
2026-07-14 21:25:41,2026-07-14,Ankara  (37. Y.G.),226164,20260714_Ankara_226164,106382,GALLOON,15.35,M.AKYAVUZ,16:30,2026-07-14 21:23:24,0.0383428823270163,8,0.0878712871287129,7,0.2524357838795394,7,0.3821989528795811,7,0.0599579249875358,0.3062767607869079,7.0,7.0
2026-07-14 21:25:41,2026-07-14,Ankara  (37. Y.G.),226164,20260714_Ankara_226164,104416,PERCY JACKSON,9.3,SAL.ÇELİK,16:30,2026-07-14 21:23:24,0.1556473829201102,3,0.2954248366013072,1,0.5777400169923537,2,0.6603650586701434,1,0.2003259237023388,0.5733566022271148,3.0,2.0
2026-07-14 21:25:41,2026-07-14,Ankara  (37. Y.G.),226164,20260714_Ankara_226164,105578,THE PROTECTER,1.5,N.AVCİ,16:30,2026-07-14 21:23:24,0.3346938775510204,1,0.2470214455917394,2,0.6938083121289228,1,0.56,3,0.4507958879599498,0.7643663162300662,1.0,1.0
2026-07-14 21:25:41,2026-07-14,Ankara  (37. Y.G.),226168,20260714_Ankara_226168,101352,AKDAĞ FIRTINASI,17.25,E.ÇANKAYA,17:00,2026-07-14 21:23:24,0.0383428823270163,7,0.07007007007007,5,0.2096969696969697,7,0.2693370165745856,6,0.0477811177547112,0.2217429761175059,7.0,7.0
2026-07-14 21:25:41,2026-07-14,Ankara  (37. Y.G.),226168,20260714_Ankara_226168,76320,TUNCER,5.55,M.AKYAVUZ,17:00,2026-07-14 21:23:24,0.1114070128717266,3,0.1685393258426966,1,0.4166666666666667,2,0.3821596244131455,3,0.1710240378559295,0.434869850906065,2.0,2.0
2026-07-14 21:25:41,2026-07-14,Ankara  (37. Y.G.),226168,20260714_Ankara_226168,104668,NACARLI,3.6,M.A.SOLMAZ,17:00,2026-07-14 21:23:24,0.043144424131627,6,0.0272695892302381,8,0.3286219081272085,3,0.1998779371376259,7,0.0618448610455555,0.3369441913914182,6.0,6.0
2026-07-14 21:25:41,2026-07-14,Ankara  (37. Y.G.),226168,20260714_Ankara_226168,107018,ABBAS BEY,5.5,A.KURŞUN,17:00,2026-07-14 21:23:24,0.0843672456575682,5,0.07007007007007,6,0.2987197724039829,5,0.278169014084507,5,0.0919417702180482,0.3525866829138729,4.0,5.0
2026-07-14 21:25:41,2026-07-14,Ankara  (37. Y.G.),226168,20260714_Ankara_226168,97006,BORDOMAVİ,7.6,M.G.ARSLAN,17:00,2026-07-14 21:23:24,0.1347190146266358,2,0.1685393258426966,2,0.3286219081272085,4,0.3634615384615384,4,0.1444440493265862,0.3782668247426542,3.0,3.0
2026-07-14 21:25:41,2026-07-14,Ankara  (37. Y.G.),226168,20260714_Ankara_226168,103012,ERKŞAN,19.6,M.N.SUNKAR,17:00,2026-07-14 21:23:24,0.0247191011235955,8,0.036770921386306,7,0.1457564575645756,8,0.1998779371376259,8,0.0276426581970618,0.1666180712969137,8.0,8.0
2026-07-14 21:25:41,2026-07-14,Ankara  (37. Y.G.),226168,20260714_Ankara_226168,99294,KOCAEFE,2.8,MÜS.ÇELİK,17:00,2026-07-14 21:23:24,0.2455197132616487,1,0.1685393258426966,3,0.5777400169923537,1,0.5018867924528304,1,0.249937727630435,0.6270881903764045,1.0,1.0
2026-07-14 21:25:41,2026-07-14,Ankara  (37. Y.G.),226168,20260714_Ankara_226168,84981,ŞİRİNMİŞİRİN,33.7,N.DEMİR,17:00,2026-07-14 21:23:24,0.0080500894454382,9,0.0128205128205128,9,0.0462107208872458,9,0.0754985754985755,9,0.0094037079320911,0.0621138344833327,9.0,9.0
2026-07-14 21:25:41,2026-07-14,Ankara  (37. Y.G.),226168,20260714_Ankara_226168,78975,YENERSULTAN,14.35,E.ATLAMAZ,17:00,2026-07-14 21:23:24,0.1114070128717266,4,0.0920306768922974,4,0.2422145328719722,6,0.4493670886075948,2,0.0648797970058913,0.361058238098853,5.0,4.0
2026-07-14 21:25:41,2026-07-14,Ankara  (37. Y.G.),226155,20260714_Ankara_226155,115884,LO SIENTO BB,,O.YILMAZ,17:30,2026-07-14 21:23:24,0.0194099378881987,8,0.0810074880871341,5,0.0625,10,0.2542483660130719,4,,,,
2026-07-14 21:25:41,2026-07-14,Ankara  (37. Y.G.),226155,20260714_Ankara_226155,115184,OY YARE,9.0,SERH.ÇELİK,17:30,2026-07-14 21:23:24,0.066610455311973,3,0.0677867902665121,6,0.2773584905660378,4,0.332258064516129,2,0.0667967244097819,0.33195254103448,4.0,3.0
2026-07-14 21:25:41,2026-07-14,Ankara  (37. Y.G.),226155,20260714_Ankara_226155,114247,CEYHAN SULTANI,29.65,SAL.ÇELİK,17:30,2026-07-14 21:23:24,0.0383428823270163,5,0.0878712871287129,3,0.1542130365659777,5,0.223516361619523,5,0.0415179332106654,0.151382055152751,7.0,7.0
2026-07-14 21:25:41,2026-07-14,Ankara  (37. Y.G.),226155,20260714_Ankara_226155,112812,DİREN KAPORTACI,30.85,N.DEMİR,17:30,2026-07-14 21:23:24,0.0323353293413173,7,0.0544399821508255,7,0.1025641025641025,7,0.16359918200409,10,0.0283195758369717,0.1160482762020266,8.0,8.0
2026-07-14 21:25:41,2026-07-14,Ankara  (37. Y.G.),226155,20260714_Ankara_226155,114415,FURİOSA,8.45,M.G.ARSLAN,17:30,2026-07-14 21:23:24,0.0967741935483871,2,0.0878712871287129,4,0.3795811518324607,2,0.2693370165745856,3,0.0836207080179055,0.2915654186905615,3.0,4.0
2026-07-14 21:25:41,2026-07-14,Ankara  (37. Y.G.),226155,20260714_Ankara_226155,114769,HOLLY MOLLY,10.4,F.S.M.SANSAR,17:30,2026-07-14 21:23:24,0.0194099378881987,9,0.0544399821508255,8,0.0912408759124087,9,0.1998779371376259,9,0.0524238189254795,0.216258835263148,5.0,5.0
2026-07-14 21:25:41,2026-07-14,Ankara  (37. Y.G.),226155,20260714_Ankara_226155,116366,I GOT THIS,,K.DEMİREL,17:30,2026-07-14 21:23:24,0.0194099378881987,10,0.0544399821508255,9,0.096078431372549,8,0.223516361619523,6,,,,
2026-07-14 21:25:41,2026-07-14,Ankara  (37. Y.G.),226155,20260714_Ankara_226155,114084,KUPA DOKUZLUSU,1.3,U.TEMUR,17:30,2026-07-14 21:23:24,0.1304836895388076,1,0.036770921386306,11,0.4645844952593418,1,0.2049180327868852,8,0.169348220711224,0.5347008272372819,1.0,1.0
2026-07-14 21:25:41,2026-07-14,Ankara  (37. Y.G.),226155,20260714_Ankara_226155,114480,OKLOHAMA,6.8,N.AVCİ,17:30,2026-07-14 21:23:24,0.0580793559516963,4,0.0920306768922974,1,0.3286219081272085,3,0.3637484586929716,1,0.0978303190369071,0.3909049826675508,2.0,2.0
2026-07-14 21:25:41,2026-07-14,Ankara  (37. Y.G.),226155,20260714_Ankara_226155,113366,SERSİVO,28.2,B.KILINÇ,17:30,2026-07-14 21:23:24,0.0383428823270163,6,0.0920306768922974,2,0.14,6,0.223516361619523,7,0.0442196960226362,0.1546757496272808,6.0,6.0
2026-07-14 21:25:41,2026-07-14,Ankara  (37. Y.G.),226155,20260714_Ankara_226155,114242,TROPHY GIRL,67.4,M.N.SUNKAR,17:30,2026-07-14 21:23:24,0.0081008100810081,11,0.045021645021645,10,0.0565623283909939,11,0.16359918200409,11,0.0158510874615987,0.0814419637200724,9.0,9.0
2026-07-14 21:25:41,2026-07-14,Ankara  (37. Y.G.),226167,20260714_Ankara_226167,91293,ALTINEKEN,21.65,İSM.YILDIRIM,18:00,2026-07-14 21:23:24,0.0383428823270163,6,0.0677867902665121,5,0.0912408759124087,9,0.081081081081081,12,0.0406752828350688,0.0801267035531353,7.0,12.0
2026-07-14 21:25:41,2026-07-14,Ankara  (37. Y.G.),226167,20260714_Ankara_226167,107300,KATICESUR,9.6,E.ÇANKAYA,18:00,2026-07-14 21:23:24,0.0801393728222996,3,0.0878712871287129,3,0.2524357838795394,5,0.2693370165745856,4,0.0778052203663329,0.2775848457548382,5.0,4.0
2026-07-14 21:25:41,2026-07-14,Ankara  (37. Y.G.),226167,20260714_Ankara_226167,105135,ALÜNLÜHAT,6.45,M.KIYAK,18:00,2026-07-14 21:23:24,0.1556473829201102,2,0.0920306768922974,2,0.3798561151079136,3,0.2940813810110974,3,0.1008249922783248,0.3432428797674282,3.0,3.0
2026-07-14 21:25:41,2026-07-14,Ankara  (37. Y.G.),226167,20260714_Ankara_226167,106169,BİZİMSOY,28.25,B.KILINÇ,18:00,2026-07-14 21:23:24,0.0115606936416184,13,0.0272695892302381,10,0.071578947368421,12,0.1838487972508591,6,0.0178717079464435,0.1322585567440927,11.0,9.0
2026-07-14 21:25:41,2026-07-14,Ankara  (37. Y.G.),226167,20260714_Ankara_226167,104235,DENİZ KASIRGASI,3.6,A.KURŞUN,18:00,2026-07-14 21:23:24,0.0801393728222996,4,0.0677867902665121,6,0.4645844952593418,2,0.3637484586929716,2,0.1151239272971476,0.481754339762883,2.0,2.0
2026-07-14 21:25:41,2026-07-14,Ankara  (37. Y.G.),226167,20260714_Ankara_226167,106256,DEMİR BARBAR,15.2,V.DEMİR,18:00,2026-07-14 21:23:24,0.0383428823270163,7,0.0544399821508255,7,0.1599736668861093,7,0.1838487972508591,7,0.0422092028092946,0.1731424593662025,6.0,7.0
2026-07-14 21:25:41,2026-07-14,Ankara  (37. Y.G.),226167,20260714_Ankara_226167,104072,DEDEBATUR,4.35,N.AVCİ,18:00,2026-07-14 21:23:24,0.2276785714285714,1,0.2427184466019417,1,0.4702702702702703,1,0.5018867924528304,1,0.2507052708940292,0.5578096301897268,1.0,1.0
2026-07-14 21:25:41,2026-07-14,Ankara  (37. Y.G.),226167,20260714_Ankara_226167,92868,İKİMİZ,17.7,F.ÇETİNBAŞ,18:00,2026-07-14 21:23:24,0.0282861896838602,9,0.036770921386306,8,0.1599736668861093,8,0.1742209631728045,8,0.0290321843562844,0.1556645696013032,9.0,8.0
2026-07-14 21:25:41,2026-07-14,Ankara  (37. Y.G.),226167,20260714_Ankara_226167,98589,AKAR EDA,32.25,M.A.SOLMAZ,18:00,2026-07-14 21:23:24,0.0102622576966932,14,0.0193905817174515,14,0.08,11,0.1191588785046729,10,0.0129173546167197,0.0889690044203754,14.0,10.0
2026-07-14 21:25:41,2026-07-14,Ankara  (37. Y.G.),226167,20260714_Ankara_226167,91058,TAŞPINAR,7.55,M.KESKİN,18:00,2026-07-14 21:23:24,0.0329004329004329,8,0.0241333918385256,12,0.2096969696969697,6,0.1742209631728045,9,0.0352165663907219,0.2243808663382032,8.0,6.0
2026-07-14 21:25:41,2026-07-14,Ankara  (37. Y.G.),226167,20260714_Ankara_226167,107172,DİLMAKIZ,7.1,E.ÇİZİK,18:00,2026-07-14 21:23:24,0.0801393728222996,5,0.0878712871287129,4,0.2773584905660378,4,0.1998779371376259,5,0.0923141381619681,0.2532603219715604,4.0,5.0
2026-07-14 21:25:41,2026-07-14,Ankara  (37. Y.G.),226167,20260714_Ankara_226167,106921,KÖKBEYİ,26.9,N.DEMİR,18:00,2026-07-14 21:23:24,0.0194099378881987,10,0.036770921386306,9,0.0873108265424912,10,0.1048076923076923,11,0.0228827568251999,0.0877412104091547,10.0,11.0
2026-07-14 21:25:41,2026-07-14,Ankara  (37. Y.G.),226167,20260714_Ankara_226167,106938,SARITAHA,45.5,E.ATLAMAZ,18:00,2026-07-14 21:23:24,0.0127931769722814,11,0.0272695892302381,11,0.0565623283909939,13,0.0754985754985755,13,0.0136407387604183,0.0534594618007736,12.0,13.0
2026-07-14 21:25:41,2026-07-14,Ankara  (37. Y.G.),226167,20260714_Ankara_226167,105442,YÜCEOĞUL,41.25,F.S.M.SANSAR,18:00,2026-07-14 21:23:24,0.0127931769722814,12,0.0241333918385256,13,0.0462107208872458,14,0.0655629139072847,14,0.0131818558217836,0.050346435300373,13.0,14.0
2026-07-15 17:55:40,2026-07-15,İstanbul  (40. Y.G.),226182,20260715_İstanbul_226182,103918,SHEER FORCE,16.15,B.ÇETİN,14:00,2026-07-15 17:53:15,0.043144424131627,4,0.0544399821508255,5,0.2233502538071066,4,0.278169014084507,4,0.0402641057748603,0.2299670119682544,5.0,4.0
2026-07-15 17:55:40,2026-07-15,İstanbul  (40. Y.G.),226182,20260715_İstanbul_226182,104479,KYLIE VOM ELBE,9.65,ER.CANKILIÇ,14:00,2026-07-15 17:53:15,0.0580793559516963,3,0.0878712871287129,2,0.2987197724039829,3,0.3358954650269023,2,0.0765980920807802,0.3237159229277493,3.0,3.0
2026-07-15 17:55:40,2026-07-15,İstanbul  (40. Y.G.),226182,20260715_İstanbul_226182,104925,DRAGON BLUE,12.35,M.M.BİLGİN,14:00,2026-07-15 17:53:15,0.0323353293413173,7,0.0810074880871341,4,0.1599736668861093,5,0.2049180327868852,5,0.0628039854115084,0.2030834998819942,4.0,5.0
2026-07-15 17:55:40,2026-07-15,İstanbul  (40. Y.G.),226182,20260715_İstanbul_226182,109624,ŞEKER ASLAN,1.65,SAL.ÇELİK,14:00,2026-07-15 17:53:15,0.2276785714285714,1,0.0878712871287129,3,0.5777400169923537,1,0.3358954650269023,3,0.2289731386111878,0.5939652580903017,2.0,2.0
2026-07-15 17:55:40,2026-07-15,İstanbul  (40. Y.G.),226182,20260715_İstanbul_226182,104784,CRAZYBLOOD,3.15,A.YILDIZ,14:00,2026-07-15 17:53:15,0.2276785714285714,2,0.2581755593803786,1,0.5692307692307693,2,0.5573394495412843,1,0.3048888170649513,0.6416007971742643,1.0,1.0
2026-07-15 17:55:40,2026-07-15,İstanbul  (40. Y.G.),226182,20260715_İstanbul_226182,100068,ANGEL QUEST,24.7,C.ALTUN,14:00,2026-07-15 17:53:15,0.0323353293413173,8,0.0272695892302381,7,0.1599736668861093,6,0.1838487972508591,7,0.0190449545727871,0.1389074680311544,8.0,7.0
2026-07-15 17:55:40,2026-07-15,İstanbul  (40. Y.G.),226182,20260715_İstanbul_226182,97836,AUTHORITY,26.55,K.GÖKÇE,14:00,2026-07-15 17:53:15,0.0383428823270163,5,0.0272695892302381,8,0.1318681318681319,9,0.1630546955624355,8,0.0182776232430787,0.1225226706142614,9.0,8.0
2026-07-15 17:55:40,2026-07-15,İstanbul  (40. Y.G.),226182,20260715_İstanbul_226182,108859,CASH FOR YOU,18.85,GÖK.BEKTAŞ,14:00,2026-07-15 17:53:15,0.0323353293413173,9,0.0272695892302381,9,0.1542130365659777,7,0.1998779371376259,6,0.0222256768468801,0.1666475434368104,7.0,6.0
2026-07-15 17:55:40,2026-07-15,İstanbul  (40. Y.G.),226182,20260715_İstanbul_226182,103875,AGGRESIVE DANCE,34.5,Y.Ş.GÜMÜŞ,14:00,2026-07-15 17:53:15,0.0081008100810081,10,0.0193905817174515,10,0.0912408759124087,10,0.136432541687721,9,0.0122721013202091,0.0947744552699529,10.0,10.0
2026-07-15 17:55:40,2026-07-15,İstanbul  (40. Y.G.),226182,20260715_İstanbul_226182,102806,SUN GODDESS,26.55,S.AKBULAT,14:00,2026-07-15 17:53:15,0.0383428823270163,6,0.0544399821508255,6,0.1542130365659777,8,0.1191588785046729,10,0.0304210257533153,0.0962843102041956,6.0,9.0
2026-07-15 17:55:40,2026-07-15,İstanbul  (40. Y.G.),226182,20260715_İstanbul_226182,109463,MIND GAMES,46.35,B.ÇIĞLA,14:00,2026-07-15 17:53:15,0.0058699225170227,11,0.0128205128205128,11,0.0462107208872458,11,0.0655629139072847,11,0.0076715696307889,0.0471076946247237,11.0,11.0
2026-07-15 17:55:40,2026-07-15,İstanbul  (40. Y.G.),226184,20260715_İstanbul_226184,106553,ÇELİK ABİ,4.55,V.ABİŞ,14:30,2026-07-15 17:53:15,0.0883054892601432,4,0.0878712871287129,6,0.3286219081272085,4,0.2693370165745856,6,0.1202618784559205,0.3696410272514727,4.0,4.0
2026-07-15 17:55:40,2026-07-15,İstanbul  (40. Y.G.),226184,20260715_İstanbul_226184,102485,EL FAMİLİA,35.55,K.GÖKÇE,14:30,2026-07-15 17:53:15,0.0080500894454382,10,0.0124031007751937,10,0.041860465116279,10,0.0325149303251493,10,0.0088756613470092,0.0322084413795167,10.0,10.0
2026-07-15 17:55:40,2026-07-15,İstanbul  (40. Y.G.),226184,20260715_İstanbul_226184,107377,KAYAŞAH,22.1,SAL.ÇELİK,14:30,2026-07-15 17:53:15,0.0194099378881987,8,0.036770921386306,7,0.1816160118606375,6,0.1998779371376259,7,0.025734848569134,0.1578722454798111,8.0,7.0
2026-07-15 17:55:40,2026-07-15,İstanbul  (40. Y.G.),226184,20260715_İstanbul_226184,104236,NOTİON,14.15,M.M.BİLGİN,14:30,2026-07-15 17:53:15,0.0383428823270163,6,0.1414812354699435,3,0.16,8,0.3358954650269023,5,0.0902474339474166,0.2847338875914006,5.0,6.0
2026-07-15 17:55:40,2026-07-15,İstanbul  (40. Y.G.),226184,20260715_İstanbul_226184,106865,SALAHİYET,1.9,MÜS.ÇELİK,14:30,2026-07-15 17:53:15,0.3333333333333333,1,0.2125714285714285,2,0.6938083121289228,1,0.5018867924528304,2,0.361057316894003,0.6900540706363457,1.0,1.0
2026-07-15 17:55:40,2026-07-15,İstanbul  (40. Y.G.),226184,20260715_İstanbul_226184,111365,SAPANCA AĞASI,7.65,A.KURŞUN,14:30,2026-07-15 17:53:15,0.2455197132616487,2,0.3717105263157895,1,0.5692307692307693,2,0.7404580152671756,1,0.2670488764577164,0.6658091369751546,2.0,2.0
2026-07-15 17:55:40,2026-07-15,İstanbul  (40. Y.G.),226184,20260715_İstanbul_226184,103305,SERTTAYKUT,16.5,ER.CANKILIÇ,14:30,2026-07-15 17:53:15,0.0801393728222996,5,0.1414812354699435,4,0.2987197724039829,5,0.4232209737827715,3,0.0830433620946556,0.3262950309935869,6.0,5.0
2026-07-15 17:55:40,2026-07-15,İstanbul  (40. Y.G.),226184,20260715_İstanbul_226184,105674,YALIKIZI,21.55,B.ÇIĞLA,14:30,2026-07-15 17:53:15,0.0383428823270163,7,0.036770921386306,8,0.1816160118606375,7,0.1742209631728045,8,0.0261063221906688,0.1434988151200181,7.0,8.0
2026-07-15 17:55:40,2026-07-15,İstanbul  (40. Y.G.),226184,20260715_İstanbul_226184,105839,GELİLEO,48.95,Y.Ş.GÜMÜŞ,14:30,2026-07-15 17:53:15,0.0127931769722814,9,0.036770921386306,9,0.0462107208872458,9,0.0754985754985755,9,0.01641617549394,0.0518910457316384,9.0,9.0
2026-07-15 17:55:40,2026-07-15,İstanbul  (40. Y.G.),226184,20260715_İstanbul_226184,106165,FLYMAN,102.05,A.VURAL,14:30,2026-07-15 17:53:15,0.0051216389244558,11,0.0102301790281329,11,0.0069930069930069,12,0.0325149303251493,11,0.0042387243256568,0.0192560972254903,11.0,12.0
2026-07-15 17:55:40,2026-07-15,İstanbul  (40. Y.G.),226184,20260715_İstanbul_226184,105392,SERDENİZ,5.75,E.ÇİZİK,14:30,2026-07-15 17:53:15,0.1347190146266358,3,0.1194029850746268,5,0.4796573875802997,3,0.3778801843317972,4,0.1304933668832659,0.4258516164170353,3.0,3.0
2026-07-15 17:55:40,2026-07-15,İstanbul  (40. Y.G.),226184,20260715_İstanbul_226184,103423,JULNAR,81.25,HAK.YILDIZ,14:30,2026-07-15 17:53:15,0.0051216389244558,12,0.0047288310920644,12,0.0138026224982746,11,0.0325149303251493,12,0.0027502962888523,0.0215209814807074,12.0,11.0
2026-07-15 17:55:40,2026-07-15,İstanbul  (40. Y.G.),226178,20260715_İstanbul_226178,81632,VİZİGOT,11.55,CEYDA DEMİRKIRAN,15:00,2026-07-15 17:53:15,0.0883054892601432,4,0.0810074880871341,5,0.2773584905660378,5,0.3358954650269023,3,0.066600352027072,0.3074087357429107,5.0,4.0
2026-07-15 17:55:40,2026-07-15,İstanbul  (40. Y.G.),226178,20260715_İstanbul_226178,88411,FUNDO,2.1,BATUHAN KERESTECİ,15:00,2026-07-15 17:53:15,0.2276785714285714,1,0.1414812354699435,2,0.6339113680154144,1,0.4348659003831417,1,0.2660429776818006,0.6283350649201817,1.0,1.0
2026-07-15 17:55:40,2026-07-15,İstanbul  (40. Y.G.),226178,20260715_İstanbul_226178,97382,UZUN TAY,3.4,BAHTİYAR YANIK,15:00,2026-07-15 17:53:15,0.1781226903178122,2,0.1685393258426966,1,0.5202634245187439,2,0.3821989528795811,2,0.2236703901907198,0.5076638611043398,2.0,2.0
2026-07-15 17:55:40,2026-07-15,İstanbul  (40. Y.G.),226178,20260715_İstanbul_226178,100153,SANPMAN,4.65,DAMLA ATASOY,15:00,2026-07-15 17:53:15,0.1304836895388076,3,0.0878712871287129,3,0.4298245614035088,3,0.2940813810110974,4,0.1190358390287893,0.3885918410258202,3.0,3.0
2026-07-15 17:55:40,2026-07-15,İstanbul  (40. Y.G.),226178,20260715_İstanbul_226178,101964,ÖNCÜÖZGÜR,27.1,KORAY ÇELİK,15:00,2026-07-15 17:53:15,0.0194099378881987,7,0.015299026425591,7,0.071578947368421,7,0.081081081081081,7,0.0121066056470496,0.0725979337055531,7.0,7.0
2026-07-15 17:55:40,2026-07-15,İstanbul  (40. Y.G.),226178,20260715_İstanbul_226178,97007,EGETAY,15.6,HASAN ERYILMAZ,15:00,2026-07-15 17:53:15,0.0248587570621468,6,0.0251379521765787,6,0.2096969696969697,6,0.1998779371376259,6,0.0238676096013943,0.183534960604953,6.0,6.0
2026-07-15 17:55:40,2026-07-15,İstanbul  (40. Y.G.),226178,20260715_İstanbul_226178,99958,MİRZA BEY,7.9,TUĞBA RUMEYSA TUNÇ,15:00,2026-07-15 17:53:15,0.0843672456575682,5,0.0878712871287129,4,0.3775100401606426,4,0.223516361619523,5,0.087607182817244,0.2637530734823351,4.0,5.0
2026-07-15 17:55:40,2026-07-15,İstanbul  (40. Y.G.),226178,20260715_İstanbul_226178,96883,PONÇİKTAY,25.75,SUDE AKMAN,15:00,2026-07-15 17:53:15,0.0058699225170227,8,0.0124031007751937,8,0.071578947368421,8,0.0655629139072847,8,0.0107029005285747,0.0634818718939677,8.0,8.0
2026-07-15 17:55:40,2026-07-15,İstanbul  (40. Y.G.),226188,20260715_İstanbul_226188,94269,İLLEDE DORU,3.05,E.AKTUĞ,15:30,2026-07-15 17:53:15,0.1347190146266358,3,0.0920306768922974,5,0.4702702702702703,2,0.3637484586929716,3,0.1588377020667348,0.5105822047053133,2.0,1.0
2026-07-15 17:55:40,2026-07-15,İstanbul  (40. Y.G.),226188,20260715_İstanbul_226188,99728,KARANURA,21.95,MÜS.ÇELİK,15:30,2026-07-15 17:53:15,0.0058699225170227,11,0.0193905817174515,11,0.071578947368421,10,0.0926216640502354,10,0.0162377095002937,0.0885255524837172,10.0,10.0
2026-07-15 17:55:40,2026-07-15,İstanbul  (40. Y.G.),226188,20260715_İstanbul_226188,98865,BENİM SULTANIM,12.05,SAL.ÇELİK,15:30,2026-07-15 17:53:15,0.0801393728222996,6,0.0920306768922974,6,0.2524357838795394,6,0.2940813810110974,6,0.0714857008169474,0.2732450747346688,7.0,6.0
2026-07-15 17:55:40,2026-07-15,İstanbul  (40. Y.G.),226188,20260715_İstanbul_226188,101698,BİRSENSİN SULTAN,32.0,BERK.GÖKÇE,15:30,2026-07-15 17:53:15,0.0081008100810081,10,0.0241333918385256,10,0.0565623283909939,11,0.0655629139072847,11,0.0153581498549912,0.0572490958018451,11.0,11.0
2026-07-15 17:55:40,2026-07-15,İstanbul  (40. Y.G.),226188,20260715_İstanbul_226188,90812,LUSİA,17.0,A.YILDIZ,15:30,2026-07-15 17:53:15,0.066610455311973,8,0.0920306768922974,7,0.2206106870229007,7,0.3358954650269023,5,0.0590275103248067,0.2662412764123398,8.0,7.0
2026-07-15 17:55:40,2026-07-15,İstanbul  (40. Y.G.),226188,20260715_İstanbul_226188,101783,TARÇINKIZ,9.9,M.M.BİLGİN,15:30,2026-07-15 17:53:15,0.0688559322033898,7,0.1981721981721981,2,0.2987197724039829,5,0.4348659003831417,2,0.1420090021394413,0.3967530885703367,3.0,4.0
2026-07-15 17:55:40,2026-07-15,İstanbul  (40. Y.G.),226188,20260715_İstanbul_226188,97855,BAYAN ALTIN,21.15,N.AVCİ,15:30,2026-07-15 17:53:15,0.0883054892601432,5,0.1685393258426966,3,0.1816160118606375,8,0.2940813810110974,7,0.0835913441215373,0.2192650733965731,6.0,8.0
2026-07-15 17:55:40,2026-07-15,İstanbul  (40. Y.G.),226188,20260715_İstanbul_226188,96821,BLUEMOON,4.95,E.ÇANKAYA,15:30,2026-07-15 17:53:15,0.1347190146266358,4,0.0810074880871341,8,0.3123123123123122,4,0.2049180327868852,8,0.1083730348755881,0.3003559190849324,5.0,5.0
2026-07-15 17:55:40,2026-07-15,İstanbul  (40. Y.G.),226188,20260715_İstanbul_226188,90448,KURŞUNİLİ,5.7,V.ABİŞ,15:30,2026-07-15 17:53:15,0.158351409978308,2,0.2202283849918433,1,0.4645844952593418,3,0.4575688073394495,1,0.2049511113005225,0.4881188328575388,1.0,2.0
2026-07-15 17:55:40,2026-07-15,İstanbul  (40. Y.G.),226188,20260715_İstanbul_226188,100857,MÜREKKEP YÜREK,4.5,E.ÇİZİK,15:30,2026-07-15 17:53:15,0.2,1,0.102127659574468,4,0.4796573875802997,1,0.3395860284605432,4,0.1348520127185201,0.4310617195370751,4.0,3.0
2026-07-15 17:55:40,2026-07-15,İstanbul  (40. Y.G.),226188,20260715_İstanbul_226188,102118,DİLARASULTANIM,23.1,F.ÇETİNBAŞ,15:30,2026-07-15 17:53:15,0.0248587570621468,9,0.036770921386306,9,0.1246105919003115,9,0.1998779371376259,9,0.0251656764036738,0.1552181074874179,9.0,9.0
2026-07-15 17:55:40,2026-07-15,İstanbul  (40. Y.G.),226190,20260715_İstanbul_226190,111624,SADIK AĞANIN OĞLU,4.6,M.M.BİLGİN,16:00,2026-07-15 17:53:15,0.2276785714285714,1,0.36,1,0.5202634245187439,1,0.5573394495412843,1,0.3283923197011157,0.5920670050076868,1.0,1.0
2026-07-15 17:55:40,2026-07-15,İstanbul  (40. Y.G.),226190,20260715_İstanbul_226190,97987,İTAATSİZ,25.1,SAL.ÇELİK,16:00,2026-07-15 17:53:15,0.0323353293413173,8,0.0677867902665121,6,0.096078431372549,11,0.1630546955624355,10,0.0377329493332047,0.1276646571288081,9.0,11.0
2026-07-15 17:55:40,2026-07-15,İstanbul  (40. Y.G.),226190,20260715_İstanbul_226190,101145,ACUN TAY,5.6,V.ABİŞ,16:00,2026-07-15 17:53:15,0.1556473829201102,2,0.2470214455917394,2,0.3798561151079136,2,0.4035087719298246,2,0.2250295441239407,0.4496522918652836,2.0,2.0
2026-07-15 17:55:40,2026-07-15,İstanbul  (40. Y.G.),226190,20260715_İstanbul_226190,97125,KILIÇ İBO,17.1,A.KURŞUN,16:00,2026-07-15 17:53:15,0.0688559322033898,6,0.1414812354699435,3,0.2096969696969697,6,0.3637484586929716,3,0.0815955831834474,0.283568716475814,6.0,6.0
2026-07-15 17:55:40,2026-07-15,İstanbul  (40. Y.G.),226190,20260715_İstanbul_226190,99287,NAMSAL,24.45,E.AKTUĞ,16:00,2026-07-15 17:53:15,0.0127931769722814,12,0.0241333918385256,12,0.0625,12,0.105865522174535,12,0.0178863431878364,0.0929888837172985,12.0,12.0
2026-07-15 17:55:40,2026-07-15,İstanbul  (40. Y.G.),226190,20260715_İstanbul_226190,105463,ÇELİKGİLLER,24.6,E.ÇANKAYA,16:00,2026-07-15 17:53:15,0.0247191011235955,11,0.0677867902665121,7,0.1457564575645756,8,0.2049180327868852,6,0.0381599911287147,0.1539403372013746,8.0,8.0
2026-07-15 17:55:40,2026-07-15,İstanbul  (40. Y.G.),226190,20260715_İstanbul_226190,103566,CEMHAN,10.7,A.KAÇMAZ,16:00,2026-07-15 17:53:15,0.0416276557174073,7,0.0544399821508255,9,0.2096969696969697,7,0.1998779371376259,7,0.0519788336579677,0.2149265695245007,7.0,7.0
2026-07-15 17:55:40,2026-07-15,İstanbul  (40. Y.G.),226190,20260715_İstanbul_226190,96842,GÜL AYALI,28.2,N.AVCİ,16:00,2026-07-15 17:53:15,0.0248587570621468,9,0.0544399821508255,10,0.1201780415430267,10,0.1998779371376259,8,0.0300130956931213,0.1422650001266268,10.0,10.0
2026-07-15 17:55:40,2026-07-15,İstanbul  (40. Y.G.),226190,20260715_İstanbul_226190,106324,TUNA ADAM,9.0,MÜS.ÇELİK,16:00,2026-07-15 17:53:15,0.1045197740112994,4,0.0920306768922974,4,0.3286219081272085,3,0.3395860284605432,4,0.0841108904525338,0.3390156446052458,5.0,3.0
2026-07-15 17:55:40,2026-07-15,İstanbul  (40. Y.G.),226190,20260715_İstanbul_226190,107586,YAĞIZATEŞ,5.65,A.ASLAN,16:00,2026-07-15 17:53:15,0.0801393728222996,5,0.0677867902665121,8,0.2987197724039829,4,0.223516361619523,5,0.0882654723796955,0.3013912472404107,4.0,4.0
2026-07-15 17:55:40,2026-07-15,İstanbul  (40. Y.G.),226190,20260715_İstanbul_226190,108110,GÜMBÜRHAN,19.25,C.PASO,16:00,2026-07-15 17:53:15,0.0248587570621468,10,0.036770921386306,11,0.1246105919003115,9,0.1630546955624355,11,0.0278909313767578,0.1435543561832348,11.0,9.0
2026-07-15 17:55:40,2026-07-15,İstanbul  (40. Y.G.),226190,20260715_İstanbul_226190,92872,IĞDIR KIZI,16.7,E.BOZDAĞ,16:00,2026-07-15 17:53:15,0.0102622576966932,13,0.0157342657342657,13,0.0565623283909939,13,0.0754985754985755,13,0.0163213197704156,0.0864687263709956,13.0,13.0
2026-07-15 17:55:40,2026-07-15,İstanbul  (40. Y.G.),226190,20260715_İstanbul_226190,106866,ÇERKEZHAN,4.25,E.ÇİZİK,16:00,2026-07-15 17:53:15,0.1114070128717266,3,0.07007007007007,5,0.2524357838795394,5,0.1742209631728045,9,0.1072034412302131,0.2880189590143016,3.0,5.0
2026-07-15 17:55:40,2026-07-15,İstanbul  (40. Y.G.),226180,20260715_İstanbul_226180,104545,BOLD LION,7.05,SAL.ÇELİK,16:30,2026-07-15 17:53:15,0.0383428823270163,6,0.0415282392026578,7,0.2524357838795394,6,0.2542483660130719,6,0.0491209543778734,0.2816121266144786,6.0,6.0
2026-07-15 17:55:40,2026-07-15,İstanbul  (40. Y.G.),226180,20260715_İstanbul_226180,94359,GEL OGLİM,4.1,Ö.YILDIRIM,16:30,2026-07-15 17:53:15,0.158351409978308,3,0.2581755593803786,1,0.5612244897959183,3,0.5573394495412843,2,0.2486976563189011,0.5831685347328587,2.0,3.0
2026-07-15 17:55:40,2026-07-15,İstanbul  (40. Y.G.),226180,20260715_İstanbul_226180,103789,MAGIC WEAPON,5.75,N.AVCİ,16:30,2026-07-15 17:53:15,0.1556473829201102,5,0.2470214455917394,2,0.4166666666666667,5,0.4575688073394495,5,0.2030231393474584,0.4618058039040741,3.0,5.0
2026-07-15 17:55:40,2026-07-15,İstanbul  (40. Y.G.),226180,20260715_İstanbul_226180,80419,MAMBA FOREVER,36.1,K.GÖKÇE,16:30,2026-07-15 17:53:15,0.0312093628088426,7,0.0415282392026578,8,0.1246105919003115,8,0.1742209631728045,8,0.0193299005148839,0.1056212465446061,8.0,8.0
2026-07-15 17:55:40,2026-07-15,İstanbul  (40. Y.G.),226180,20260715_İstanbul_226180,90229,SUBUTAI,2.55,V.ABİŞ,16:30,2026-07-15 17:53:15,0.2455197132616487,1,0.2202283849918433,3,0.6031372549019606,2,0.5018867924528304,3,0.2841451416968419,0.6135590969579214,1.0,2.0
2026-07-15 17:55:40,2026-07-15,İstanbul  (40. Y.G.),226180,20260715_İstanbul_226180,100238,TURKISH PUNCH,17.15,E.ÇANKAYA,16:30,2026-07-15 17:53:15,0.0247191011235955,8,0.045021645021645,6,0.1816160118606375,7,0.223516361619523,7,0.0312323640536732,0.1782070040842178,7.0,7.0
2026-07-15 17:55:40,2026-07-15,İstanbul  (40. Y.G.),226180,20260715_İstanbul_226180,110435,HİDAN,3.3,A.KURŞUN,16:30,2026-07-15 17:53:15,0.158351409978308,4,0.1414812354699435,4,0.5612244897959183,4,0.5018867924528304,4,0.1823979163024315,0.5743933137608143,4.0,4.0
2026-07-15 17:55:40,2026-07-15,İstanbul  (40. Y.G.),226180,20260715_İstanbul_226180,107948,GRACE OF GOD,3.85,E.ÇİZİK,16:30,2026-07-15 17:53:15,0.2276785714285714,2,0.1414812354699435,5,0.6339113680154144,1,0.5993265993265994,1,0.167198038370292,0.6225578424928828,5.0,1.0
2026-07-15 17:55:40,2026-07-15,İstanbul  (40. Y.G.),226181,20260715_İstanbul_226181,104973,BLACK PABLO,13.25,B.KILINÇ,17:00,2026-07-15 17:53:15,0.0580793559516963,6,0.1414812354699435,3,0.2987197724039829,5,0.5018867924528304,2,0.093269519009364,0.4065341961340679,4.0,4.0
2026-07-15 17:55:40,2026-07-15,İstanbul  (40. Y.G.),226181,20260715_İstanbul_226181,104385,HERE TO GO,18.95,A.YILDIZ,17:00,2026-07-15 17:53:15,0.0194099378881987,7,0.0272695892302381,7,0.1457564575645756,7,0.1998779371376259,7,0.0225187664089377,0.1682840391192004,7.0,7.0
2026-07-15 17:55:40,2026-07-15,İstanbul  (40. Y.G.),226181,20260715_İstanbul_226181,106611,PYTHAGOREAN THEORY,1.7,H.KARATAŞ,17:00,2026-07-15 17:53:15,0.3217054263565891,1,0.2202283849918433,2,0.8060781476121563,1,0.6603650586701434,1,0.3927383936981827,0.7985628184703547,1.0,1.0
2026-07-15 17:55:40,2026-07-15,İstanbul  (40. Y.G.),226181,20260715_İstanbul_226181,103273,STAR BLOOD,3.4,M.M.BİLGİN,17:00,2026-07-15 17:53:15,0.1045197740112994,3,0.07007007007007,6,0.4796573875802997,3,0.3634615384615384,6,0.122516768983526,0.4913330483938302,3.0,3.0
2026-07-15 17:55:40,2026-07-15,İstanbul  (40. Y.G.),226181,20260715_İstanbul_226181,81986,KOCAVEZİR,11.65,K.GÖKÇE,17:00,2026-07-15 17:53:15,0.0688559322033898,5,0.0920306768922974,4,0.3441295546558704,4,0.3821596244131455,5,0.072448767259174,0.3379337135555249,5.0,5.0
2026-07-15 17:55:40,2026-07-15,İstanbul  (40. Y.G.),226181,20260715_İstanbul_226181,93377,COOL STAR,22.75,E.ÇİZİK,17:00,2026-07-15 17:53:15,0.0843672456575682,4,0.0920306768922974,5,0.2987197724039829,6,0.3821989528795811,4,0.0499529583533402,0.2652127215793914,6.0,6.0
2026-07-15 17:55:40,2026-07-15,İstanbul  (40. Y.G.),226181,20260715_İstanbul_226181,103130,ZAMBUR AGA,4.75,SAL.ÇELİK,17:00,2026-07-15 17:53:15,0.2276785714285714,2,0.2470214455917394,1,0.5692307692307693,2,0.5018867924528304,3,0.2435222646522988,0.5457900595550047,2.0,2.0
2026-07-15 17:55:40,2026-07-15,İstanbul  (40. Y.G.),226183,20260715_İstanbul_226183,122423,ATILIMHANIM,2.7,K.GÖKÇE,17:30,2026-07-15 17:53:15,0.3164426059979317,1,0.2470214455917394,2,0.6932773109243697,2,0.5326923076923079,4,0.326613024360241,0.6534501529451211,2.0,2.0
2026-07-15 17:55:40,2026-07-15,İstanbul  (40. Y.G.),226183,20260715_İstanbul_226183,109219,ARABİAN,1.85,H.KARATAŞ,17:30,2026-07-15 17:53:15,0.2276785714285714,2,0.2470214455917394,3,0.7475570032573289,1,0.6603650586701434,1,0.4009396283297785,0.7878823984641659,1.0,1.0
2026-07-15 17:55:40,2026-07-15,İstanbul  (40. Y.G.),226183,20260715_İstanbul_226183,112091,BİR EDA,5.7,A.YILDIZ,17:30,2026-07-15 17:53:15,0.1347190146266358,3,0.2470214455917394,4,0.4796573875802997,3,0.5573394495412843,3,0.223015040135334,0.5617857205747591,3.0,3.0
2026-07-15 17:55:40,2026-07-15,İstanbul  (40. Y.G.),226183,20260715_İstanbul_226183,117665,QUEEN HANIM,13.65,MÜS.ÇELİK,17:30,2026-07-15 17:53:15,0.0383428823270163,5,0.0920306768922974,6,0.2206106870229007,6,0.3821596244131455,6,0.0666191773193619,0.3204983620729036,6.0,6.0
2026-07-15 17:55:40,2026-07-15,İstanbul  (40. Y.G.),226183,20260715_İstanbul_226183,108849,VAHŞİ KRALİÇE,14.75,M.M.BİLGİN,17:30,2026-07-15 17:53:15,0.0801393728222996,4,0.2954248366013072,1,0.2773584905660378,4,0.6603650586701434,2,0.1602703468683682,0.5143320609287649,4.0,4.0
2026-07-15 17:55:40,2026-07-15,İstanbul  (40. Y.G.),226183,20260715_İstanbul_226183,110509,ALADAĞLAR,12.7,A.KURŞUN,17:30,2026-07-15 17:53:15,0.0282861896838602,7,0.1141304347826086,5,0.2524357838795394,5,0.4035087719298246,5,0.0814544119357735,0.3435918485732523,5.0,5.0
2026-07-15 17:55:40,2026-07-15,İstanbul  (40. Y.G.),226183,20260715_İstanbul_226183,107508,ŞAHANIL,29.4,A.VURAL,17:30,2026-07-15 17:53:15,0.0329004329004329,6,0.0677867902665121,7,0.2096969696969697,7,0.332258064516129,7,0.0345386548943946,0.2130110178012735,7.0,7.0
2026-07-15 17:55:40,2026-07-15,İstanbul  (40. Y.G.),226179,20260715_İstanbul_226179,113109,GALIANO,24.7,M.M.BİLGİN,18:00,2026-07-15 17:53:15,0.0081008100810081,9,0.0677867902665121,7,0.0565623283909939,10,0.1998779371376259,5,0.0375496298727389,0.1490774972440664,8.0,8.0
2026-07-15 17:55:40,2026-07-15,İstanbul  (40. Y.G.),226179,20260715_İstanbul_226179,114784,GRAVITAS,15.25,S.BOYRAZ,18:00,2026-07-15 17:53:15,0.0329004329004329,5,0.0555555555555555,9,0.1816160118606375,4,0.1630546955624355,10,0.0424952614771907,0.1572770636529393,6.0,7.0
2026-07-15 17:55:40,2026-07-15,İstanbul  (40. Y.G.),226179,20260715_İstanbul_226179,115243,HASTA FINAL,11.55,V.ABİŞ,18:00,2026-07-15 17:53:15,0.05,2,0.1414812354699435,2,0.2524357838795394,2,0.3395860284605432,2,0.0995700224751556,0.3070952791237711,2.0,2.0
2026-07-15 17:55:40,2026-07-15,İstanbul  (40. Y.G.),226179,20260715_İstanbul_226179,115888,INFINITE STORM,41.5,A.YILDIZ,18:00,2026-07-15 17:53:15,0.0081008100810081,10,0.0677867902665121,8,0.071578947368421,9,0.1998779371376259,6,0.0281046805744494,0.1187639631964001,9.0,9.0
2026-07-15 17:55:40,2026-07-15,İstanbul  (40. Y.G.),226179,20260715_İstanbul_226179,114611,KINZHAL,1.05,H.KARATAŞ,18:00,2026-07-15 17:53:15,0.3778625954198473,1,0.1981721981721981,1,0.6938083121289228,1,0.4232209737827715,1,0.5184741918911551,0.7660284955521023,1.0,1.0
2026-07-15 17:55:40,2026-07-15,İstanbul  (40. Y.G.),226179,20260715_İstanbul_226179,114020,MILKYWAY,20.8,B.AKÇAY,18:00,2026-07-15 17:53:15,0.0383428823270163,4,0.0878712871287129,4,0.1599736668861093,5,0.1998779371376259,7,0.0502255682546116,0.1605486470075156,4.0,5.0
2026-07-15 17:55:40,2026-07-15,İstanbul  (40. Y.G.),226179,20260715_İstanbul_226179,113282,NINJA QUEEN,34.35,N.AVCİ,18:00,2026-07-15 17:53:15,0.0194099378881987,7,0.0920306768922974,3,0.1025641025641025,7,0.3235294117647059,3,0.0394021068560437,0.1935063943932623,7.0,4.0
2026-07-15 17:55:40,2026-07-15,İstanbul  (40. Y.G.),226179,20260715_İstanbul_226179,115273,SILENT TUNGUSKA,56.7,S.AKBULAT,18:00,2026-07-15 17:53:15,0.0081008100810081,11,0.036770921386306,11,0.0565623283909939,11,0.136432541687721,11,0.0149304979897343,0.0758280062869372,10.0,10.0
2026-07-15 17:55:40,2026-07-15,İstanbul  (40. Y.G.),226179,20260715_İstanbul_226179,112608,TAŞKININ SEVDASI,21.3,E.AKTUĞ,18:00,2026-07-15 17:53:15,0.043144424131627,3,0.0878712871287129,5,0.1599736668861093,6,0.1998779371376259,8,0.0495678117645343,0.158917461981898,5.0,6.0
2026-07-15 17:55:40,2026-07-15,İstanbul  (40. Y.G.),226179,20260715_İstanbul_226179,113807,TOUCH THE TOP,,C.ALTUN,18:00,2026-07-15 17:53:15,0.0194099378881987,8,0.0544399821508255,10,0.096078431372549,8,0.1998779371376259,9,,,,
2026-07-15 17:55:40,2026-07-15,İstanbul  (40. Y.G.),226179,20260715_İstanbul_226179,113418,UZZO,15.95,A.KURŞUN,18:00,2026-07-15 17:53:15,0.0323353293413173,6,0.0878712871287129,6,0.2096969696969697,3,0.2940813810110974,4,0.0582095065986403,0.2426269206040673,3.0,3.0
2026-07-15 17:55:40,2026-07-15,Elazığ  (22. Y.G.),226172,20260715_Elazığ_226172,110888,ALGHABRA,43.05,M.DOĞAN,17:45,2026-07-15 17:53:24,0.0127931769722814,12,0.0241333918385256,13,0.0462107208872458,14,0.0655629139072847,13,0.0129741094769732,0.0496766018749125,14.0,14.0
2026-07-15 17:55:40,2026-07-15,Elazığ  (22. Y.G.),226172,20260715_Elazığ_226172,112520,ALİYE ANA,7.7,A.ÇANKAYA,17:45,2026-07-15 17:53:24,0.0688559322033898,3,0.0544399821508255,4,0.2987197724039829,2,0.1838487972508591,4,0.0629337310692546,0.2324596347760469,4.0,4.0
2026-07-15 17:55:40,2026-07-15,Elazığ  (22. Y.G.),226172,20260715_Elazığ_226172,111887,ALİZE RÜZGARI,2.9,İ.KATAR,17:45,2026-07-15 17:53:24,0.2276785714285714,1,0.0920306768922974,1,0.5612244897959183,1,0.5018867924528304,1,0.1639085372650547,0.6213640842126961,1.0,1.0
2026-07-15 17:55:40,2026-07-15,Elazığ  (22. Y.G.),226172,20260715_Elazığ_226172,113245,ARSELYA,6.6,İ.AKYAVUZ,17:45,2026-07-15 17:53:24,0.0688559322033898,4,0.0878712871287129,2,0.2524357838795394,4,0.2049180327868852,2,0.0970676384865422,0.267064417045308,2.0,2.0
2026-07-15 17:55:40,2026-07-15,Elazığ  (22. Y.G.),226172,20260715_Elazığ_226172,109086,CAN HİLALİM,43.75,A.ŞENBAHAR,17:45,2026-07-15 17:53:24,0.0058699225170227,15,0.0047288310920644,15,0.0138026224982746,15,0.0325149303251493,15,0.0039216643959557,0.0291658376579787,15.0,15.0
2026-07-15 17:55:40,2026-07-15,Elazığ  (22. Y.G.),226172,20260715_Elazığ_226172,112728,CANŞİLAN,41.65,H.ALTUNKILIÇ,17:45,2026-07-15 17:53:24,0.0102622576966932,14,0.0272695892302381,10,0.0565623283909939,11,0.1191588785046729,9,0.0144596938084108,0.0795959947255844,13.0,11.0
2026-07-15 17:55:40,2026-07-15,Elazığ  (22. Y.G.),226172,20260715_Elazığ_226172,110834,ÇİĞDEMGELİN,21.3,M.E.DOĞAN,17:45,2026-07-15 17:53:24,0.0127931769722814,13,0.0241333918385256,14,0.071578947368421,9,0.1048076923076923,10,0.0193658564404097,0.0984058578908645,11.0,9.0
2026-07-15 17:55:40,2026-07-15,Elazığ  (22. Y.G.),226172,20260715_Elazığ_226172,122329,EDEPLİ,20.55,N.ALTIN,17:45,2026-07-15 17:53:24,0.0383428823270163,7,0.0544399821508255,5,0.1246105919003115,7,0.136432541687721,5,0.0358852140798696,0.1219061407973284,8.0,8.0
2026-07-15 17:55:40,2026-07-15,Elazığ  (22. Y.G.),226172,20260715_Elazığ_226172,112517,GÜLBİN TAY,36.95,M.N.SUNKAR,17:45,2026-07-15 17:53:24,0.0194099378881987,10,0.0878712871287129,3,0.0625,10,0.1998779371376259,3,0.0370485486831545,0.1264454748259906,7.0,7.0
2026-07-15 17:55:40,2026-07-15,Elazığ  (22. Y.G.),226172,20260715_Elazığ_226172,108321,LAVİN DENİZİ,32.25,Y.ÇELİKBAŞ,17:45,2026-07-15 17:53:24,0.0194099378881987,11,0.0272695892302381,11,0.0565623283909939,12,0.0754985754985755,12,0.016715224810121,0.0633807701353646,12.0,12.0
2026-07-15 17:55:40,2026-07-15,Elazığ  (22. Y.G.),226172,20260715_Elazığ_226172,117252,SERHANTAYIN KIZI,31.2,R.DOĞAN,17:45,2026-07-15 17:53:24,0.0383428823270163,8,0.0544399821508255,6,0.0565623283909939,13,0.0655629139072847,14,0.0283722708276139,0.0579255681812816,9.0,13.0
2026-07-15 17:55:40,2026-07-15,Elazığ  (22. Y.G.),226172,20260715_Elazığ_226172,109116,SEYRAN ABLA,9.35,A.H.BAYAR,17:45,2026-07-15 17:53:24,0.066610455311973,5,0.0544399821508255,7,0.2096969696969697,5,0.136432541687721,6,0.0562132511043149,0.1732598216915848,5.0,5.0
2026-07-15 17:55:40,2026-07-15,Elazığ  (22. Y.G.),226172,20260715_Elazığ_226172,111210,SEYYARETAY,4.8,A.AKDEMİR,17:45,2026-07-15 17:53:24,0.0928853754940711,2,0.0544399821508255,8,0.2987197724039829,3,0.136432541687721,7,0.0834533929662089,0.2330915219438099,3.0,3.0
2026-07-15 17:55:40,2026-07-15,Elazığ  (22. Y.G.),226172,20260715_Elazığ_226172,109783,TRIAN,20.7,M.A.AKTÜRK,17:45,2026-07-15 17:53:24,0.0282861896838602,9,0.0272695892302381,12,0.096078431372549,8,0.0926216640502354,11,0.0215194581816976,0.0909486584084605,10.0,10.0
2026-07-15 17:55:40,2026-07-15,Elazığ  (22. Y.G.),226172,20260715_Elazığ_226172,116333,YAZ MELTEMİ,10.75,Y.CENGİZ,17:45,2026-07-15 17:53:24,0.0511111111111111,6,0.0415282392026578,9,0.1542130365659777,6,0.136432541687721,8,0.0426174860585809,0.162850423195256,6.0,6.0
2026-07-15 18:55:37,2026-07-15,Elazığ  (22. Y.G.),226173,20260715_Elazığ_226173,122567,ALPERİN KIZI,18.05,MEH.TAŞKAYA,18:30,2026-07-15 18:53:15,0.0282861896838602,7,0.1685393258426966,4,0.2096969696969697,5,0.4348659003831417,4,0.0908622095163599,0.3241133263712129,4.0,4.0
2026-07-15 18:55:37,2026-07-15,Elazığ  (22. Y.G.),226173,20260715_Elazığ_226173,115033,ASPUWA,1.65,H.ALTUNKILIÇ,18:30,2026-07-15 18:53:15,0.3217054263565891,1,0.2202283849918433,2,0.6938083121289228,1,0.5767575322812053,1,0.4017135726579411,0.7588917921357049,1.0,1.0
2026-07-15 18:55:37,2026-07-15,Elazığ  (22. Y.G.),226173,20260715_Elazığ_226173,113610,PRENSES FEHİME,2.55,İ.AKYAVUZ,18:30,2026-07-15 18:53:15,0.2455197132616487,2,0.2470214455917394,1,0.6,2,0.5767575322812053,2,0.3364430832347667,0.6911422229490198,2.0,2.0
2026-07-15 18:55:37,2026-07-15,Elazığ  (22. Y.G.),226173,20260715_Elazığ_226173,112688,IRRITABLE GIRL,20.4,M.DOĞAN,18:30,2026-07-15 18:53:15,0.0248587570621468,8,0.0544399821508255,8,0.1599736668861093,8,0.2542483660130719,8,0.0359935918168102,0.1975876375523413,8.0,8.0
2026-07-15 18:55:37,2026-07-15,Elazığ  (22. Y.G.),226173,20260715_Elazığ_226173,122378,AŞAN STAR,15.35,N.ALTIN,18:30,2026-07-15 18:53:15,0.066610455311973,3,0.2125714285714285,3,0.3775100401606426,3,0.5573394495412843,3,0.1192337861142788,0.4289742127375547,3.0,3.0
2026-07-15 18:55:37,2026-07-15,Elazığ  (22. Y.G.),226173,20260715_Elazığ_226173,115478,EMPRESS GIRL,22.3,M.A.AKTÜRK,18:30,2026-07-15 18:53:15,0.043144424131627,4,0.1194029850746268,5,0.2096969696969697,6,0.3821596244131455,5,0.0618853149489362,0.2678958124498397,5.0,5.0
2026-07-15 18:55:37,2026-07-15,Elazığ  (22. Y.G.),226173,20260715_Elazığ_226173,114000,LARALİVA,23.25,A.AKDEMİR,18:30,2026-07-15 18:53:15,0.0312093628088426,6,0.07007007007007,7,0.16,7,0.3358954650269023,6,0.0403496874322763,0.2357990487527219,7.0,7.0
2026-07-15 18:55:37,2026-07-15,Elazığ  (22. Y.G.),226173,20260715_Elazığ_226173,121767,NİSANUR HAT,34.85,S.KAPLAN,18:30,2026-07-15 18:53:15,0.0194099378881987,9,0.0272695892302381,9,0.08,9,0.0926216640502354,9,0.0159779408900741,0.0712359062686474,9.0,9.0
2026-07-15 18:55:37,2026-07-15,Elazığ  (22. Y.G.),226173,20260715_Elazığ_226173,122446,THE BIG RUNNER,17.55,İ.KATAR,18:30,2026-07-15 18:53:15,0.043144424131627,5,0.0878712871287129,6,0.2987197724039829,4,0.3358954650269023,7,0.0559300292158011,0.2627763327519661,6.0,6.0
2026-07-15 19:25:34,2026-07-15,Elazığ  (22. Y.G.),226171,20260715_Elazığ_226171,113715,AFRİKA SULTANI,3.25,A.AKDEMİR,19:00,2026-07-15 19:23:14,0.2,1,0.07007007007007,4,0.4645844952593418,1,0.1630546955624355,8,0.1268098873826052,0.3105544483268228,1.0,2.0
2026-07-15 19:25:34,2026-07-15,Elazığ  (22. Y.G.),226171,20260715_Elazığ_226171,121771,BALTIMORE,12.2,R.DOĞAN,19:00,2026-07-15 19:23:14,0.0282861896838602,11,0.0272695892302381,12,0.1025641025641025,10,0.0655629139072847,14,0.0291972553797387,0.0906331522033228,9.0,11.0
2026-07-15 19:25:34,2026-07-15,Elazığ  (22. Y.G.),226171,20260715_Elazığ_226171,108589,BİRİNCİSOY,9.0,A.ŞENBAHAR,19:00,2026-07-15 19:23:14,0.0625,4,0.0544399821508255,5,0.2524357838795394,3,0.223516361619523,3,0.0574664580014554,0.2502337285050142,5.0,4.0
2026-07-15 19:25:34,2026-07-15,Elazığ  (22. Y.G.),226171,20260715_Elazığ_226171,112005,BUZ KRALİÇESİ,4.5,İ.AKYAVUZ,19:00,2026-07-15 19:23:14,0.1347190146266358,2,0.0920306768922974,1,0.3775100401606426,2,0.3395860284605432,1,0.1253367325778969,0.4309528375253176,2.0,1.0
2026-07-15 19:25:34,2026-07-15,Elazığ  (22. Y.G.),226171,20260715_Elazığ_226171,113387,CANGÜLİSTAN,41.9,Y.ÇELİKBAŞ,19:00,2026-07-15 19:23:14,0.0194099378881987,12,0.0415282392026578,8,0.0565623283909939,13,0.105865522174535,10,0.0196551012596755,0.0724459771800314,13.0,12.0
2026-07-15 19:25:34,2026-07-15,Elazığ  (22. Y.G.),226171,20260715_Elazığ_226171,109162,KETRİN,19.05,Y.CENGİZ,19:00,2026-07-15 19:23:14,0.0323353293413173,8,0.0544399821508255,6,0.1201780415430267,9,0.1191588785046729,9,0.0374525358279072,0.1139822503061711,8.0,9.0
2026-07-15 19:25:34,2026-07-15,Elazığ  (22. Y.G.),226171,20260715_Elazığ_226171,108797,KIZIM DAMLA,12.35,N.ALTIN,19:00,2026-07-15 19:23:14,0.0329004329004329,7,0.0544399821508255,7,0.1542130365659777,7,0.1838487972508591,6,0.0479032667918653,0.1903942029177775,6.0,7.0
2026-07-15 19:25:34,2026-07-15,Elazığ  (22. Y.G.),226171,20260715_Elazığ_226171,112126,MOSKOVALI TANYA,12.9,İ.KATAR,19:00,2026-07-15 19:23:14,0.0801393728222996,3,0.0878712871287129,2,0.2206106870229007,5,0.2940813810110974,2,0.0664663681236071,0.2661140025422814,3.0,3.0
2026-07-15 19:25:34,2026-07-15,Elazığ  (22. Y.G.),226171,20260715_Elazığ_226171,110249,NEHİRAFRA,49.85,A.ÇANKAYA,19:00,2026-07-15 19:23:14,0.0127931769722814,13,0.0272695892302381,13,0.0462107208872458,15,0.0754985754985755,12,0.0130620039806067,0.05154505317122,15.0,15.0
2026-07-15 19:25:34,2026-07-15,Elazığ  (22. Y.G.),226171,20260715_Elazığ_226171,116319,NERGİS SULTAN,24.25,M.DOĞAN,19:00,2026-07-15 19:23:14,0.0323353293413173,9,0.0415282392026578,9,0.1318681318681319,8,0.17,7,0.0267608886134597,0.1339302921757895,10.0,8.0
2026-07-15 19:25:34,2026-07-15,Elazığ  (22. Y.G.),226171,20260715_Elazığ_226171,109356,RÖLESME,39.2,H.YÖNDEN,19:00,2026-07-15 19:23:14,0.0127931769722814,14,0.0251379521765787,14,0.0565623283909939,14,0.0655629139072847,15,0.0140962445413931,0.0519477016505295,14.0,14.0
2026-07-15 19:25:34,2026-07-15,Elazığ  (22. Y.G.),226171,20260715_Elazığ_226171,108886,SON KRALİÇE,13.55,M.A.AKTÜRK,19:00,2026-07-15 19:23:14,0.0580793559516963,5,0.0878712871287129,3,0.1599736668861093,6,0.1998779371376259,4,0.0646663699311051,0.1947602552550835,4.0,6.0
2026-07-15 19:25:34,2026-07-15,Elazığ  (22. Y.G.),226171,20260715_Elazığ_226171,120915,ŞAHİDE ZÜMRA,29.75,H.ALTUNKILIÇ,19:00,2026-07-15 19:23:14,0.0312093628088426,10,0.036770921386306,10,0.071578947368421,12,0.0754985754985755,13,0.0217940182769535,0.065846651054441,11.0,13.0
2026-07-15 19:25:34,2026-07-15,Elazığ  (22. Y.G.),226171,20260715_Elazığ_226171,111795,TAÇSIZKIZ,7.7,A.H.BAYAR,19:00,2026-07-15 19:23:14,0.043144424131627,6,0.036770921386306,11,0.2233502538071066,4,0.1998779371376259,5,0.0474842166864606,0.2464154251166086,7.0,5.0
2026-07-15 19:25:34,2026-07-15,Elazığ  (22. Y.G.),226171,20260715_Elazığ_226171,113982,TALİHLİ KIZ,17.6,M.E.DOĞAN,19:00,2026-07-15 19:23:14,0.0127931769722814,15,0.0241333918385256,15,0.0873108265424912,11,0.105865522174535,11,0.021608830479429,0.1082499970167274,12.0,10.0
2026-07-15 19:55:53,2026-07-15,Elazığ  (22. Y.G.),226176,20260715_Elazığ_226176,91694,BAŞ ALP,13.65,N.ALTIN,19:30,2026-07-15 19:53:15,0.043144424131627,4,0.0810074880871341,6,0.2206106870229007,5,0.2940813810110974,4,0.059615901204191,0.2573698185358641,5.0,5.0
2026-07-15 19:55:53,2026-07-15,Elazığ  (22. Y.G.),226176,20260715_Elazığ_226176,102001,DEBDEBE,26.5,R.DOĞAN,19:30,2026-07-15 19:53:15,0.043144424131627,5,0.0920306768922974,3,0.1599736668861093,7,0.2940813810110974,5,0.0453767565427862,0.1977185326554872,7.0,8.0
2026-07-15 19:55:53,2026-07-15,Elazığ  (22. Y.G.),226176,20260715_Elazığ_226176,83487,DÖRTNALBEYİ,13.45,Y.CENGİZ,19:30,2026-07-15 19:53:15,0.0580793559516963,3,0.07007007007007,8,0.2524357838795394,4,0.2542483660130719,8,0.0539957709764137,0.2313679570971799,6.0,7.0
2026-07-15 19:55:53,2026-07-15,Elazığ  (22. Y.G.),226176,20260715_Elazığ_226176,81385,HİLVANLIOĞLU,3.75,İ.AKYAVUZ,19:30,2026-07-15 19:53:15,0.2455197132616487,1,0.1685393258426966,2,0.5202634245187439,2,0.4035087719298246,1,0.2082412217326215,0.5042675494719078,2.0,2.0
2026-07-15 19:55:53,2026-07-15,Elazığ  (22. Y.G.),226176,20260715_Elazığ_226176,98688,KRALCEVHERİ,2.75,İ.KATAR,19:30,2026-07-15 19:53:15,0.2455197132616487,2,0.1981721981721981,1,0.6339113680154144,1,0.4035087719298246,2,0.2757830226005575,0.5536170162189781,1.0,1.0
2026-07-15 19:55:53,2026-07-15,Elazığ  (22. Y.G.),226176,20260715_Elazığ_226176,97620,MELİHTAY,57.2,H.ALTUNKILIÇ,19:30,2026-07-15 19:53:15,0.0194099378881987,11,0.036770921386306,12,0.0462107208872458,12,0.1191588785046729,12,0.0148206732794845,0.0677322786160065,13.0,14.0
2026-07-15 19:55:53,2026-07-15,Elazığ  (22. Y.G.),226176,20260715_Elazığ_226176,106533,MUŞFIRTINASI,41.95,M.IŞIK,19:30,2026-07-15 19:53:15,0.0081008100810081,13,0.0251379521765787,14,0.0462107208872458,13,0.1048076923076923,13,0.0133363444064079,0.0708484264287514,14.0,13.0
2026-07-15 19:55:53,2026-07-15,Elazığ  (22. Y.G.),226176,20260715_Elazığ_226176,102860,NESİB,25.1,A.AKDEMİR,19:30,2026-07-15 19:53:15,0.0323353293413173,8,0.07007007007007,9,0.1542130365659777,9,0.1998779371376259,9,0.0380570786666242,0.1477653049074291,10.0,9.0
2026-07-15 19:55:53,2026-07-15,Elazığ  (22. Y.G.),226176,20260715_Elazığ_226176,81581,OĞLUMBENİM,56.5,S.KAPLAN,19:30,2026-07-15 19:53:15,0.0058699225170227,14,0.0193905817174515,15,0.0247026532479414,17,0.0655629139072847,15,0.0093146020941028,0.0429963108402741,18.0,17.0
2026-07-15 19:55:53,2026-07-15,Elazığ  (22. Y.G.),226176,20260715_Elazığ_226176,96389,QUATRO,25.1,M.BAL,19:30,2026-07-15 19:53:15,0.0058699225170227,15,0.015299026425591,17,0.0462107208872458,14,0.0926216640502354,14,0.0124325081007667,0.0819719398455738,15.0,12.0
2026-07-15 19:55:53,2026-07-15,Elazığ  (22. Y.G.),226176,20260715_Elazığ_226176,101147,SEHHAR,19.75,A.H.BAYAR,19:30,2026-07-15 19:53:15,0.043144424131627,6,0.0544399821508255,10,0.1542130365659777,10,0.16359918200409,11,0.0360802985207785,0.1404896285711623,11.0,10.0
2026-07-15 19:55:53,2026-07-15,Elazığ  (22. Y.G.),226176,20260715_Elazığ_226176,99120,TAŞTEPE,10.4,M.DOĞAN,19:30,2026-07-15 19:53:15,0.0248587570621468,9,0.0810074880871341,7,0.1599736668861093,8,0.2940813810110974,6,0.0694575372701974,0.2856442873706278,4.0,4.0
2026-07-15 19:55:53,2026-07-15,Elazığ  (22. Y.G.),226176,20260715_Elazığ_226176,106468,TEKİR BEYİ,39.6,M.A.AKTÜRK,19:30,2026-07-15 19:53:15,0.0058699225170227,16,0.036770921386306,13,0.041860465116279,16,0.0521861777150916,18,0.0182313261993209,0.0429369305582781,12.0,18.0
2026-07-15 19:55:53,2026-07-15,Elazığ  (22. Y.G.),226176,20260715_Elazığ_226176,97242,VİTAL,10.75,A.ÇANKAYA,19:30,2026-07-15 19:53:15,0.043144424131627,7,0.0920306768922974,4,0.2987197724039829,3,0.3358954650269023,3,0.0748952244414166,0.3120967030515618,3.0,3.0
2026-07-15 19:55:53,2026-07-15,Elazığ  (22. Y.G.),226176,20260715_Elazığ_226176,104592,ÇAPUTHAN,14.45,M.N.SUNKAR,19:30,2026-07-15 19:53:15,0.0248587570621468,10,0.0544399821508255,11,0.2096969696969697,6,0.2693370165745856,7,0.0430606975236164,0.2350405586993015,8.0,6.0
2026-07-15 19:55:53,2026-07-15,Elazığ  (22. Y.G.),226176,20260715_Elazığ_226176,111355,OĞUZBEYİ,54.15,A.ŞENBAHAR,19:30,2026-07-15 19:53:15,0.0058699225170227,17,0.0193905817174515,16,0.0247026532479414,18,0.0655629139072847,16,0.0095412889118675,0.0438797539400199,17.0,16.0
2026-07-15 19:55:53,2026-07-15,Elazığ  (22. Y.G.),226176,20260715_Elazığ_226176,113331,SAVT,24.4,Y.ÇELİKBAŞ,19:30,2026-07-15 19:53:15,0.0058699225170227,18,0.0124031007751937,18,0.0462107208872458,15,0.0538720538720538,17,0.0108486240684617,0.0554993115994429,16.0,15.0
2026-07-15 19:55:53,2026-07-15,Elazığ  (22. Y.G.),226176,20260715_Elazığ_226176,106914,DEMİR ATLAS,31.75,MEH.TAŞKAYA,19:30,2026-07-15 19:53:15,0.0194099378881987,12,0.0920306768922974,5,0.071578947368421,11,0.1998779371376259,10,0.04105752911227,0.1333809319915539,9.0,11.0
2026-07-15 20:25:30,2026-07-15,Elazığ  (22. Y.G.),226175,20260715_Elazığ_226175,112535,DEDEBEDO,21.9,A.AKDEMİR,20:00,2026-07-15 20:23:15,0.0383428823270163,7,0.0878712871287129,8,0.16,7,0.332258064516129,7,0.0494665346149706,0.239166277044363,7.0,7.0
2026-07-15 20:25:30,2026-07-15,Elazığ  (22. Y.G.),226175,20260715_Elazığ_226175,116582,KOŞ ARTUN,7.1,İ.KATAR,20:00,2026-07-15 20:23:15,0.158351409978308,5,0.2954248366013072,2,0.4645844952593418,5,0.638184245660881,1,0.2295376053184111,0.5927014655098863,4.0,2.0
2026-07-15 20:25:30,2026-07-15,Elazığ  (22. Y.G.),226175,20260715_Elazığ_226175,110001,SEDERİ GÜZELİ,16.85,H.ALTUNKILIÇ,20:00,2026-07-15 20:23:15,0.0383428823270163,8,0.1414812354699435,6,0.2422145328719722,6,0.4348659003831417,5,0.0822186721052553,0.331974089310048,6.0,6.0
2026-07-15 20:25:30,2026-07-15,Elazığ  (22. Y.G.),226175,20260715_Elazığ_226175,122441,ŞUBAT BEY,3.3,İ.AKYAVUZ,20:00,2026-07-15 20:23:15,0.1818181818181818,3,0.2581755593803786,3,0.4796573875802997,2,0.5018867924528304,4,0.3032006923191018,0.6011142484509883,2.0,1.0
2026-07-15 20:25:30,2026-07-15,Elazığ  (22. Y.G.),226175,20260715_Elazığ_226175,112401,TELLİ DERELİ,2.35,Y.CENGİZ,20:00,2026-07-15 20:23:15,0.2276785714285714,1,0.1981721981721981,5,0.4796573875802997,3,0.3778801843317972,6,0.3061763409035802,0.5657604352125908,1.0,3.0
2026-07-15 20:25:30,2026-07-15,Elazığ  (22. Y.G.),226175,20260715_Elazığ_226175,116320,GÜNÇİÇEK,6.7,N.ALTIN,20:00,2026-07-15 20:23:15,0.2276785714285714,2,0.36,1,0.5202634245187439,1,0.5767575322812053,2,0.2766418606958751,0.5537773895451614,3.0,4.0
2026-07-15 20:25:30,2026-07-15,Elazığ  (22. Y.G.),226175,20260715_Elazığ_226175,111108,GÜZELBİLGE,31.7,A.ÇANKAYA,20:00,2026-07-15 20:23:15,0.0248587570621468,9,0.0544399821508255,9,0.1201780415430267,9,0.223516361619523,9,0.0280939603874055,0.147908834402192,9.0,9.0
2026-07-15 20:25:30,2026-07-15,Elazığ  (22. Y.G.),226175,20260715_Elazığ_226175,117121,ZENGHAT,6.75,A.H.BAYAR,20:00,2026-07-15 20:23:15,0.1781226903178122,4,0.2470214455917394,4,0.4796573875802997,4,0.5313225058004639,3,0.2047399621783159,0.518832179270865,5.0,5.0
2026-07-15 20:25:30,2026-07-15,Elazığ  (22. Y.G.),226175,20260715_Elazığ_226175,120677,BİLGİNURKIZI,26.65,S.KAPLAN,20:00,2026-07-15 20:23:15,0.043144424131627,6,0.0920306768922974,7,0.1599736668861093,8,0.2693370165745856,8,0.0459527483468373,0.1854643977119354,8.0,8.0
2026-07-15 20:55:26,2026-07-15,Elazığ  (22. Y.G.),226174,20260715_Elazığ_226174,98586,ÇAĞANIM,14.95,M.DOĞAN,20:30,2026-07-15 20:53:12,0.043144424131627,6,0.0544399821508255,5,0.1816160118606375,6,0.223516361619523,4,0.0429350626962427,0.2032490530510636,7.0,6.0
2026-07-15 20:55:26,2026-07-15,Elazığ  (22. Y.G.),226174,20260715_Elazığ_226174,106009,EL VERDUGO,13.7,İ.AKYAVUZ,20:30,2026-07-15 20:53:12,0.0194099378881987,11,0.0272695892302381,10,0.1,10,0.136432541687721,10,0.0272747798288705,0.1461073250116545,10.0,9.0
2026-07-15 20:55:26,2026-07-15,Elazığ  (22. Y.G.),226174,20260715_Elazığ_226174,105807,FOOT LOOS,2.85,H.ALTUNKILIÇ,20:30,2026-07-15 20:53:12,0.066610455311973,4,0.0272695892302381,11,0.3775100401606426,2,0.1438848920863309,8,0.0724808859664108,0.3053759839630208,4.0,3.0
2026-07-15 20:55:26,2026-07-15,Elazığ  (22. Y.G.),226174,20260715_Elazığ_226174,105105,LADY İSİS,13.3,Y.CENGİZ,20:30,2026-07-15 20:53:12,0.0312093628088426,10,0.036770921386306,9,0.1542130365659777,7,0.17,7,0.0344715112282986,0.1740098232375988,8.0,7.0
2026-07-15 20:55:26,2026-07-15,Elazığ  (22. Y.G.),226174,20260715_Elazığ_226174,103930,ATLANTIC BLACK,4.2,MEH.TAŞKAYA,20:30,2026-07-15 20:53:12,0.1556473829201102,1,0.1414812354699435,1,0.3775100401606426,3,0.332258064516129,3,0.1759313219141942,0.4349051275508577,1.0,1.0
2026-07-15 20:55:26,2026-07-15,Elazığ  (22. Y.G.),226174,20260715_Elazığ_226174,107140,OĞLUM SALİH,8.6,A.ÇANKAYA,20:30,2026-07-15 20:53:12,0.0580793559516963,5,0.0544399821508255,6,0.2524357838795394,5,0.2049180327868852,5,0.0589632606453542,0.2395008078484485,5.0,5.0
2026-07-15 20:55:26,2026-07-15,Elazığ  (22. Y.G.),226174,20260715_Elazığ_226174,97638,ABDÜL,9.05,A.AKDEMİR,20:30,2026-07-15 20:53:12,0.1556473829201102,2,0.0920306768922974,3,0.4049079754601227,1,0.3358954650269023,2,0.083837521292136,0.3355850787961132,3.0,2.0
2026-07-15 20:55:26,2026-07-15,Elazığ  (22. Y.G.),226174,20260715_Elazığ_226174,102220,ÇELİ BEZA,35.2,Ç.CANPOLAT,20:30,2026-07-15 20:53:12,0.0329004329004329,9,0.045021645021645,8,0.1318681318681319,8,0.1838487972508591,6,0.0230042398034144,0.1207235725054851,11.0,10.0
2026-07-15 20:55:26,2026-07-15,Elazığ  (22. Y.G.),226174,20260715_Elazığ_226174,97746,JAN AQUA,16.1,İ.KATAR,20:30,2026-07-15 20:53:12,0.1114070128717266,3,0.1414812354699435,2,0.2773584905660378,4,0.3634615384615384,1,0.0842909329267972,0.2897278753598297,2.0,4.0
2026-07-15 20:55:26,2026-07-15,Elazığ  (22. Y.G.),226174,20260715_Elazığ_226174,105799,BALDUR,37.9,A.H.BAYAR,20:30,2026-07-15 20:53:12,0.0194099378881987,12,0.0272695892302381,12,0.0565623283909939,13,0.1191588785046729,11,0.0152425347360877,0.0830987570714917,13.0,13.0
2026-07-15 20:55:26,2026-07-15,Elazığ  (22. Y.G.),226174,20260715_Elazığ_226174,105723,KIZIM ELAY,20.7,M.E.DOĞAN,20:30,2026-07-15 20:53:12,0.0194099378881987,13,0.0241333918385256,13,0.096078431372549,11,0.105865522174535,13,0.0196718713908811,0.1004048085879582,12.0,12.0
2026-07-15 20:55:26,2026-07-15,Elazığ  (22. Y.G.),226174,20260715_Elazığ_226174,89734,ANADOLU KAPLANI,9.35,M.A.AKTÜRK,20:30,2026-07-15 20:53:12,0.043144424131627,7,0.0544399821508255,7,0.1318681318681319,9,0.1191588785046729,12,0.0561734378479534,0.1573050848578854,6.0,8.0
2026-07-15 20:55:26,2026-07-15,Elazığ  (22. Y.G.),226174,20260715_Elazığ_226174,79309,ATOM CEMİL,26.8,N.ALTIN,20:30,2026-07-15 20:53:12,0.0383428823270163,8,0.0555555555555555,4,0.0912408759124087,12,0.1438848920863309,9,0.0313494695616054,0.1125705418645231,9.0,11.0
2026-07-15 21:25:30,2026-07-15,Elazığ  (22. Y.G.),226177,20260715_Elazığ_226177,102684,DENİZİM GÜLÜ,15.55,M.N.SUNKAR,21:00,2026-07-15 21:23:14,0.0323353293413173,8,0.0251379521765787,9,0.096078431372549,9,0.081081081081081,9,0.0204441845063162,0.0829505516354042,10.0,10.0
2026-07-15 21:25:30,2026-07-15,Elazığ  (22. Y.G.),226177,20260715_Elazığ_226177,103561,ZEYNEPCANKIZI,9.8,M.A.AKTÜRK,21:00,2026-07-15 21:23:14,0.1114070128717266,1,0.102127659574468,2,0.2233502538071066,4,0.2693370165745856,3,0.0744643442517875,0.2490664576516848,3.0,4.0
2026-07-15 21:25:30,2026-07-15,Elazığ  (22. Y.G.),226177,20260715_Elazığ_226177,105186,ROYALCAN,2.4,A.AKDEMİR,21:00,2026-07-15 21:23:14,0.0580793559516963,4,0.0241333918385256,11,0.3775100401606426,2,0.136432541687721,6,0.0621283108836668,0.2823662013776989,4.0,3.0
2026-07-15 21:25:30,2026-07-15,Elazığ  (22. Y.G.),226177,20260715_Elazığ_226177,110989,NAZLI BERRA,7.2,İ.AKYAVUZ,21:00,2026-07-15 21:23:14,0.0383428823270163,6,0.0878712871287129,3,0.2987197724039829,3,0.3395860284605432,2,0.0791491336384057,0.3332788365788591,2.0,2.0
2026-07-15 21:25:30,2026-07-15,Elazığ  (22. Y.G.),226177,20260715_Elazığ_226177,106872,BÜYÜK POYRAZ,6.25,N.ALTIN,21:00,2026-07-15 21:23:14,0.1114070128717266,2,0.2202283849918433,1,0.3798561151079136,1,0.4575688073394495,1,0.1698416493941056,0.437829665235086,1.0,1.0
2026-07-15 21:25:30,2026-07-15,Elazığ  (22. Y.G.),226177,20260715_Elazığ_226177,102983,ÇİMENGÖZ,27.7,M.E.DOĞAN,21:00,2026-07-15 21:23:14,0.0127931769722814,13,0.0251379521765787,10,0.0462107208872458,14,0.0655629139072847,14,0.0147115652280169,0.0538498789482895,13.0,14.0
2026-07-15 21:25:30,2026-07-15,Elazığ  (22. Y.G.),226177,20260715_Elazığ_226177,106379,ESRA KIZ,16.1,Y.ÇELİKBAŞ,21:00,2026-07-15 21:23:14,0.0102622576966932,14,0.0193905817174515,12,0.0912408759124087,10,0.0754716981132075,12,0.0165895414845943,0.0773865847052618,12.0,11.0
2026-07-15 21:25:30,2026-07-15,Elazığ  (22. Y.G.),226177,20260715_Elazığ_226177,98872,KARACA DÜNYA,10.7,Y.CENGİZ,21:00,2026-07-15 21:23:14,0.0248587570621468,10,0.0193905817174515,13,0.1025641025641025,8,0.081081081081081,10,0.0210139349853598,0.0988831301709364,9.0,8.0
2026-07-15 21:25:30,2026-07-15,Elazığ  (22. Y.G.),226177,20260715_Elazığ_226177,100805,KÜHEYLAN BAKÜRA,24.45,A.ÇANKAYA,21:00,2026-07-15 21:23:14,0.0323353293413173,9,0.0677867902665121,4,0.0873108265424912,11,0.1191588785046729,8,0.0329102760959493,0.0897752965785115,7.0,9.0
2026-07-15 21:25:30,2026-07-15,Elazığ  (22. Y.G.),226177,20260715_Elazığ_226177,106897,ASİL CEMRE,33.55,H.ALTUNKILIÇ,21:00,2026-07-15 21:23:14,0.0247191011235955,11,0.0272695892302381,8,0.0625,12,0.081081081081081,11,0.0140111676764601,0.0577195902671382,14.0,13.0
2026-07-15 21:25:30,2026-07-15,Elazığ  (22. Y.G.),226177,20260715_Elazığ_226177,104881,ÇETİNYEL,11.45,İ.KATAR,21:00,2026-07-15 21:23:14,0.066610455311973,3,0.0677867902665121,5,0.1599736668861093,6,0.16359918200409,4,0.0503430720148898,0.1604739917014,6.0,5.0
2026-07-15 21:25:30,2026-07-15,Elazığ  (22. Y.G.),226177,20260715_Elazığ_226177,105015,UĞUR MELEĞİ,2.4,R.DOĞAN,21:00,2026-07-15 21:23:14,0.0511111111111111,5,0.0193905817174515,14,0.1816160118606375,5,0.0521861777150916,15,0.0533219890102849,0.1525998533100804,5.0,6.0
2026-07-15 21:25:30,2026-07-15,Elazığ  (22. Y.G.),226177,20260715_Elazığ_226177,112073,EGENİN PRENSESİ,43.3,A.H.BAYAR,21:00,2026-07-15 21:23:14,0.0247191011235955,12,0.0544399821508255,6,0.0565623283909939,13,0.136432541687721,7,0.0202739909762574,0.0766533284227895,11.0,12.0
2026-07-15 21:25:30,2026-07-15,Elazığ  (22. Y.G.),226177,20260715_Elazığ_226177,111453,EFRUZKIZI,15.35,M.DOĞAN,21:00,2026-07-15 21:23:14,0.0383428823270163,7,0.036770921386306,7,0.1542130365659777,7,0.16359918200409,5,0.0271911222234097,0.1411209095946047,8.0,7.0
2026-07-15 21:25:30,2026-07-15,Elazığ  (22. Y.G.),226177,20260715_Elazığ_226177,106329,MALKOÇ FATİH,48.75,Ç.CANPOLAT,21:00,2026-07-15 21:23:14,0.0058699225170227,15,0.0047288310920644,16,0.0247026532479414,16,0.0353535353535353,16,0.0031576002611106,0.0257959149882949,15.0,15.0
2026-07-15 21:25:30,2026-07-15,Elazığ  (22. Y.G.),226177,20260715_Elazığ_226177,116775,VARTOALAGÖZ,,S.KAPLAN,21:00,2026-07-15 21:23:14,0.0058699225170227,16,0.0128205128205128,15,0.0275590551181102,15,0.0754716981132075,13,,,,
2026-07-15 21:25:30,2026-07-15,Elazığ  (22. Y.G.),226170,20260715_Elazığ_226170,112298,PRENSES FADİLE,7.1,N.ALTIN,21:30,2026-07-15 21:23:14,0.0967741935483871,3,0.1981721981721981,2,0.3286219081272085,2,0.4348659003831417,2,0.1685087561118428,0.4398762565177376,2.0,2.0
2026-07-15 21:25:30,2026-07-15,Elazığ  (22. Y.G.),226170,20260715_Elazığ_226170,111687,ROZERİNA,2.1,İ.AKYAVUZ,21:30,2026-07-15 21:23:14,0.2980132450331126,1,0.2838283828382838,1,0.6938083121289228,1,0.6603650586701434,1,0.4054470117183174,0.7700422872360201,1.0,1.0
2026-07-15 21:25:30,2026-07-15,Elazığ  (22. Y.G.),226170,20260715_Elazığ_226170,108324,ADALAR,9.6,İ.KATAR,21:30,2026-07-15 21:23:14,0.043144424131627,5,0.0272695892302381,12,0.2096969696969697,5,0.1191588785046729,9,0.0335127694514202,0.1551872822901927,10.0,7.0
2026-07-15 21:25:30,2026-07-15,Elazığ  (22. Y.G.),226170,20260715_Elazığ_226170,112518,BÜYÜK HATUN,24.3,M.DOĞAN,21:30,2026-07-15 21:23:14,0.043144424131627,6,0.0920306768922974,4,0.1599736668861093,6,0.278169014084507,4,0.0482778853017882,0.1975876151271175,5.0,5.0
2026-07-15 21:25:30,2026-07-15,Elazığ  (22. Y.G.),226170,20260715_Elazığ_226170,109161,CAN ARAP,29.85,R.DOĞAN,21:30,2026-07-15 21:23:14,0.0247191011235955,12,0.0544399821508255,9,0.071578947368421,12,0.1191588785046729,10,0.0290073341532798,0.0926107170745921,11.0,12.0
2026-07-15 21:25:30,2026-07-15,Elazığ  (22. Y.G.),226170,20260715_Elazığ_226170,112536,CANU CİGER,9.5,A.AKDEMİR,21:30,2026-07-15 21:23:14,0.1114070128717266,2,0.0810074880871341,7,0.2987197724039829,3,0.2542483660130719,5,0.0741558449980649,0.2682558762545351,4.0,4.0
2026-07-15 21:25:30,2026-07-15,Elazığ  (22. Y.G.),226170,20260715_Elazığ_226170,122395,EMOŞUN KIZI,17.35,Y.ÇELİKBAŞ,21:30,2026-07-15 21:23:14,0.0383428823270163,8,0.0677867902665121,8,0.1246105919003115,7,0.1742209631728045,8,0.046309018049536,0.1576976435010318,6.0,6.0
2026-07-15 21:25:30,2026-07-15,Elazığ  (22. Y.G.),226170,20260715_Elazığ_226170,111720,MÜTEVAZİ KIZ,24.05,M.E.DOĞAN,21:30,2026-07-15 21:23:14,0.0127931769722814,13,0.0128205128205128,15,0.071578947368421,13,0.0655629139072847,14,0.011369488185642,0.0654244302077275,15.0,13.0
2026-07-15 21:25:30,2026-07-15,Elazığ  (22. Y.G.),226170,20260715_Elazığ_226170,109938,NALDÖKEN FIRTINASI,26.4,H.ALTUNKILIÇ,21:30,2026-07-15 21:23:14,0.0248587570621468,10,0.0272695892302381,13,0.0873108265424912,11,0.0655629139072847,15,0.0186784599206224,0.0625823177972415,13.0,15.0
2026-07-15 21:25:30,2026-07-15,Elazığ  (22. Y.G.),226170,20260715_Elazığ_226170,112565,RENGİNKIZ,12.15,A.H.BAYAR,21:30,2026-07-15 21:23:14,0.0928853754940711,4,0.1414812354699435,3,0.2524357838795394,4,0.4348659003831417,3,0.0979809186890124,0.3704078252313805,3.0,3.0
2026-07-15 21:25:30,2026-07-15,Elazığ  (22. Y.G.),226170,20260715_Elazığ_226170,108669,RHEA,17.25,M.A.AKTÜRK,21:30,2026-07-15 21:23:14,0.0127931769722814,14,0.0241333918385256,14,0.096078431372549,10,0.1191588785046729,11,0.0218008713705344,0.1189925830786284,12.0,11.0
2026-07-15 21:25:30,2026-07-15,Elazığ  (22. Y.G.),226170,20260715_Elazığ_226170,111808,RUHİNAZ,37.0,MEH.TAŞKAYA,21:30,2026-07-15 21:23:14,0.0248587570621468,11,0.0878712871287129,5,0.0565623283909939,14,0.223516361619523,6,0.0369223396463288,0.138149507809686,9.0,9.0
2026-07-15 21:25:30,2026-07-15,Elazığ  (22. Y.G.),226170,20260715_Elazığ_226170,111241,SİMAYKIZIM,55.9,A.ÇANKAYA,21:30,2026-07-15 21:23:14,0.0127931769722814,15,0.045021645021645,10,0.041860465116279,15,0.1048076923076923,12,0.0177028530651812,0.0626769909506249,14.0,14.0
2026-07-15 21:25:30,2026-07-15,Elazığ  (22. Y.G.),226170,20260715_Elazığ_226170,122102,VARTUHİM,30.85,M.IŞIK,21:30,2026-07-15 21:23:14,0.043144424131627,7,0.0878712871287129,6,0.1246105919003115,8,0.223516361619523,7,0.0408358842886539,0.1494483423927991,7.0,8.0
2026-07-15 21:25:30,2026-07-15,Elazığ  (22. Y.G.),226170,20260715_Elazığ_226170,114556,ZÜLBİYE KIZ,11.2,Y.CENGİZ,21:30,2026-07-15 21:23:14,0.0312093628088426,9,0.036770921386306,11,0.1201780415430267,9,0.096938775510204,13,0.0379981329210156,0.1247705653822671,8.0,10.0
2026-07-16 14:55:38,2026-07-16,Ankara  (38. Y.G.),226209,20260716_Ankara_226209,98029,EL LORD,5.9,E.ATLAMAZ,14:30,2026-07-16 14:53:15,0.1556473829201102,3,0.2470214455917394,2,0.5202634245187439,3,0.5573394495412843,2,0.2194383465065713,0.5573040497635366,2.0,3.0
2026-07-16 14:55:38,2026-07-16,Ankara  (38. Y.G.),226209,20260716_Ankara_226209,103454,MY RAINY HEART,3.15,E.ÇANKAYA,14:30,2026-07-16 14:53:15,0.2276785714285714,1,0.3376623376623376,1,0.6938083121289228,1,0.6603650586701434,1,0.3730990542208928,0.7169436007168523,1.0,1.0
2026-07-16 14:55:38,2026-07-16,Ankara  (38. Y.G.),226209,20260716_Ankara_226209,104962,ATOMIC CAT,,M.S.ÇELİK,14:30,2026-07-16 14:53:15,0.0329004329004329,6,0.1414812354699435,3,0.1816160118606375,6,0.5018867924528304,3,,,,
2026-07-16 14:55:38,2026-07-16,Ankara  (38. Y.G.),226209,20260716_Ankara_226209,101566,ACAR TAY,5.5,M.KESKİN,14:30,2026-07-16 14:53:15,0.1045197740112994,4,0.0677867902665121,5,0.4645844952593418,4,0.3778801843317972,5,0.0898068262043916,0.4328231727244814,4.0,4.0
2026-07-16 14:55:38,2026-07-16,Ankara  (38. Y.G.),226209,20260716_Ankara_226209,102714,FEMALE EAGLE,7.05,M.BAYIR,14:30,2026-07-16 14:53:15,0.0928853754940711,5,0.0544399821508255,6,0.3795811518324607,5,0.332258064516129,6,0.0663281364422844,0.3640897058085435,5.0,5.0
2026-07-16 14:55:38,2026-07-16,Ankara  (38. Y.G.),226209,20260716_Ankara_226209,104782,UNREAL ENGINE,1.9,MÜS.ÇELİK,14:30,2026-07-16 14:53:15,0.2,2,0.0920306768922974,4,0.6477272727272728,2,0.4348659003831417,4,0.218219761489565,0.6467931158776261,3.0,2.0
2026-07-16 15:25:36,2026-07-16,Ankara  (38. Y.G.),226207,20260716_Ankara_226207,109667,LORD VİDAR,5.75,ER.CANKILIÇ,15:00,2026-07-16 15:23:14,0.1114070128717266,4,0.2125714285714285,2,0.5452538631346577,4,0.6603650586701434,2,0.1984605887413018,0.6376143188088271,3.0,3.0
2026-07-16 15:25:36,2026-07-16,Ankara  (38. Y.G.),226207,20260716_Ankara_226207,111512,WORLD CHIEF,3.65,SAL.ÇELİK,15:00,2026-07-16 15:23:14,0.1304836895388076,3,0.1685393258426966,3,0.5777400169923537,3,0.638184245660881,3,0.2146805193953766,0.681681001885266,2.0,2.0
2026-07-16 15:25:36,2026-07-16,Ankara  (38. Y.G.),226207,20260716_Ankara_226207,110805,SEQUOIA,14.15,M.KIYAK,15:00,2026-07-16 15:23:14,0.0183246073298429,5,0.0415282392026578,5,0.2233502538071066,5,0.3395860284605432,5,0.0363241853449957,0.2874428099440669,5.0,5.0
2026-07-16 15:25:36,2026-07-16,Ankara  (38. Y.G.),226207,20260716_Ankara_226207,109025,SPIC AND SPAN,4.25,M.A.SOLMAZ,15:00,2026-07-16 15:23:14,0.1781226903178122,2,0.1414812354699435,4,0.6339113680154144,2,0.5993265993265994,4,0.1746583975522793,0.633331993817196,4.0,4.0
2026-07-16 15:25:36,2026-07-16,Ankara  (38. Y.G.),226207,20260716_Ankara_226207,108993,SÜPER HAN,1.85,MÜS.ÇELİK,15:00,2026-07-16 15:23:14,0.3778625954198473,1,0.3434991974317817,1,0.8396946564885496,1,0.703971119133574,1,0.4839873551835182,0.8116212126040709,1.0,1.0
2026-07-16 15:25:36,2026-07-16,Ankara  (38. Y.G.),226207,20260716_Ankara_226207,108197,EARTHQUAKE,21.15,N.DEMİR,15:00,2026-07-16 15:23:14,0.0127931769722814,6,0.0251379521765787,6,0.2206106870229007,6,0.2940813810110974,6,0.0200053126919072,0.2190085573845866,6.0,6.0
2026-07-16 15:55:36,2026-07-16,Ankara  (38. Y.G.),226213,20260716_Ankara_226213,104279,SÜPER SONİK,,A.ÇELİK,15:30,2026-07-16 15:53:13,0.0282861896838602,7,0.2202283849918433,1,0.1542130365659777,7,0.5313225058004639,1,,,,
2026-07-16 15:55:36,2026-07-16,Ankara  (38. Y.G.),226213,20260716_Ankara_226213,95874,HER DAİM,7.0,MAHS.TURAN,15:30,2026-07-16 15:53:13,0.0688559322033898,5,0.0544399821508255,7,0.3286219081272085,4,0.2542483660130719,7,0.0665609117580151,0.3026480899847379,6.0,5.0
2026-07-16 15:55:36,2026-07-16,Ankara  (38. Y.G.),226213,20260716_Ankara_226213,103597,HIZLI İBRAHİM,5.35,E.ÇANKAYA,15:30,2026-07-16 15:53:13,0.1304836895388076,3,0.1414812354699435,2,0.4645844952593418,3,0.4035087719298246,2,0.153768770715385,0.4562815752032393,2.0,3.0
2026-07-16 15:55:36,2026-07-16,Ankara  (38. Y.G.),226213,20260716_Ankara_226213,102958,ÖZTAMER,22.25,M.UYAR,15:30,2026-07-16 15:53:13,0.0194099378881987,8,0.0193905817174515,9,0.0873108265424912,10,0.1191588785046729,9,0.0161064806525519,0.106197717774434,8.0,8.0
2026-07-16 15:55:36,2026-07-16,Ankara  (38. Y.G.),226213,20260716_Ankara_226213,102956,BAŞARAN TAY,10.7,A.KURŞUN,15:30,2026-07-16 15:53:13,0.0801393728222996,4,0.1193693693693693,3,0.2524357838795394,5,0.3358954650269023,4,0.0926332764585494,0.3160819910584687,4.0,4.0
2026-07-16 15:55:36,2026-07-16,Ankara  (38. Y.G.),226213,20260716_Ankara_226213,98521,İSKİT ALP,19.25,M.G.ARSLAN,15:30,2026-07-16 15:53:13,0.0383428823270163,6,0.0544399821508255,8,0.1599736668861093,6,0.1838487972508591,8,0.0372362811367312,0.1573797364048068,7.0,7.0
2026-07-16 15:55:36,2026-07-16,Ankara  (38. Y.G.),226213,20260716_Ankara_226213,106777,NUSRET OĞLU,3.2,M.KIYAK,15:30,2026-07-16 15:53:13,0.158351409978308,2,0.0810074880871341,6,0.4796573875802997,1,0.3235294117647059,5,0.1413435770758954,0.4696551683344492,3.0,2.0
2026-07-16 15:55:36,2026-07-16,Ankara  (38. Y.G.),226213,20260716_Ankara_226213,111346,SÜKANBEY,10.4,N.DEMİR,15:30,2026-07-16 15:53:13,0.0194099378881987,9,0.0878712871287129,4,0.1201780415430267,9,0.2940813810110974,6,0.075000809371643,0.2889332994667907,5.0,6.0
2026-07-16 15:55:36,2026-07-16,Ankara  (38. Y.G.),226213,20260716_Ankara_226213,104023,CEZZAR BEY,2.75,MÜS.ÇELİK,15:30,2026-07-16 15:53:13,0.2276785714285714,1,0.0878712871287129,5,0.4796573875802997,2,0.3395860284605432,3,0.1644522839416593,0.508076085108859,1.0,1.0
2026-07-16 15:55:36,2026-07-16,Ankara  (38. Y.G.),226213,20260716_Ankara_226213,101163,ÖZKEHRİBAR,21.7,M.KESKİN,15:30,2026-07-16 15:53:13,0.0194099378881987,10,0.015299026425591,10,0.1318681318681319,8,0.105865522174535,10,0.0137539693795579,0.0983051824769414,9.0,9.0
2026-07-16 16:25:39,2026-07-16,Ankara  (38. Y.G.),226192,20260716_Ankara_226192,107794,BEMBEYAZ ADAM,1.85,M.A.SOLMAZ,16:00,2026-07-16 16:23:13,0.2455197132616487,1,0.1981721981721981,1,0.6031372549019606,1,0.5018867924528304,1,0.3514136233794262,0.6941522602645237,1.0,1.0
2026-07-16 16:25:39,2026-07-16,Ankara  (38. Y.G.),226192,20260716_Ankara_226192,109338,ALEMİCİHAN,24.35,E.ÇANKAYA,16:00,2026-07-16 16:23:13,0.043144424131627,5,0.1414812354699435,3,0.1542130365659777,6,0.223516361619523,5,0.0671380922335029,0.1651893769026832,4.0,6.0
2026-07-16 16:25:39,2026-07-16,Ankara  (38. Y.G.),226192,20260716_Ankara_226192,122089,BÜCÜRÜK AKTAŞ,23.5,M.N.SUNKAR,16:00,2026-07-16 16:23:13,0.0102622576966932,9,0.0193905817174515,9,0.0873108265424912,8,0.1191588785046729,7,0.0155422728290267,0.1032227821331451,8.0,8.0
2026-07-16 16:25:39,2026-07-16,Ankara  (38. Y.G.),226192,20260716_Ankara_226192,110502,DOĞANIN ASLANI,5.15,SAL.ÇELİK,16:00,2026-07-16 16:23:13,0.1781226903178122,2,0.1685393258426966,2,0.4796573875802997,2,0.3778801843317972,3,0.1772488802442248,0.4408876417805166,2.0,3.0
2026-07-16 16:25:39,2026-07-16,Ankara  (38. Y.G.),226192,20260716_Ankara_226192,112009,GÖKTUĞBABA,5.65,F.S.M.SANSAR,16:00,2026-07-16 16:23:13,0.066610455311973,4,0.0251379521765787,8,0.2233502538071066,4,0.1191588785046729,8,0.0434801639024581,0.1971446621078852,6.0,5.0
2026-07-16 16:25:39,2026-07-16,Ankara  (38. Y.G.),226192,20260716_Ankara_226192,111829,GÜNEŞMİLA,4.25,E.ATLAMAZ,16:00,2026-07-16 16:23:13,0.1304836895388076,3,0.0878712871287129,4,0.4049079754601227,3,0.4348659003831417,2,0.1250105603739784,0.5126502404499246,3.0,2.0
2026-07-16 16:25:39,2026-07-16,Ankara  (38. Y.G.),226192,20260716_Ankara_226192,111854,KIZILKULE,12.05,S.YAZICIOĞLU,16:00,2026-07-16 16:23:13,0.0329004329004329,6,0.0810074880871341,5,0.2096969696969697,5,0.3395860284605432,4,0.064754500450669,0.3044116833110649,5.0,4.0
2026-07-16 16:25:39,2026-07-16,Ankara  (38. Y.G.),226192,20260716_Ankara_226192,109134,EYLÜLSEL,28.6,M.BAYIR,16:00,2026-07-16 16:23:13,0.0247191011235955,8,0.0415282392026578,6,0.1246105919003115,7,0.1998779371376259,6,0.0242763403941546,0.1410020986017406,7.0,7.0
2026-07-16 16:25:39,2026-07-16,Ankara  (38. Y.G.),226192,20260716_Ankara_226192,116332,İKLİMECE,,M.BAL,16:00,2026-07-16 16:23:13,0.0248587570621468,7,0.0272695892302381,7,0.0595238095238095,9,0.1191588785046729,9,,,,
2026-07-16 16:55:35,2026-07-16,Ankara  (38. Y.G.),226211,20260716_Ankara_226211,108818,ABİMSİN,,M.A.SOLMAZ,16:30,2026-07-16 16:53:14,0.0323353293413173,8,0.1685393258426966,7,0.096078431372549,12,0.3637484586929716,5,,,,
2026-07-16 16:55:35,2026-07-16,Ankara  (38. Y.G.),226211,20260716_Ankara_226211,111883,AL CEMAL,17.15,N.AVCİ,16:30,2026-07-16 16:53:14,0.0282861896838602,11,0.1981721981721981,3,0.1542130365659777,7,0.3637484586929716,6,0.1059382783772664,0.2825071938382973,7.0,7.0
2026-07-16 16:55:35,2026-07-16,Ankara  (38. Y.G.),226211,20260716_Ankara_226211,111696,ALAMAÇ,14.2,S.KAYA,16:30,2026-07-16 16:53:14,0.0625,5,0.1981721981721981,4,0.1816160118606375,6,0.3395860284605432,9,0.1169987010043598,0.2864324673343024,5.0,6.0
2026-07-16 16:55:35,2026-07-16,Ankara  (38. Y.G.),226211,20260716_Ankara_226211,108850,ASALETLİ ÇOCUK,7.15,V.ABİŞ,16:30,2026-07-16 16:53:14,0.1114070128717266,2,0.2470214455917394,1,0.3775100401606426,3,0.4348659003831417,1,0.198227841438848,0.4384628808655524,2.0,2.0
2026-07-16 16:55:35,2026-07-16,Ankara  (38. Y.G.),226211,20260716_Ankara_226211,111895,AYDİNÇ,30.6,GÖKH.GÖKÇE,16:30,2026-07-16 16:53:14,0.043144424131627,6,0.1981721981721981,5,0.1542130365659777,8,0.3821596244131455,4,0.0779523146815297,0.2369689049927389,8.0,8.0
2026-07-16 16:55:35,2026-07-16,Ankara  (38. Y.G.),226211,20260716_Ankara_226211,112145,AZİZ DOSTUM,5.75,SAL.ÇELİK,16:30,2026-07-16 16:53:14,0.1045197740112994,3,0.1414812354699435,8,0.3798561151079136,2,0.3634615384615384,7,0.1470761195589761,0.414137874818183,3.0,3.0
2026-07-16 16:55:35,2026-07-16,Ankara  (38. Y.G.),226211,20260716_Ankara_226211,111746,BAYDARBEY,9.55,M.AKYAVUZ,16:30,2026-07-16 16:53:14,0.1045197740112994,4,0.1414812354699435,9,0.36,4,0.3395860284605432,10,0.1114455999500972,0.3310565643541869,6.0,5.0
2026-07-16 16:55:35,2026-07-16,Ankara  (38. Y.G.),226211,20260716_Ankara_226211,111901,HÜRTAYFA,1.6,A.KURŞUN,16:30,2026-07-16 16:53:14,0.2455197132616487,1,0.1414812354699435,10,0.5777400169923537,1,0.3634615384615384,8,0.3178909155256452,0.6280804661408153,1.0,1.0
2026-07-16 16:55:35,2026-07-16,Ankara  (38. Y.G.),226211,20260716_Ankara_226211,111807,KOCA AFŞUR,24.9,E.ÇANKAYA,16:30,2026-07-16 16:53:14,0.0282861896838602,12,0.102127659574468,11,0.1457564575645756,10,0.3395860284605432,11,0.0514732662317417,0.2311678744775055,9.0,9.0
2026-07-16 16:55:35,2026-07-16,Ankara  (38. Y.G.),226211,20260716_Ankara_226211,116224,PARSIBEY,,ER.CANKILIÇ,16:30,2026-07-16 16:53:14,0.0312093628088426,10,0.1981721981721981,6,0.1246105919003115,11,0.4348659003831417,2,,,,
2026-07-16 16:55:35,2026-07-16,Ankara  (38. Y.G.),226211,20260716_Ankara_226211,111834,ŞENOĞLAN,13.15,A.ÇELİK,16:30,2026-07-16 16:53:14,0.043144424131627,7,0.2408163265306122,2,0.2206106870229007,5,0.4348659003831417,3,0.142535901432359,0.3603717952679807,4.0,4.0
2026-07-16 16:55:35,2026-07-16,Ankara  (38. Y.G.),226211,20260716_Ankara_226211,111803,ÖZFERAH,35.0,N.DEMİR,16:30,2026-07-16 16:53:14,0.0323353293413173,9,0.0920306768922974,12,0.1542130365659777,9,0.3395860284605432,12,0.0393763032700885,0.2019332342745764,10.0,10.0
2026-07-16 17:25:34,2026-07-16,Ankara  (38. Y.G.),226206,20260716_Ankara_226206,110513,YAKARİ,1.9,B.KILINÇ,17:00,2026-07-16 17:23:15,0.3346938775510204,1,0.2202283849918433,1,0.8060781476121563,1,0.638184245660881,2,0.3682694110183305,0.7710314232009453,1.0,1.0
2026-07-16 17:25:34,2026-07-16,Ankara  (38. Y.G.),226206,20260716_Ankara_226206,107666,BROTHER LOVIE,4.5,MÜS.ÇELİK,17:00,2026-07-16 17:23:15,0.1556473829201102,2,0.1981721981721981,4,0.5612244897959183,3,0.5573394495412843,4,0.2140945826420421,0.594488336614268,2.0,2.0
2026-07-16 17:25:34,2026-07-16,Ankara  (38. Y.G.),226206,20260716_Ankara_226206,110292,FOR FREEDOM,5.6,V.ABİŞ,17:00,2026-07-16 17:23:15,0.043144424131627,5,0.0920306768922974,5,0.3798561151079136,5,0.332258064516129,6,0.1099142450845647,0.3934950296141503,5.0,6.0
2026-07-16 17:25:34,2026-07-16,Ankara  (38. Y.G.),226206,20260716_Ankara_226206,109017,KALİ STRATA,10.4,A.KURŞUN,17:00,2026-07-16 17:23:15,0.0312093628088426,7,0.2125714285714285,2,0.1457564575645756,7,0.5313225058004639,5,0.1457006964361972,0.4597094786686312,4.0,5.0
2026-07-16 17:25:34,2026-07-16,Ankara  (38. Y.G.),226206,20260716_Ankara_226206,110309,SNOW LEOPARD,9.65,N.AVCİ,17:00,2026-07-16 17:23:15,0.1347190146266358,3,0.2125714285714285,3,0.4702702702702703,4,0.6603650586701434,1,0.1514671068918492,0.569160159296078,3.0,4.0
2026-07-16 17:25:34,2026-07-16,Ankara  (38. Y.G.),226206,20260716_Ankara_226206,107961,ASPENDİP,13.75,SAL.ÇELİK,17:00,2026-07-16 17:23:15,0.0383428823270163,6,0.0544399821508255,7,0.2096969696969697,6,0.2542483660130719,7,0.0449060096083436,0.2315599618861864,7.0,7.0
2026-07-16 17:25:34,2026-07-16,Ankara  (38. Y.G.),226206,20260716_Ankara_226206,111051,RECUERDAME,6.8,M.A.SOLMAZ,17:00,2026-07-16 17:23:15,0.1304836895388076,4,0.0920306768922974,6,0.6339113680154144,2,0.6052631578947367,3,0.0983128278205142,0.572681495544117,6.0,3.0
2026-07-16 17:55:32,2026-07-16,Ankara  (38. Y.G.),226205,20260716_Ankara_226205,114026,ÇELÇIRN FIRTINASI,2.8,A.ÇELİK,17:30,2026-07-16 17:53:14,0.2455197132616487,2,0.36,2,0.8060781476121563,1,0.8564102564102564,1,0.3814245952035309,0.8492864977533543,2.0,1.0
2026-07-16 17:55:32,2026-07-16,Ankara  (38. Y.G.),226205,20260716_Ankara_226205,115972,DUM SPIRO SPERO,4.2,N.AVCİ,17:30,2026-07-16 17:53:14,0.1781226903178122,4,0.2954248366013072,3,0.6938083121289228,3,0.7605396290050591,2,0.2733609455274741,0.7341126262561126,3.0,3.0
2026-07-16 17:55:32,2026-07-16,Ankara  (38. Y.G.),226205,20260716_Ankara_226205,118012,TOM RAIDER,4.55,SAL.ÇELİK,17:30,2026-07-16 17:53:14,0.2,3,0.2581755593803786,4,0.5777400169923537,5,0.7605396290050591,3,0.2376653918411252,0.7249909520598046,4.0,4.0
2026-07-16 17:55:32,2026-07-16,Ankara  (38. Y.G.),226205,20260716_Ankara_226205,115207,DRAVION,1.9,V.ABİŞ,17:30,2026-07-16 17:53:14,0.3164426059979317,1,0.3849918433931484,1,0.8060781476121563,2,0.7605396290050591,4,0.4742036242952964,0.8215496596421484,1.0,2.0
2026-07-16 17:55:32,2026-07-16,Ankara  (38. Y.G.),226205,20260716_Ankara_226205,116603,MANIAC,4.2,M.A.SOLMAZ,17:30,2026-07-16 17:53:14,0.1781226903178122,5,0.1981721981721981,5,0.6816608996539792,4,0.6603650586701434,5,0.2040831958654524,0.6573998911377026,5.0,5.0
2026-07-16 17:55:32,2026-07-16,Kocaeli  (21. Y.G.),226201,20260716_Kocaeli_226201,116164,ABANOZ,8.15,İ.KATI,17:15,2026-07-16 17:53:22,0.0580793559516963,4,0.0662251655629139,3,0.2987197724039829,4,0.2542483660130719,3,0.0652966022841764,0.2718709613266897,4.0,4.0
2026-07-16 17:55:32,2026-07-16,Kocaeli  (21. Y.G.),226201,20260716_Kocaeli_226201,113434,EFE SULTAN,19.85,A.ASLAN,17:15,2026-07-16 17:53:22,0.0102622576966932,10,0.0128205128205128,10,0.0462107208872458,10,0.0521861777150916,10,0.0118564239253567,0.0572284459107668,10.0,9.0
2026-07-16 17:55:32,2026-07-16,Kocaeli  (21. Y.G.),226201,20260716_Kocaeli_226201,108194,ELİTEZ,31.95,R.YILDIZ,17:15,2026-07-16 17:53:22,0.0058699225170227,11,0.0095541401273885,11,0.0462107208872458,11,0.0521861777150916,11,0.0072872583628786,0.0455093018638564,11.0,11.0
2026-07-16 17:55:32,2026-07-16,Kocaeli  (21. Y.G.),226201,20260716_Kocaeli_226201,121030,EZGİL FIRTINASI,9.6,MAH.TURAN,17:15,2026-07-16 17:53:22,0.0383428823270163,6,0.0272695892302381,6,0.1841779975278121,5,0.136432541687721,5,0.0312437741535873,0.1620733014263737,6.0,5.0
2026-07-16 17:55:32,2026-07-16,Kocaeli  (21. Y.G.),226201,20260716_Kocaeli_226201,109040,FEYZANUR,2.2,M.ÇELİK,17:15,2026-07-16 17:53:22,0.2276785714285714,2,0.0878712871287129,2,0.6031372549019606,1,0.3358954650269023,1,0.1754878688213607,0.5221378282867408,2.0,1.0
2026-07-16 17:55:32,2026-07-16,Kocaeli  (21. Y.G.),226201,20260716_Kocaeli_226201,116324,İNCESAZ,28.85,S.ALTAY,17:15,2026-07-16 17:53:22,0.0194099378881987,9,0.0241333918385256,8,0.0565623283909939,9,0.0655629139072847,8,0.0151762604319779,0.0566798118449591,9.0,10.0
2026-07-16 17:55:32,2026-07-16,Kocaeli  (21. Y.G.),226201,20260716_Kocaeli_226201,111930,KADİFE KIZ,5.85,C.PASO,17:15,2026-07-16 17:53:22,0.043144424131627,5,0.0193905817174515,9,0.16,6,0.0655629139072847,9,0.0329047209264096,0.1217309249604013,5.0,6.0
2026-07-16 17:55:32,2026-07-16,Kocaeli  (21. Y.G.),226201,20260716_Kocaeli_226201,111716,KIZIM ERVA,5.85,M.T.COŞKUN,17:15,2026-07-16 17:53:22,0.0843672456575682,3,0.0555555555555555,4,0.3798561151079136,3,0.223516361619523,4,0.0697799466566919,0.2830410729238571,3.0,3.0
2026-07-16 17:55:32,2026-07-16,Kocaeli  (21. Y.G.),226201,20260716_Kocaeli_226201,111698,OKAYGÜN,32.25,R.KETME,17:15,2026-07-16 17:53:22,0.0248587570621468,8,0.0272695892302381,7,0.1246105919003115,7,0.105865522174535,7,0.0155809016811158,0.077254179835679,8.0,8.0
2026-07-16 17:55:32,2026-07-16,Kocaeli  (21. Y.G.),226201,20260716_Kocaeli_226201,111733,PATARA,3.2,O.YILDIZ,17:15,2026-07-16 17:53:22,0.3164426059979317,1,0.1685393258426966,1,0.5268829008423364,2,0.332258064516129,2,0.2158694011749111,0.457437126083074,1.0,2.0
2026-07-16 17:55:32,2026-07-16,Kocaeli  (21. Y.G.),226201,20260716_Kocaeli_226201,111145,TURQUOİSE,31.15,Y.GÖKÇE,17:15,2026-07-16 17:53:22,0.0323353293413173,7,0.036770921386306,5,0.096078431372549,8,0.1191588785046729,6,0.0197993070673284,0.0859647899282194,7.0,7.0
2026-07-16 17:55:32,2026-07-16,Kocaeli  (21. Y.G.),226208,20260716_Kocaeli_226208,103999,BELLİ BEY,24.6,M.KEÇECİ,17:45,2026-07-16 17:53:22,0.0194099378881987,9,0.0272695892302381,8,0.1,8,0.1630546955624355,6,0.0194371637543832,0.1285497922676343,9.0,7.0
2026-07-16 17:55:32,2026-07-16,Kocaeli  (21. Y.G.),226208,20260716_Kocaeli_226208,106869,GÜNMETE,8.75,G.ÖZÇELİK,17:45,2026-07-16 17:53:22,0.05,4,0.0544399821508255,3,0.4645844952593418,3,0.3358954650269023,3,0.05822799721225,0.3391269572162796,4.0,3.0
2026-07-16 17:55:32,2026-07-16,Kocaeli  (21. Y.G.),226208,20260716_Kocaeli_226208,106547,JET ÇELİK,5.4,MAH.TURAN,17:45,2026-07-16 17:53:22,0.1556473829201102,2,0.1414812354699435,1,0.4796573875802997,2,0.4035087719298246,1,0.1524981897389496,0.4541533060361629,2.0,2.0
2026-07-16 17:55:32,2026-07-16,Kocaeli  (21. Y.G.),226208,20260716_Kocaeli_226208,111384,TATARUŞAĞI,2.6,R.KETME,17:45,2026-07-16 17:53:22,0.1781226903178122,1,0.0878712871287129,2,0.6031372549019606,1,0.3821989528795811,2,0.1699407620544947,0.5508108201403993,1.0,1.0
2026-07-16 17:55:32,2026-07-16,Kocaeli  (21. Y.G.),226208,20260716_Kocaeli_226208,105669,TURBO BEYİ,9.25,Y.GÖKÇE,17:45,2026-07-16 17:53:22,0.0323353293413173,6,0.0415282392026578,5,0.2233502538071066,5,0.17,5,0.046365597747482,0.2030402406351527,5.0,5.0
2026-07-16 17:55:32,2026-07-16,Kocaeli  (21. Y.G.),226208,20260716_Kocaeli_226208,107199,HİVE SULTAN,3.25,E.BOZDAĞ,17:45,2026-07-16 17:53:22,0.1556473829201102,3,0.036770921386306,6,0.4645844952593418,4,0.1742209631728045,4,0.0811674491969705,0.3225756067435359,3.0,4.0
2026-07-16 17:55:32,2026-07-16,Kocaeli  (21. Y.G.),226208,20260716_Kocaeli_226208,103434,TUNCA TAY,41.55,AH.ARSLAN,17:45,2026-07-16 17:53:22,0.0058699225170227,11,0.0054054054054054,11,0.0275590551181102,11,0.042016806722689,11,0.0044366470311243,0.0361035276822245,11.0,11.0
2026-07-16 17:55:32,2026-07-16,Kocaeli  (21. Y.G.),226208,20260716_Kocaeli_226208,105841,GELİDONYA,28.55,BERK.GÖKÇE,17:45,2026-07-16 17:53:22,0.0247191011235955,7,0.036770921386306,7,0.071578947368421,10,0.1048076923076923,9,0.022238842453927,0.0857152961593394,8.0,9.0
2026-07-16 17:55:32,2026-07-16,Kocaeli  (21. Y.G.),226208,20260716_Kocaeli_226208,105412,ALPAYMAN,19.1,T.YILDIZ,17:45,2026-07-16 17:53:22,0.0247191011235955,8,0.0272695892302381,9,0.1542130365659777,6,0.1428571428571428,7,0.0224631228463963,0.130093140092474,7.0,6.0
2026-07-16 17:55:32,2026-07-16,Kocaeli  (21. Y.G.),226208,20260716_Kocaeli_226208,106919,SİNAN ABİ,17.05,A.ASLAN,17:45,2026-07-16 17:53:22,0.0080500894454382,10,0.0124031007751937,10,0.0912408759124087,9,0.0754985754985755,10,0.0135366369207561,0.0854416054828368,10.0,10.0
2026-07-16 17:55:32,2026-07-16,Kocaeli  (21. Y.G.),226208,20260716_Kocaeli_226208,107564,ZOR ODİN,28.2,O.ATMACA,17:45,2026-07-16 17:53:22,0.043144424131627,5,0.0544399821508255,4,0.1246105919003115,7,0.136432541687721,8,0.0299363287927515,0.1053962853960976,6.0,8.0
2026-07-16 18:25:36,2026-07-16,Ankara  (38. Y.G.),226191,20260716_Ankara_226191,112828,ALARASİ,1.15,A.ÇELİK,18:00,2026-07-16 18:23:14,0.4117647058823529,1,0.36,1,0.7454798331015299,1,0.703971119133574,1,0.595614399311571,0.8593504692913406,1.0,1.0
2026-07-16 18:25:36,2026-07-16,Ankara  (38. Y.G.),226191,20260716_Ankara_226191,113261,ABADBEY,21.7,F.R.BEBEK,18:00,2026-07-16 18:23:14,0.0323353293413173,6,0.0677867902665121,2,0.1542130365659777,6,0.1998779371376259,3,0.038359733824116,0.1515596117641479,6.0,6.0
2026-07-16 18:25:36,2026-07-16,Ankara  (38. Y.G.),226191,20260716_Ankara_226191,112585,ENDER ŞOVALYE,6.65,U.TEMUR,18:00,2026-07-16 18:23:14,0.1114070128717266,2,0.0544399821508255,4,0.3775100401606426,2,0.16359918200409,6,0.0640314005510607,0.2170397067215766,2.0,3.0
2026-07-16 18:25:36,2026-07-16,Ankara  (38. Y.G.),226191,20260716_Ankara_226191,108186,KRALIN OĞLU,35.2,S.YAZICIOĞLU,18:00,2026-07-16 18:23:14,0.0248587570621468,7,0.0241333918385256,8,0.071578947368421,9,0.0754985754985755,9,0.0136083925028481,0.0575220550343472,9.0,9.0
2026-07-16 18:25:36,2026-07-16,Ankara  (38. Y.G.),226191,20260716_Ankara_226191,108743,REKOR TAY,6.65,M.KESKİN,18:00,2026-07-16 18:23:14,0.0801393728222996,3,0.0544399821508255,5,0.3431952662721894,3,0.1998779371376259,4,0.0640314005510607,0.249438130268461,3.0,2.0
2026-07-16 18:25:36,2026-07-16,Ankara  (38. Y.G.),226191,20260716_Ankara_226191,111806,YÜKENOĞLU,12.4,SAL.ÇELİK,18:00,2026-07-16 18:23:14,0.0058699225170227,9,0.015299026425591,9,0.096078431372549,8,0.105865522174535,8,0.0177789244159,0.1204919247355703,8.0,8.0
2026-07-16 18:25:36,2026-07-16,Ankara  (38. Y.G.),226191,20260716_Ankara_226191,117002,BİLDEN HANIM,16.15,F.S.M.SANSAR,18:00,2026-07-16 18:23:14,0.0194099378881987,8,0.0245564708329173,7,0.1542130365659777,7,0.136432541687721,7,0.0214960898566307,0.1288839642259094,7.0,7.0
2026-07-16 18:25:36,2026-07-16,Ankara  (38. Y.G.),226191,20260716_Ankara_226191,111681,ESLİNA DEFNE,15.4,M.A.SOLMAZ,18:00,2026-07-16 18:23:14,0.0329004329004329,5,0.0544399821508255,6,0.1841779975278121,4,0.2049180327868852,2,0.0395348041415471,0.1789535248141894,5.0,4.0
2026-07-16 18:25:36,2026-07-16,Ankara  (38. Y.G.),226191,20260716_Ankara_226191,111960,SABRİNİN RÜZGARI,19.0,M.N.SUNKAR,18:00,2026-07-16 18:23:14,0.0383428823270163,4,0.0677867902665121,3,0.1816160118606375,5,0.1998779371376259,5,0.0413216987610971,0.1604925201690339,4.0,5.0
2026-07-16 18:55:39,2026-07-16,Kocaeli  (21. Y.G.),226202,20260716_Kocaeli_226202,108720,SINGLE SHOT,4.8,SERH.ÇELİK,18:30,2026-07-16 18:53:23,0.1556473829201102,3,0.1414812354699435,3,0.5202634245187439,3,0.5326923076923079,3,0.1634149973121986,0.5683048378877185,4.0,3.0
2026-07-16 18:55:39,2026-07-16,Kocaeli  (21. Y.G.),226202,20260716_Kocaeli_226202,108898,BACK TO GLORY,2.95,Y.GÖKÇE,18:30,2026-07-16 18:53:23,0.2276785714285714,2,0.1414812354699435,4,0.6816608996539792,1,0.5573394495412843,1,0.2159923179836761,0.6569760521077983,2.0,1.0
2026-07-16 18:55:39,2026-07-16,Kocaeli  (21. Y.G.),226202,20260716_Kocaeli_226202,112653,BEYLERİNBEYİ,10.75,M.ÇELİK,18:30,2026-07-16 18:53:23,0.043144424131627,6,0.0878712871287129,6,0.3775100401606426,6,0.5313225058004639,4,0.0736532574995673,0.4562554624125248,6.0,5.0
2026-07-16 18:55:39,2026-07-16,Kocaeli  (21. Y.G.),226202,20260716_Kocaeli_226202,110488,WARRIOR MAN,19.0,G.ÖZÇELİK,18:30,2026-07-16 18:53:23,0.0843672456575682,5,0.1414812354699435,5,0.3795811518324607,5,0.5573394495412843,2,0.0771502443573852,0.4025811346587281,5.0,6.0
2026-07-16 18:55:39,2026-07-16,Kocaeli  (21. Y.G.),226202,20260716_Kocaeli_226202,108073,BOLD RUNNER,2.55,T.YILDIZ,18:30,2026-07-16 18:53:23,0.2455197132616487,1,0.1981721981721981,1,0.6477272727272728,2,0.5018867924528304,5,0.2927157378575527,0.6419024336193092,1.0,2.0
2026-07-16 18:55:39,2026-07-16,Kocaeli  (21. Y.G.),226202,20260716_Kocaeli_226202,107859,MIDNIGHT BLUE,4.85,A.YILDIZ,18:30,2026-07-16 18:53:23,0.1556473829201102,4,0.1685393258426966,2,0.4645844952593418,4,0.4232209737827715,6,0.1839498913286756,0.4855642817204342,3.0,4.0
2026-07-16 18:55:39,2026-07-16,Kocaeli  (21. Y.G.),226202,20260716_Kocaeli_226202,107833,EUROFIGHTER,21.7,A.ASLAN,18:30,2026-07-16 18:53:23,0.0080500894454382,7,0.0102301790281329,7,0.0462107208872458,7,0.0655629139072847,7,0.0102753259326626,0.0688968459553348,7.0,7.0
2026-07-16 19:25:39,2026-07-16,Kocaeli  (21. Y.G.),226200,20260716_Kocaeli_226200,111824,GÜZEL DEFNE,12.65,F.ÇETİNBAŞ,19:00,2026-07-16 19:23:15,0.0282861896838602,11,0.0878712871287129,2,0.1816160118606375,6,0.3634615384615384,2,0.0671045606708563,0.3161136690992704,3.0,4.0
2026-07-16 19:25:39,2026-07-16,Kocaeli  (21. Y.G.),226200,20260716_Kocaeli_226200,111815,AKGÜL HANIM,24.35,M.KEÇECİ,19:00,2026-07-16 19:23:15,0.0337078651685393,7,0.0878712871287129,3,0.1542130365659777,8,0.223516361619523,6,0.0466177750256107,0.1655294994876817,7.0,7.0
2026-07-16 19:25:39,2026-07-16,Kocaeli  (21. Y.G.),226200,20260716_Kocaeli_226200,112540,ALELADE HEJA,24.05,G.ÖZÇELİK,19:00,2026-07-16 19:23:15,0.0323353293413173,9,0.0544399821508255,8,0.1246105919003115,10,0.136432541687721,10,0.0327948594699457,0.1134288896885401,9.0,10.0
2026-07-16 19:25:39,2026-07-16,Kocaeli  (21. Y.G.),226200,20260716_Kocaeli_226200,109013,FERATUN,24.05,T.YILDIZ,19:00,2026-07-16 19:23:15,0.0383428823270163,5,0.0810074880871341,4,0.1599736668861093,7,0.2049180327868852,7,0.0441401851348728,0.155342721047841,8.0,8.0
2026-07-16 19:25:39,2026-07-16,Kocaeli  (21. Y.G.),226200,20260716_Kocaeli_226200,112316,KAZAN GİRİL,9.5,İ.KATI,19:00,2026-07-16 19:23:15,0.043144424131627,4,0.07007007007007,5,0.2524357838795394,4,0.3395860284605432,3,0.0667996575152809,0.3323512299799497,4.0,3.0
2026-07-16 19:25:39,2026-07-16,Kocaeli  (21. Y.G.),226200,20260716_Kocaeli_226200,110749,KRAL KARACA,2.0,M.M.BİLGİN,19:00,2026-07-16 19:23:15,0.2276785714285714,1,0.1981721981721981,1,0.5692307692307693,1,0.5018867924528304,1,0.3362483632167248,0.681509711020437,1.0,1.0
2026-07-16 19:25:39,2026-07-16,Kocaeli  (21. Y.G.),226200,20260716_Kocaeli_226200,111811,REFİYE,26.85,Y.GÖKÇE,19:00,2026-07-16 19:23:15,0.0337078651685393,8,0.0544399821508255,9,0.1542130365659777,9,0.1838487972508591,9,0.0308250127334511,0.1359691695609622,10.0,9.0
2026-07-16 19:25:39,2026-07-16,Kocaeli  (21. Y.G.),226200,20260716_Kocaeli_226200,121638,SABRİNİN KIZI,34.15,O.ATMACA,19:00,2026-07-16 19:23:15,0.0058699225170227,12,0.015299026425591,12,0.0565623283909939,12,0.0655629139072847,12,0.0105910514712128,0.0554158551370735,12.0,12.0
2026-07-16 19:25:39,2026-07-16,Kocaeli  (21. Y.G.),226200,20260716_Kocaeli_226200,108115,TARAFINI SEÇ,31.35,E.AKPINAR,19:00,2026-07-16 19:23:15,0.0323353293413173,10,0.0544399821508255,10,0.1025641025641025,11,0.136432541687721,11,0.0282556337996744,0.1005814687488055,11.0,11.0
2026-07-16 19:25:39,2026-07-16,Kocaeli  (21. Y.G.),226200,20260716_Kocaeli_226200,108437,TEKSEVDAM,9.5,MAH.TURAN,19:00,2026-07-16 19:23:15,0.0688559322033898,3,0.0677867902665121,6,0.3286219081272085,3,0.1998779371376259,8,0.0652089986926073,0.2256809382804535,5.0,6.0
2026-07-16 19:25:39,2026-07-16,Kocaeli  (21. Y.G.),226200,20260716_Kocaeli_226200,111732,ZEYTİN GÜLÜ,9.75,M.T.COŞKUN,19:00,2026-07-16 19:23:15,0.0383428823270163,6,0.0544399821508255,11,0.2206106870229007,5,0.2542483660130719,5,0.0547885275605792,0.2657713645087091,6.0,5.0
2026-07-16 19:25:39,2026-07-16,Kocaeli  (21. Y.G.),226200,20260716_Kocaeli_226200,108080,ZORLU HAYAT,4.4,R.KETME,19:00,2026-07-16 19:23:15,0.158351409978308,2,0.0677867902665121,7,0.4298245614035088,2,0.2693370165745856,4,0.1024649646538741,0.3745143082493061,2.0,2.0
2026-07-16 19:55:38,2026-07-16,Kocaeli  (21. Y.G.),226204,20260716_Kocaeli_226204,108847,DAELLA,2.1,E.BOZDAĞ,19:30,2026-07-16 19:53:14,0.3346938775510204,1,0.1981721981721981,2,0.6031372549019606,1,0.3395860284605432,2,0.3273574377517264,0.5564590099897037,1.0,2.0
2026-07-16 19:55:38,2026-07-16,Kocaeli  (21. Y.G.),226204,20260716_Kocaeli_226204,104735,ONE PAGE,12.55,M.T.COŞKUN,19:30,2026-07-16 19:53:14,0.0383428823270163,7,0.0878712871287129,3,0.2096969696969697,6,0.2940813810110974,4,0.0675380188321621,0.2690568932909394,4.0,4.0
2026-07-16 19:55:38,2026-07-16,Kocaeli  (21. Y.G.),226204,20260716_Kocaeli_226204,107486,FATMA ZERYAM,4.95,A.YILDIZ,19:30,2026-07-16 19:53:14,0.2276785714285714,2,0.2954248366013072,1,0.5202634245187439,2,0.5573394495412843,1,0.2736420412104312,0.5819430496781896,2.0,1.0
2026-07-16 19:55:38,2026-07-16,Kocaeli  (21. Y.G.),226204,20260716_Kocaeli_226204,101505,TEK NERGİZ,21.05,F.ÇETİNBAŞ,19:30,2026-07-16 19:53:14,0.043144424131627,4,0.0810074880871341,4,0.1841779975278121,8,0.3235294117647059,3,0.0476322565798337,0.2377625766121578,6.0,6.0
2026-07-16 19:55:38,2026-07-16,Kocaeli  (21. Y.G.),226204,20260716_Kocaeli_226204,110065,GOLDEN SCORE,5.4,A.ASLAN,19:30,2026-07-16 19:53:14,0.0801393728222996,3,0.0544399821508255,6,0.3286219081272085,3,0.2542483660130719,6,0.0777373042610688,0.3344314558568632,3.0,3.0
2026-07-16 19:55:38,2026-07-16,Kocaeli  (21. Y.G.),226204,20260716_Kocaeli_226204,109396,MY REBELLIOUS GIRL,8.7,O.ATMACA,19:30,2026-07-16 19:53:14,0.0194099378881987,8,0.0272695892302381,8,0.2987197724039829,4,0.17,7,0.0356498523438922,0.2090216882837427,7.0,7.0
2026-07-16 19:55:38,2026-07-16,Kocaeli  (21. Y.G.),226204,20260716_Kocaeli_226204,108642,SİHİRLİ JOVANKA,16.55,R.KETME,19:30,2026-07-16 19:53:14,0.043144424131627,5,0.036770921386306,7,0.2096969696969697,7,0.16359918200409,8,0.0304416080231255,0.1539213688754514,8.0,8.0
2026-07-16 19:55:38,2026-07-16,Kocaeli  (21. Y.G.),226204,20260716_Kocaeli_226204,99509,REYNA,29.35,M.BAĞ,19:30,2026-07-16 19:53:14,0.0058699225170227,10,0.0128205128205128,10,0.071578947368421,9,0.1048076923076923,9,0.0101754408698288,0.0848824215989619,9.0,9.0
2026-07-16 19:55:38,2026-07-16,Kocaeli  (21. Y.G.),226204,20260716_Kocaeli_226204,107725,HEAVEN LIGHT,12.7,GÖK.BEKTAŞ,19:30,2026-07-16 19:53:14,0.043144424131627,6,0.0810074880871341,5,0.2206106870229007,5,0.2940813810110974,5,0.0631696182206,0.2678318479055676,5.0,5.0
2026-07-16 19:55:38,2026-07-16,Kocaeli  (21. Y.G.),226204,20260716_Kocaeli_226204,110159,SHADOW OF THENIGHT,29.65,C.PASO,19:30,2026-07-16 19:53:14,0.0058699225170227,11,0.0128205128205128,11,0.0247026532479414,10,0.0325149303251493,11,0.0101163504608843,0.0352848306064766,10.0,11.0
2026-07-16 19:55:38,2026-07-16,Kocaeli  (21. Y.G.),226204,20260716_Kocaeli_226204,105549,ENTITY,40.35,R.YILDIZ,19:30,2026-07-16 19:53:14,0.0183246073298429,9,0.015299026425591,9,0.0247026532479414,11,0.042016806722689,10,0.0096505254279151,0.0367371018237814,11.0,10.0
2026-07-16 20:25:33,2026-07-16,Kocaeli  (21. Y.G.),226212,20260716_Kocaeli_226212,103250,ERGEN,10.3,M.M.BİLGİN,20:00,2026-07-16 20:23:14,0.0383428823270163,8,0.0544399821508255,7,0.1599736668861093,8,0.223516361619523,5,0.0530643830405483,0.2366282733025728,6.0,6.0
2026-07-16 20:25:33,2026-07-16,Kocaeli  (21. Y.G.),226212,20260716_Kocaeli_226212,93103,SEHERYELİ,24.9,M.T.COŞKUN,20:00,2026-07-16 20:23:14,0.0323353293413173,9,0.0415282392026578,10,0.1318681318681319,10,0.223516361619523,6,0.026317300707068,0.1639219611944674,9.0,9.0
2026-07-16 20:25:33,2026-07-16,Kocaeli  (21. Y.G.),226212,20260716_Kocaeli_226212,101824,KURUÇAY,7.95,A.E.ELMAS,20:00,2026-07-16 20:23:14,0.0194099378881987,11,0.015299026425591,11,0.1599736668861093,9,0.136432541687721,11,0.0247834989016381,0.1859289455690288,10.0,7.0
2026-07-16 20:25:33,2026-07-16,Kocaeli  (21. Y.G.),226212,20260716_Kocaeli_226212,117079,PRENSES SEDA,6.65,S.ALTAY,20:00,2026-07-16 20:23:14,0.0580793559516963,4,0.07007007007007,4,0.3286219081272085,3,0.2542483660130719,4,0.0820192562300055,0.3082986211870421,4.0,4.0
2026-07-16 20:25:33,2026-07-16,Kocaeli  (21. Y.G.),226212,20260716_Kocaeli_226212,105315,MEVHİDE HANIM,7.3,A.YILDIZ,20:00,2026-07-16 20:23:14,0.0688559322033898,3,0.0920306768922974,1,0.3798561151079136,2,0.3634615384615384,1,0.0945705387556331,0.3828964745957259,2.0,2.0
2026-07-16 20:25:33,2026-07-16,Kocaeli  (21. Y.G.),226212,20260716_Kocaeli_226212,102636,MADRABAZ YELİ,20.9,R.KETME,20:00,2026-07-16 20:23:14,0.043144424131627,6,0.0544399821508255,8,0.1816160118606375,7,0.1838487972508591,9,0.0354819802371082,0.1516497185564154,8.0,10.0
2026-07-16 20:25:33,2026-07-16,Kocaeli  (21. Y.G.),226212,20260716_Kocaeli_226212,107696,KANATLANAN,2.5,E.BOZDAĞ,20:00,2026-07-16 20:23:14,0.2276785714285714,1,0.0677867902665121,5,0.4166666666666667,1,0.1998779371376259,8,0.1471787280547404,0.3918766363134556,1.0,1.0
2026-07-16 20:25:33,2026-07-16,Kocaeli  (21. Y.G.),226212,20260716_Kocaeli_226212,106840,SÜTLİMAN,5.5,C.PASO,20:00,2026-07-16 20:23:14,0.0928853754940711,2,0.0544399821508255,9,0.3286219081272085,4,0.2693370165745856,2,0.0766883806142839,0.3445234035438617,5.0,3.0
2026-07-16 20:25:33,2026-07-16,Kocaeli  (21. Y.G.),226212,20260716_Kocaeli_226212,103879,UGARIT,27.6,M.BAĞ,20:00,2026-07-16 20:23:14,0.043144424131627,7,0.0878712871287129,2,0.2096969696969697,6,0.2693370165745856,3,0.0434749104902062,0.1826796102138154,7.0,8.0
2026-07-16 20:25:33,2026-07-16,Kocaeli  (21. Y.G.),226212,20260716_Kocaeli_226212,106925,FENER ALAYI,,Y.GÖKÇE,20:00,2026-07-16 20:23:14,0.0323353293413173,10,0.0677867902665121,6,0.096078431372549,11,0.1838487972508591,10,,,,
2026-07-16 20:25:33,2026-07-16,Kocaeli  (21. Y.G.),226212,20260716_Kocaeli_226212,102882,NEFESİMOL,7.9,A.İNCİ,20:00,2026-07-16 20:23:14,0.0580793559516963,5,0.0810074880871341,3,0.3123123123123122,5,0.223516361619523,7,0.0824342338635091,0.2633966343093693,3.0,5.0
2026-07-16 20:55:32,2026-07-16,Kocaeli  (21. Y.G.),226203,20260716_Kocaeli_226203,102560,FROU FROU,8.25,M.T.COŞKUN,20:30,2026-07-16 20:53:14,0.0967741935483871,3,0.1193693693693693,3,0.4645844952593418,4,0.4232209737827715,4,0.1068588588612229,0.4116927332630591,5.0,4.0
2026-07-16 20:55:32,2026-07-16,Kocaeli  (21. Y.G.),226203,20260716_Kocaeli_226203,104432,BLAZE THUNDER,1.6,BERK.GÖKÇE,20:30,2026-07-16 20:53:14,0.2455197132616487,1,0.2125714285714285,2,0.7454798331015299,1,0.5573394495412843,1,0.4018046037220256,0.7534272953807699,1.0,1.0
2026-07-16 20:55:32,2026-07-16,Kocaeli  (21. Y.G.),226203,20260716_Kocaeli_226203,105474,RICO PASHA,23.3,E.AKPINAR,20:30,2026-07-16 20:53:14,0.0102622576966932,7,0.07007007007007,6,0.0873108265424912,7,0.136432541687721,7,0.0403238766147171,0.1151452240925414,6.0,7.0
2026-07-16 20:55:32,2026-07-16,Kocaeli  (21. Y.G.),226203,20260716_Kocaeli_226203,99570,LORD PROTECTOR,4.4,M.M.BİLGİN,20:30,2026-07-16 20:53:14,0.0688559322033898,5,0.0810074880871341,4,0.4796573875802997,2,0.4348659003831417,3,0.1161406568336951,0.5084339238720443,3.0,2.0
2026-07-16 20:55:32,2026-07-16,Kocaeli  (21. Y.G.),226203,20260716_Kocaeli_226203,100521,MY DEAR BROTHER,4.45,R.KETME,20:30,2026-07-16 20:53:14,0.1347190146266358,2,0.0810074880871341,5,0.4796573875802997,3,0.3821596244131455,5,0.1153561931957781,0.4663284887530775,4.0,3.0
2026-07-16 20:55:32,2026-07-16,Kocaeli  (21. Y.G.),226203,20260716_Kocaeli_226203,98442,LION PEKAN,18.0,A.YILDIZ,20:30,2026-07-16 20:53:14,0.0801393728222996,4,0.2427184466019417,1,0.3798561151079136,5,0.5573394495412843,2,0.1225337998596185,0.4090532288169022,2.0,5.0
2026-07-16 20:55:32,2026-07-16,Kocaeli  (21. Y.G.),226203,20260716_Kocaeli_226203,98763,ASİL AZRA,23.1,T.YILDIZ,20:30,2026-07-16 20:53:14,0.0580793559516963,6,0.0677867902665121,7,0.2233502538071066,6,0.2940813810110974,6,0.0395273442724924,0.2115035065960268,7.0,6.0
2026-07-16 21:25:34,2026-07-16,Kocaeli  (21. Y.G.),226199,20260716_Kocaeli_226199,111820,EFLANİ,7.25,Y.GÖKÇE,21:00,2026-07-16 21:23:14,0.1114070128717266,5,0.0920306768922974,3,0.3441295546558704,6,0.3821596244131455,3,0.0791695493696807,0.3569926000052278,6.0,4.0
2026-07-16 21:25:34,2026-07-16,Kocaeli  (21. Y.G.),226199,20260716_Kocaeli_226199,112146,AURORA BY,22.55,MAH.TURAN,21:00,2026-07-16 21:23:14,0.0248587570621468,9,0.036770921386306,9,0.1246105919003115,9,0.1191588785046729,9,0.0212131316295515,0.0909366604655891,10.0,11.0
2026-07-16 21:25:34,2026-07-16,Kocaeli  (21. Y.G.),226199,20260716_Kocaeli_226199,117700,ÇAKIRDAMLA,18.4,A.ASLAN,21:00,2026-07-16 21:23:14,0.0323353293413173,8,0.045021645021645,8,0.14,8,0.136432541687721,7,0.0276301268757409,0.1106625392826882,8.0,9.0
2026-07-16 21:25:34,2026-07-16,Kocaeli  (21. Y.G.),226199,20260716_Kocaeli_226199,109123,ÇİRKİN VE GÜZEL,12.75,R.KETME,21:00,2026-07-16 21:23:14,0.0194099378881987,11,0.0157342657342657,11,0.1246105919003115,10,0.1191588785046729,10,0.0158174130367089,0.1180310245758217,11.0,8.0
2026-07-16 21:25:34,2026-07-16,Kocaeli  (21. Y.G.),226199,20260716_Kocaeli_226199,117223,FIRTINA BİÇEN,4.45,S.ALTAY,21:00,2026-07-16 21:23:14,0.158351409978308,2,0.0920306768922974,4,0.4645844952593418,1,0.3395860284605432,4,0.1044100901869477,0.38729754640529,3.0,3.0
2026-07-16 21:25:34,2026-07-16,Kocaeli  (21. Y.G.),226199,20260716_Kocaeli_226199,108268,GÜMBÜR ATEŞİ,25.45,M.T.COŞKUN,21:00,2026-07-16 21:23:14,0.0081008100810081,12,0.0157342657342657,12,0.096078431372549,12,0.1048076923076923,12,0.0106365669965967,0.0779504949621674,12.0,12.0
2026-07-16 21:25:34,2026-07-16,Kocaeli  (21. Y.G.),226199,20260716_Kocaeli_226199,111847,HATUN DİDEM,4.45,M.M.BİLGİN,21:00,2026-07-16 21:23:14,0.1114070128717266,6,0.1685393258426966,1,0.4049079754601227,4,0.4780701754385965,1,0.1615783181456246,0.4923558493440967,1.0,1.0
2026-07-16 21:25:34,2026-07-16,Kocaeli  (21. Y.G.),226199,20260716_Kocaeli_226199,120906,MÜPHEM,5.2,HAK.YILDIZ,21:00,2026-07-16 21:23:14,0.0928853754940711,7,0.036770921386306,10,0.2524357838795394,7,0.1191588785046729,11,0.0494410520558665,0.1771980633763375,7.0,7.0
2026-07-16 21:25:34,2026-07-16,Kocaeli  (21. Y.G.),226199,20260716_Kocaeli_226199,108883,ÖZGÜNDEN,3.15,M.KEÇECİ,21:00,2026-07-16 21:23:14,0.1781226903178122,1,0.0544399821508255,5,0.4645844952593418,2,0.1272727272727272,8,0.088553743668894,0.2326437606928394,4.0,6.0
2026-07-16 21:25:34,2026-07-16,Kocaeli  (21. Y.G.),226199,20260716_Kocaeli_226199,111840,TORUN SADA,34.15,F.ÇETİNBAŞ,21:00,2026-07-16 21:23:14,0.0248587570621468,10,0.0544399821508255,6,0.1201780415430267,11,0.1742209631728045,6,0.0224795661895124,0.1013953103051791,9.0,10.0
2026-07-16 21:25:34,2026-07-16,Kocaeli  (21. Y.G.),226199,20260716_Kocaeli_226199,114677,TUMBUL NADİDE,3.15,G.ÖZÇELİK,21:00,2026-07-16 21:23:14,0.158351409978308,3,0.0544399821508255,7,0.4645844952593418,3,0.223516361619523,5,0.088553743668894,0.3342038311758115,5.0,5.0
2026-07-16 21:25:34,2026-07-16,Kocaeli  (21. Y.G.),226199,20260716_Kocaeli_226199,120913,YAĞMURCUM,5.2,A.YILDIZ,21:00,2026-07-16 21:23:14,0.1556473829201102,4,0.1414812354699435,2,0.3798561151079136,5,0.4575688073394495,2,0.1306054202803719,0.4555386071696209,2.0,2.0
2026-07-16 21:25:34,2026-07-16,Kocaeli  (21. Y.G.),226214,20260716_Kocaeli_226214,112168,EĞRİCAN,8.35,A.E.ELMAS,21:30,2026-07-16 21:23:14,0.0843672456575682,5,0.0544399821508255,5,0.3286219081272085,4,0.2542483660130719,3,0.0571914811128544,0.2736153912252522,5.0,4.0
2026-07-16 21:25:34,2026-07-16,Kocaeli  (21. Y.G.),226214,20260716_Kocaeli_226214,107692,BUDABEŞTE GÜLÜ,14.95,R.KETME,21:30,2026-07-16 21:23:14,0.0323353293413173,11,0.0272695892302381,10,0.096078431372549,11,0.1191588785046729,9,0.0247298481501854,0.1225379576120515,11.0,10.0
2026-07-16 21:25:34,2026-07-16,Kocaeli  (21. Y.G.),226214,20260716_Kocaeli_226214,105775,ÇERMİKŞAH,4.4,M.M.BİLGİN,21:30,2026-07-16 21:23:14,0.1114070128717266,2,0.1414812354699435,1,0.4796573875802997,1,0.5185185185185185,1,0.1636669524783316,0.5583330412470406,1.0,1.0
2026-07-16 21:25:34,2026-07-16,Kocaeli  (21. Y.G.),226214,20260716_Kocaeli_226214,112103,ATARTAY,6.35,M.KEÇECİ,21:30,2026-07-16 21:23:14,0.0580793559516963,7,0.036770921386306,9,0.2206106870229007,6,0.1191588785046729,10,0.0506955184148512,0.1805917930884772,6.0,6.0
2026-07-16 21:25:34,2026-07-16,Kocaeli  (21. Y.G.),226214,20260716_Kocaeli_226214,105843,BABA ENİS,8.6,S.ÖZEN,21:30,2026-07-16 21:23:14,0.0688559322033898,6,0.0415282392026578,8,0.2524357838795394,5,0.1998779371376259,5,0.0462327611482362,0.2274443616432747,7.0,5.0
2026-07-16 21:25:34,2026-07-16,Kocaeli  (21. Y.G.),226214,20260716_Kocaeli_226214,111428,SEVDA MEVSİMİ,28.3,SERH.ÇELİK,21:30,2026-07-16 21:23:14,0.0329004329004329,10,0.0544399821508255,6,0.1025641025641025,10,0.1998779371376259,6,0.0286000676645395,0.1370371149576168,9.0,8.0
2026-07-16 21:25:34,2026-07-16,Kocaeli  (21. Y.G.),226214,20260716_Kocaeli_226214,106316,ÜRGÜP,13.4,A.YILDIZ,21:30,2026-07-16 21:23:14,0.0883054892601432,4,0.1414812354699435,2,0.1201780415430267,9,0.1838487972508591,7,0.0890519121638871,0.1774560234139321,3.0,7.0
2026-07-16 21:25:34,2026-07-16,Kocaeli  (21. Y.G.),226214,20260716_Kocaeli_226214,107055,GÜNGELDİ AĞA,28.1,F.ÇETİNBAŞ,21:30,2026-07-16 21:23:14,0.0312093628088426,12,0.0272695892302381,11,0.096078431372549,12,0.1191588785046729,11,0.017239993652631,0.0918436725622505,12.0,12.0
2026-07-16 21:25:34,2026-07-16,Kocaeli  (21. Y.G.),226214,20260716_Kocaeli_226214,107647,İYİMSER,4.5,G.ÖZÇELİK,21:30,2026-07-16 21:23:14,0.1304836895388076,1,0.07007007007007,3,0.3775100401606426,3,0.2542483660130719,4,0.098525964106245,0.3471529982017038,2.0,2.0
2026-07-16 21:25:34,2026-07-16,Kocaeli  (21. Y.G.),226214,20260716_Kocaeli_226214,111685,PELŞİN,30.95,A.ASLAN,21:30,2026-07-16 21:23:14,0.0194099378881987,13,0.0193905817174515,13,0.0565623283909939,14,0.0754985754985755,13,0.0127166528072889,0.0621274005922396,13.0,14.0
2026-07-16 21:25:34,2026-07-16,Kocaeli  (21. Y.G.),226214,20260716_Kocaeli_226214,105066,EMİRHAT,24.5,O.ATMACA,21:30,2026-07-16 21:23:14,0.0383428823270163,8,0.0544399821508255,7,0.1246105919003115,8,0.136432541687721,8,0.0310131463544924,0.1084447238515805,8.0,11.0
2026-07-16 21:25:34,2026-07-16,Kocaeli  (21. Y.G.),226214,20260716_Kocaeli_226214,107931,KÜÇÜKAHSEN,12.9,M.A.AKGÖBEK,21:30,2026-07-16 21:23:14,0.0383428823270163,9,0.0251379521765787,12,0.1318681318681319,7,0.1191588785046729,12,0.0253866537111424,0.1310201826441411,10.0,9.0
2026-07-16 21:25:34,2026-07-16,Kocaeli  (21. Y.G.),226214,20260716_Kocaeli_226214,112165,BERİVANCAN,8.35,A.İNCİ,21:30,2026-07-16 21:23:14,0.1045197740112994,3,0.07007007007007,4,0.4166666666666667,2,0.2693370165745856,2,0.0686682132317858,0.2852734170781016,4.0,3.0
2026-07-16 21:25:34,2026-07-16,Kocaeli  (21. Y.G.),226214,20260716_Kocaeli_226214,111678,KAPGAN KAĞAN,9.5,GÖK.BEKTAŞ,21:30,2026-07-16 21:23:14,0.0058699225170227,14,0.0047288310920644,14,0.071578947368421,13,0.0427350427350427,14,0.0090988788807616,0.0722353524115298,14.0,13.0
2026-07-16 21:25:34,2026-07-16,Kocaeli  (21. Y.G.),226214,20260716_Kocaeli_226214,107080,BEYAZ ALEV,41.95,B.ÇETİN,21:30,2026-07-16 21:23:14,0.0051216389244558,15,0.0047288310920644,15,0.0066225165562913,15,0.012301013024602,15,0.0038302258373586,0.0138985745074741,15.0,15.0
2026-07-17 08:02:53,2026-07-17,Bursa  (28. Y.G.),226216,20260717_Bursa_226216,108130,BULUTYELE,,O.YILDIZ,13:30,2026-07-17 08:00:19,0.0312093628088426,2,0.1981721981721981,2,0.1246105919003115,1,0.4348659003831417,3,,,,
2026-07-17 08:02:53,2026-07-17,Bursa  (28. Y.G.),226216,20260717_Bursa_226216,111735,DAVRANTAY,,O.GÖKÇE,13:30,2026-07-17 08:00:19,0.0323353293413173,1,0.1193693693693693,5,0.1201780415430267,2,0.3634615384615384,5,,,,
2026-07-17 08:02:53,2026-07-17,Bursa  (28. Y.G.),226216,20260717_Bursa_226216,111745,ERAFŞAR,,N.AVCİ,13:30,2026-07-17 08:00:19,0.0282861896838602,4,0.2470214455917394,1,0.096078431372549,5,0.5392857142857143,1,,,,
2026-07-17 08:02:53,2026-07-17,Bursa  (28. Y.G.),226216,20260717_Bursa_226216,111858,PAMİRALP,,N.ŞEN,13:30,2026-07-17 08:00:19,0.0282861896838602,5,0.0920306768922974,6,0.1201780415430267,3,0.2940813810110974,6,,,,
2026-07-17 08:02:53,2026-07-17,Bursa  (28. Y.G.),226216,20260717_Bursa_226216,111579,PERGA,,O.ATMACA,13:30,2026-07-17 08:00:19,0.0194099378881987,9,0.0878712871287129,7,0.096078431372549,6,0.2542483660130719,8,,,,
2026-07-17 08:02:53,2026-07-17,Bursa  (28. Y.G.),226216,20260717_Bursa_226216,111547,SELİM TALHA,,C.ALTUN,13:30,2026-07-17 08:00:19,0.0248587570621468,6,0.0810074880871341,8,0.096078431372549,7,0.2049180327868852,9,,,,
2026-07-17 08:02:53,2026-07-17,Bursa  (28. Y.G.),226216,20260717_Bursa_226216,111852,SERTESEN,,Ö.F.ÖZEN,13:30,2026-07-17 08:00:19,0.0247191011235955,7,0.07007007007007,9,0.071578947368421,10,0.1191588785046729,12,,,,
2026-07-17 08:02:53,2026-07-17,Bursa  (28. Y.G.),226216,20260717_Bursa_226216,116489,ŞAH VEYSİ,,T.ALICI,13:30,2026-07-17 08:00:19,0.0194099378881987,10,0.0272695892302381,12,0.0565623283909939,12,0.096938775510204,13,,,,
2026-07-17 08:02:53,2026-07-17,Bursa  (28. Y.G.),226216,20260717_Bursa_226216,108619,TINASEFE,,H.ŞİMŞEK,13:30,2026-07-17 08:00:19,0.0183246073298429,11,0.0544399821508255,10,0.0873108265424912,9,0.2693370165745856,7,,,,
2026-07-17 08:02:53,2026-07-17,Bursa  (28. Y.G.),226216,20260717_Bursa_226216,112092,FELHAN GÜLÜ,,M.M.BİLGİN,13:30,2026-07-17 08:00:19,0.0247191011235955,8,0.1685393258426966,3,0.1025641025641025,4,0.4575688073394495,2,,,,
2026-07-17 08:02:53,2026-07-17,Bursa  (28. Y.G.),226216,20260717_Bursa_226216,111888,NADİDE KIZ,,K.TOKAÇOĞLU,13:30,2026-07-17 08:00:19,0.0312093628088426,3,0.1685393258426966,4,0.096078431372549,8,0.4035087719298246,4,,,,
2026-07-17 08:02:53,2026-07-17,Bursa  (28. Y.G.),226216,20260717_Bursa_226216,108519,BANGU,,A.İNCİ,13:30,2026-07-17 08:00:19,0.0081008100810081,13,0.0251379521765787,13,0.0565623283909939,13,0.1742209631728045,10,,,,
2026-07-17 08:02:53,2026-07-17,Bursa  (28. Y.G.),226216,20260717_Bursa_226216,110363,SARAYTAY,,MAH.TURAN,13:30,2026-07-17 08:00:19,0.0127931769722814,12,0.0415282392026578,11,0.071578947368421,11,0.136432541687721,11,,,,
2026-07-17 08:02:53,2026-07-17,Bursa  (28. Y.G.),226230,20260717_Bursa_226230,109581,ROYAL TOUCH,,E.AKPINAR,14:00,2026-07-17 08:00:19,0.0194099378881987,5,0.0920306768922974,3,0.1457564575645756,1,0.4575688073394495,1,,,,
2026-07-17 08:02:53,2026-07-17,Bursa  (28. Y.G.),226230,20260717_Bursa_226230,108297,SAVE YOUR TEARS,,K.YILMAZ,14:00,2026-07-17 08:00:19,0.0127931769722814,7,0.0272695892302381,8,0.1201780415430267,6,0.3358954650269023,3,,,,
2026-07-17 08:02:53,2026-07-17,Bursa  (28. Y.G.),226230,20260717_Bursa_226230,108498,YANLIZ KAREL,,Ö.F.ÖZEN,14:00,2026-07-17 08:00:19,0.0247191011235955,4,0.0920306768922974,4,0.1246105919003115,4,0.3821596244131455,2,,,,
2026-07-17 08:02:53,2026-07-17,Bursa  (28. Y.G.),226230,20260717_Bursa_226230,108815,VAELLA,,N.AVCİ,14:00,2026-07-17 08:00:19,0.0080500894454382,8,0.0544399821508255,7,0.0873108265424912,9,0.278169014084507,6,,,,
2026-07-17 08:02:53,2026-07-17,Bursa  (28. Y.G.),226230,20260717_Bursa_226230,108769,ESTOCADE,,MAH.TURAN,14:00,2026-07-17 08:00:19,0.0248587570621468,3,0.1193693693693693,1,0.1457564575645756,2,0.3358954650269023,4,,,,
2026-07-17 08:02:53,2026-07-17,Bursa  (28. Y.G.),226230,20260717_Bursa_226230,109011,KING OF PROTI,,R.YILDIZ,14:00,2026-07-17 08:00:19,0.0312093628088426,2,0.0878712871287129,6,0.096078431372549,7,0.223516361619523,7,,,,
2026-07-17 08:02:53,2026-07-17,Bursa  (28. Y.G.),226230,20260717_Bursa_226230,110874,BAY CAVALLO,,A.İNCİ,14:00,2026-07-17 08:00:19,0.0194099378881987,6,0.1141304347826086,2,0.1318681318681319,3,0.332258064516129,5,,,,
2026-07-17 08:02:53,2026-07-17,Bursa  (28. Y.G.),226230,20260717_Bursa_226230,109498,VERONA SPRING,,İ.GÜREKE,14:00,2026-07-17 08:00:19,0.0080500894454382,9,0.0241333918385256,9,0.096078431372549,8,0.223516361619523,8,,,,
2026-07-17 08:02:53,2026-07-17,Bursa  (28. Y.G.),226230,20260717_Bursa_226230,110813,ZAMBUCCA,,O.ATMACA,14:00,2026-07-17 08:00:19,0.0323353293413173,1,0.0920306768922974,5,0.1246105919003115,5,0.1998779371376259,9,,,,
2026-07-17 08:02:53,2026-07-17,Bursa  (28. Y.G.),226228,20260717_Bursa_226228,108182,LINARES,,Ö.YILDIRIM,14:30,2026-07-17 08:00:19,0.043144424131627,1,0.1981721981721981,1,0.2524357838795394,1,0.8092105263157895,1,,,,
2026-07-17 08:02:53,2026-07-17,Bursa  (28. Y.G.),226228,20260717_Bursa_226228,111100,SHEEP STEALER,,N.AVCİ,14:30,2026-07-17 08:00:19,0.0127931769722814,4,0.0810074880871341,3,0.1542130365659777,4,0.5018867924528304,4,,,,
2026-07-17 08:02:53,2026-07-17,Bursa  (28. Y.G.),226228,20260717_Bursa_226228,109256,TYPHOON,,E.AKPINAR,14:30,2026-07-17 08:00:19,0.0383428823270163,2,0.1141304347826086,2,0.2524357838795394,2,0.638184245660881,2,,,,
2026-07-17 08:02:53,2026-07-17,Bursa  (28. Y.G.),226228,20260717_Bursa_226228,107993,LORD OF DRAGON,,S.TIRPAN,14:30,2026-07-17 08:00:19,0.0248587570621468,3,0.0544399821508255,4,0.2206106870229007,3,0.6052631578947367,3,,,,
2026-07-17 08:02:53,2026-07-17,Bursa  (28. Y.G.),226228,20260717_Bursa_226228,108805,ENHEDUANNA,,T.YILDIZ,14:30,2026-07-17 08:00:19,0.0102622576966932,5,0.0272695892302381,5,0.1025641025641025,5,0.2940813810110974,5,,,,
2026-07-17 08:02:53,2026-07-17,Bursa  (28. Y.G.),226227,20260717_Bursa_226227,116631,ELSENORDELOSCIELOS,,K.TOKAÇOĞLU,15:00,2026-07-17 08:00:19,0.0323353293413173,1,0.4095238095238095,1,0.2524357838795394,2,0.9545454545454546,1,,,,
2026-07-17 08:02:53,2026-07-17,Bursa  (28. Y.G.),226227,20260717_Bursa_226227,114684,RISING GLORY,,M.M.BİLGİN,15:00,2026-07-17 08:00:19,0.0323353293413173,2,0.36,2,0.2524357838795394,3,0.831858407079646,3,,,,
2026-07-17 08:02:53,2026-07-17,Bursa  (28. Y.G.),226227,20260717_Bursa_226227,113029,HAVASUPAI,,N.AVCİ,15:00,2026-07-17 08:00:19,0.0312093628088426,3,0.36,3,0.2773584905660378,1,0.8333333333333333,2,,,,
2026-07-17 08:02:53,2026-07-17,Bursa  (28. Y.G.),226227,20260717_Bursa_226227,114442,ROCK OF BEAUTIFUL,,C.ALTUN,15:00,2026-07-17 08:00:19,0.0282861896838602,4,0.1685393258426966,4,0.2524357838795394,4,0.7605396290050591,4,,,,
2026-07-17 08:02:53,2026-07-17,Bursa  (28. Y.G.),226215,20260717_Bursa_226215,108724,HULUSİBEY,,O.YILDIZ,15:30,2026-07-17 08:00:19,0.0183246073298429,7,0.1685393258426966,2,0.071578947368421,6,0.4348659003831417,1,,,,
2026-07-17 08:02:53,2026-07-17,Bursa  (28. Y.G.),226215,20260717_Bursa_226215,107795,ALKATRAZ KUŞÇUSU,,N.AVCİ,15:30,2026-07-17 08:00:19,0.0194099378881987,4,0.1414812354699435,4,0.096078431372549,3,0.3902439024390244,2,,,,
2026-07-17 08:02:53,2026-07-17,Bursa  (28. Y.G.),226215,20260717_Bursa_226215,110042,ALTIN NOKTA,,Ö.F.ÖZEN,15:30,2026-07-17 08:00:19,0.0323353293413173,2,0.1981721981721981,1,0.096078431372549,4,0.3821596244131455,3,,,,
2026-07-17 08:02:53,2026-07-17,Bursa  (28. Y.G.),226215,20260717_Bursa_226215,112128,ASRAL,,C.TEPE,15:30,2026-07-17 08:00:19,0.0080500894454382,11,0.0157342657342657,11,0.041860465116279,10,0.0521861777150916,10,,,,
2026-07-17 08:02:53,2026-07-17,Bursa  (28. Y.G.),226215,20260717_Bursa_226215,111583,BAŞKATAY,,E.AKKAYA,15:30,2026-07-17 08:00:19,0.0194099378881987,5,0.0415282392026578,7,0.0565623283909939,7,0.1048076923076923,9,,,,
2026-07-17 08:02:53,2026-07-17,Bursa  (28. Y.G.),226215,20260717_Bursa_226215,108399,ÇILGINDAĞ,,K.YILMAZ,15:30,2026-07-17 08:00:19,0.043144424131627,1,0.1414812354699435,5,0.1246105919003115,1,0.2940813810110974,5,,,,
2026-07-17 08:02:53,2026-07-17,Bursa  (28. Y.G.),226215,20260717_Bursa_226215,112902,DEMİRYÜZ,,O.GÖKÇE,15:30,2026-07-17 08:00:19,0.0127931769722814,8,0.036770921386306,8,0.0565623283909939,8,0.105865522174535,8,,,,
2026-07-17 08:02:53,2026-07-17,Bursa  (28. Y.G.),226215,20260717_Bursa_226215,116219,DOSTBAŞAR,,K.TOKAÇOĞLU,15:30,2026-07-17 08:00:19,0.0312093628088426,3,0.1685393258426966,3,0.1025641025641025,2,0.3778801843317972,4,,,,
2026-07-17 08:02:53,2026-07-17,Bursa  (28. Y.G.),226215,20260717_Bursa_226215,113264,LAVEKAR,,C.PASO,15:30,2026-07-17 08:00:19,0.0102622576966932,10,0.0241333918385256,10,0.041860465116279,11,0.0353535353535353,11,,,,
2026-07-17 08:02:53,2026-07-17,Bursa  (28. Y.G.),226215,20260717_Bursa_226215,111468,SERT GÖZ,,MAH.TURAN,15:30,2026-07-17 08:00:19,0.0194099378881987,6,0.045021645021645,6,0.096078431372549,5,0.1838487972508591,6,,,,
2026-07-17 08:02:53,2026-07-17,Bursa  (28. Y.G.),226215,20260717_Bursa_226215,122518,GECE PERİSİ,,R.YILDIZ,15:30,2026-07-17 08:00:19,0.0058699225170227,12,0.0047288310920644,13,0.0132450331125827,13,0.0082530949105914,13,,,,
2026-07-17 08:02:53,2026-07-17,Bursa  (28. Y.G.),226215,20260717_Bursa_226215,110682,HİFA GÜZELİ,,E.AKPINAR,15:30,2026-07-17 08:00:19,0.0127931769722814,9,0.036770921386306,9,0.0565623283909939,9,0.1191588785046729,7,,,,
2026-07-17 08:02:53,2026-07-17,Bursa  (28. Y.G.),226215,20260717_Bursa_226215,107763,UMUDUN ASLANI,,S.TIRPAN,15:30,2026-07-17 08:00:19,0.0058699225170227,13,0.0128205128205128,12,0.0275590551181102,12,0.0325149303251493,12,,,,
2026-07-17 08:02:53,2026-07-17,Bursa  (28. Y.G.),226223,20260717_Bursa_226223,102735,DEMİRYİĞİT,,E.AKPINAR,16:00,2026-07-17 08:00:19,0.0102622576966932,12,0.0272695892302381,9,0.0565623283909939,8,0.1998779371376259,5,,,,
2026-07-17 08:02:53,2026-07-17,Bursa  (28. Y.G.),226223,20260717_Bursa_226223,97164,SİNSİNATEŞİ,,E.AKKAYA,16:00,2026-07-17 08:00:19,0.0248587570621468,5,0.036770921386306,8,0.071578947368421,6,0.16359918200409,7,,,,
2026-07-17 08:02:53,2026-07-17,Bursa  (28. Y.G.),226223,20260717_Bursa_226223,89347,ALYADİGAR,,Ö.F.ÖZEN,16:00,2026-07-17 08:00:19,0.0329004329004329,2,0.0878712871287129,4,0.096078431372549,3,0.2693370165745856,4,,,,
2026-07-17 08:02:53,2026-07-17,Bursa  (28. Y.G.),226223,20260717_Bursa_226223,101139,ESKİ TOPRAK,,İ.GÜREKE,16:00,2026-07-17 08:00:19,0.0282861896838602,3,0.0544399821508255,5,0.0565623283909939,9,0.136432541687721,10,,,,
2026-07-17 08:02:53,2026-07-17,Bursa  (28. Y.G.),226223,20260717_Bursa_226223,90351,ANEMON ÇİÇEĞİ,,C.ALTUN,16:00,2026-07-17 08:00:19,0.0080500894454382,13,0.0272695892302381,10,0.0462107208872458,11,0.0754985754985755,11,,,,
2026-07-17 08:02:53,2026-07-17,Bursa  (28. Y.G.),226223,20260717_Bursa_226223,105653,ŞANSIBOLBEY,,MAH.TURAN,16:00,2026-07-17 08:00:19,0.0127931769722814,11,0.0272695892302381,11,0.096078431372549,4,0.1838487972508591,6,,,,
2026-07-17 08:02:53,2026-07-17,Bursa  (28. Y.G.),226223,20260717_Bursa_226223,97088,KARACAHİSAR,,O.EREN,16:00,2026-07-17 08:00:19,0.0194099378881987,6,0.0241333918385256,12,0.0462107208872458,12,0.0754985754985755,12,,,,
2026-07-17 08:02:53,2026-07-17,Bursa  (28. Y.G.),226223,20260717_Bursa_226223,104751,ALMUTANABİY,,V.ABİŞ,16:00,2026-07-17 08:00:19,0.0383428823270163,1,0.2125714285714285,1,0.1542130365659777,1,0.4348659003831417,1,,,,
2026-07-17 08:02:53,2026-07-17,Bursa  (28. Y.G.),226223,20260717_Bursa_226223,97323,ALLER GÜLÜ,,O.YILDIZ,16:00,2026-07-17 08:00:19,0.0194099378881987,7,0.0415282392026578,7,0.0565623283909939,10,0.1630546955624355,9,,,,
2026-07-17 08:02:53,2026-07-17,Bursa  (28. Y.G.),226223,20260717_Bursa_226223,105051,SANCAK TAŞIYAN,,N.AVCİ,16:00,2026-07-17 08:00:19,0.0194099378881987,8,0.1981721981721981,2,0.096078431372549,5,0.3395860284605432,3,,,,
2026-07-17 08:02:53,2026-07-17,Bursa  (28. Y.G.),226223,20260717_Bursa_226223,98123,CAN DENİZİM,,C.PASO,16:00,2026-07-17 08:00:19,0.0194099378881987,9,0.0241333918385256,13,0.0462107208872458,13,0.0655629139072847,13,,,,
2026-07-17 08:02:53,2026-07-17,Bursa  (28. Y.G.),226223,20260717_Bursa_226223,106317,OĞLUM GÜRKAN,,A.İNCİ,16:00,2026-07-17 08:00:19,0.0194099378881987,10,0.0544399821508255,6,0.071578947368421,7,0.16359918200409,8,,,,
2026-07-17 08:02:53,2026-07-17,Bursa  (28. Y.G.),226223,20260717_Bursa_226223,105299,MEN DAKKA DUKKA,,O.ATMACA,16:00,2026-07-17 08:00:19,0.0282861896838602,4,0.1685393258426966,3,0.1025641025641025,2,0.3637484586929716,2,,,,
2026-07-17 08:02:53,2026-07-17,Bursa  (28. Y.G.),226233,20260717_Bursa_226233,103054,GÜRAYHAN,,M.AKYAVUZ,16:30,2026-07-17 08:00:19,0.0247191011235955,5,0.0677867902665121,7,0.096078431372549,7,0.3235294117647059,6,,,,
2026-07-17 08:02:53,2026-07-17,Bursa  (28. Y.G.),226233,20260717_Bursa_226233,106895,SON İZCİ,,S.KAYA,16:30,2026-07-17 08:00:19,0.0194099378881987,7,0.0920306768922974,4,0.1318681318681319,3,0.4575688073394495,2,,,,
2026-07-17 08:02:53,2026-07-17,Bursa  (28. Y.G.),226233,20260717_Bursa_226233,97016,CANMETE,,Ö.YILDIRIM,16:30,2026-07-17 08:00:19,0.0329004329004329,1,0.1414812354699435,2,0.1318681318681319,4,0.3637484586929716,4,,,,
2026-07-17 08:02:53,2026-07-17,Bursa  (28. Y.G.),226233,20260717_Bursa_226233,95565,KAYAFATİH,,N.AVCİ,16:30,2026-07-17 08:00:19,0.0323353293413173,2,0.1829268292682926,1,0.1816160118606375,1,0.5573394495412843,1,,,,
2026-07-17 08:02:53,2026-07-17,Bursa  (28. Y.G.),226233,20260717_Bursa_226233,99111,UZUN DALGA,,MER.ÇELİK,16:30,2026-07-17 08:00:19,0.0247191011235955,6,0.0810074880871341,6,0.1246105919003115,5,0.3358954650269023,5,,,,
2026-07-17 08:02:53,2026-07-17,Bursa  (28. Y.G.),226233,20260717_Bursa_226233,95877,KAŞEMUM KARA,,A.İNCİ,16:30,2026-07-17 08:00:19,0.0323353293413173,3,0.0920306768922974,5,0.1246105919003115,6,0.3235294117647059,7,,,,
2026-07-17 08:02:53,2026-07-17,Bursa  (28. Y.G.),226233,20260717_Bursa_226233,94548,DEMİRKARDEŞLER,,M.M.BİLGİN,16:30,2026-07-17 08:00:19,0.0323353293413173,4,0.1193693693693693,3,0.1599736668861093,2,0.4232209737827715,3,,,,
2026-07-17 08:02:53,2026-07-17,Bursa  (28. Y.G.),226233,20260717_Bursa_226233,100662,AĞA TALİP,,C.PASO,16:30,2026-07-17 08:00:19,0.0127931769722814,8,0.0193905817174515,8,0.0595238095238095,8,0.136432541687721,8,,,,
2026-07-17 08:02:53,2026-07-17,Bursa  (28. Y.G.),226231,20260717_Bursa_226231,95820,İSEN BUGA,,K.TOKAÇOĞLU,17:00,2026-07-17 08:00:19,0.0194099378881987,5,0.045021645021645,6,0.1318681318681319,6,0.332258064516129,6,,,,
2026-07-17 08:02:53,2026-07-17,Bursa  (28. Y.G.),226231,20260717_Bursa_226231,106268,MAGIC SELECTRA,,N.AVCİ,17:00,2026-07-17 08:00:19,0.0329004329004329,4,0.1981721981721981,2,0.1841779975278121,2,0.5882352941176471,3,,,,
2026-07-17 08:02:53,2026-07-17,Bursa  (28. Y.G.),226231,20260717_Bursa_226231,102715,PATRICK STAR,,V.ABİŞ,17:00,2026-07-17 08:00:19,0.0511111111111111,1,0.2954248366013072,1,0.2524357838795394,1,0.7605396290050591,1,,,,
2026-07-17 08:02:53,2026-07-17,Bursa  (28. Y.G.),226231,20260717_Bursa_226231,99230,THE KING SIAYER,,Ö.YILDIRIM,17:00,2026-07-17 08:00:19,0.043144424131627,2,0.1981721981721981,3,0.1841779975278121,3,0.6052631578947367,2,,,,
2026-07-17 08:02:53,2026-07-17,Bursa  (28. Y.G.),226231,20260717_Bursa_226231,104482,TOUCH THE MOON,,S.KAYA,17:00,2026-07-17 08:00:19,0.0383428823270163,3,0.1414812354699435,4,0.1841779975278121,4,0.5313225058004639,4,,,,
2026-07-17 08:02:53,2026-07-17,Bursa  (28. Y.G.),226231,20260717_Bursa_226231,101658,ROSSO E BIANCO,,M.M.BİLGİN,17:00,2026-07-17 08:00:19,0.0194099378881987,6,0.0810074880871341,5,0.1599736668861093,5,0.4348659003831417,5,,,,
2026-07-17 08:02:53,2026-07-17,Bursa  (28. Y.G.),226217,20260717_Bursa_226217,116364,BARLABEY,,M.AKYAVUZ,17:30,2026-07-17 08:00:19,0.0247191011235955,3,0.0920306768922974,5,0.0873108265424912,4,0.3395860284605432,4,,,,
2026-07-17 08:02:53,2026-07-17,Bursa  (28. Y.G.),226217,20260717_Bursa_226217,110187,YASİN AĞA,,M.M.BİLGİN,17:30,2026-07-17 08:00:19,0.0194099378881987,6,0.2427184466019417,1,0.1229508196721311,2,0.5767575322812053,1,,,,
2026-07-17 08:02:53,2026-07-17,Bursa  (28. Y.G.),226217,20260717_Bursa_226217,108781,ASALET SAHİBİ,,C.PASO,17:30,2026-07-17 08:00:19,0.0080500894454382,13,0.0272695892302381,9,0.0462107208872458,10,0.1998779371376259,6,,,,
2026-07-17 08:02:53,2026-07-17,Bursa  (28. Y.G.),226217,20260717_Bursa_226217,111575,CABALLO,,Y.E.YÜKSEL,17:30,2026-07-17 08:00:19,0.0194099378881987,7,0.0677867902665121,7,0.071578947368421,8,0.1838487972508591,7,,,,
2026-07-17 08:02:53,2026-07-17,Bursa  (28. Y.G.),226217,20260717_Bursa_226217,109691,HÜKÜMDAR KILICI,,T.YILDIZ,17:30,2026-07-17 08:00:19,0.0247191011235955,4,0.0544399821508255,8,0.08,7,0.16359918200409,8,,,,
2026-07-17 08:02:53,2026-07-17,Bursa  (28. Y.G.),226217,20260717_Bursa_226217,112161,KRAL KADİR,,O.GÖKÇE,17:30,2026-07-17 08:00:19,0.0194099378881987,8,0.0272695892302381,10,0.0462107208872458,11,0.0926216640502354,10,,,,
2026-07-17 08:02:53,2026-07-17,Bursa  (28. Y.G.),226217,20260717_Bursa_226217,110269,KRENSİA,,S.ÇETİN,17:30,2026-07-17 08:00:19,0.0081008100810081,12,0.0193905817174515,13,0.0462107208872458,12,0.081081081081081,11,,,,
2026-07-17 08:02:53,2026-07-17,Bursa  (28. Y.G.),226217,20260717_Bursa_226217,107628,MİRMET,,K.YILMAZ,17:30,2026-07-17 08:00:19,0.0312093628088426,1,0.0878712871287129,6,0.0873108265424912,5,0.1630546955624355,9,,,,
2026-07-17 08:02:53,2026-07-17,Bursa  (28. Y.G.),226217,20260717_Bursa_226217,108079,TEKNİKTAKTİK,,O.YILDIZ,17:30,2026-07-17 08:00:19,0.0194099378881987,9,0.102127659574468,4,0.0873108265424912,6,0.3395860284605432,5,,,,
2026-07-17 08:02:53,2026-07-17,Bursa  (28. Y.G.),226217,20260717_Bursa_226217,109032,ASİLBULUT,,K.TOKAÇOĞLU,17:30,2026-07-17 08:00:19,0.0194099378881987,10,0.1414812354699435,3,0.096078431372549,3,0.3778801843317972,3,,,,
2026-07-17 08:02:53,2026-07-17,Bursa  (28. Y.G.),226217,20260717_Bursa_226217,111492,GÜREKE HANIM,,İ.GÜREKE,17:30,2026-07-17 08:00:19,0.0247191011235955,5,0.0272695892302381,11,0.0565623283909939,9,0.0655629139072847,12,,,,
2026-07-17 08:02:53,2026-07-17,Bursa  (28. Y.G.),226217,20260717_Bursa_226217,122072,ROZA HANIM,,V.ABİŞ,17:30,2026-07-17 08:00:19,0.0282861896838602,2,0.2427184466019417,2,0.1246105919003115,1,0.5573394495412843,2,,,,
2026-07-17 08:02:53,2026-07-17,Bursa  (28. Y.G.),226217,20260717_Bursa_226217,110389,TOKATHANIN GÜLÜ,,S.TIRPAN,17:30,2026-07-17 08:00:19,0.0127931769722814,11,0.0241333918385256,12,0.0462107208872458,13,0.0655629139072847,13,,,,
2026-07-17 08:02:53,2026-07-17,Bursa  (28. Y.G.),226232,20260717_Bursa_226232,107034,İSPANOZ,,N.ŞEN,18:00,2026-07-17 08:00:19,0.0248587570621468,5,0.0920306768922974,1,0.1246105919003115,1,0.2693370165745856,3,,,,
2026-07-17 08:02:53,2026-07-17,Bursa  (28. Y.G.),226232,20260717_Bursa_226232,93251,LA BOMBONERA,,Ö.F.ÖZEN,18:00,2026-07-17 08:00:19,0.0282861896838602,4,0.07007007007007,4,0.1201780415430267,2,0.278169014084507,2,,,,
2026-07-17 08:02:53,2026-07-17,Bursa  (28. Y.G.),226232,20260717_Bursa_226232,106666,LEJUR,,C.ALTUN,18:00,2026-07-17 08:00:19,0.0323353293413173,2,0.0920306768922974,2,0.1201780415430267,3,0.2940813810110974,1,,,,
2026-07-17 08:02:53,2026-07-17,Bursa  (28. Y.G.),226232,20260717_Bursa_226232,103297,ERDUMAN,,N.AVCİ,18:00,2026-07-17 08:00:19,0.0194099378881987,8,0.0677867902665121,5,0.096078431372549,4,0.2693370165745856,4,,,,
2026-07-17 08:02:53,2026-07-17,Bursa  (28. Y.G.),226232,20260717_Bursa_226232,94475,DILO,,C.PASO,18:00,2026-07-17 08:00:19,0.0127931769722814,12,0.015299026425591,13,0.0462107208872458,12,0.042016806722689,13,,,,
2026-07-17 08:02:53,2026-07-17,Bursa  (28. Y.G.),226232,20260717_Bursa_226232,104736,DİDİ LAZİ,,O.YILDIZ,18:00,2026-07-17 08:00:19,0.0247191011235955,7,0.0677867902665121,6,0.096078431372549,5,0.223516361619523,6,,,,
2026-07-17 08:02:53,2026-07-17,Bursa  (28. Y.G.),226232,20260717_Bursa_226232,99085,FIT AS A FIDDLE,,K.TOKAÇOĞLU,18:00,2026-07-17 08:00:19,0.0383428823270163,1,0.0878712871287129,3,0.096078431372549,6,0.2693370165745856,5,,,,
2026-07-17 08:02:53,2026-07-17,Bursa  (28. Y.G.),226232,20260717_Bursa_226232,106430,KARAİN ASLANI,,MAH.TURAN,18:00,2026-07-17 08:00:19,0.0194099378881987,9,0.036770921386306,9,0.0873108265424912,8,0.136432541687721,8,,,,
2026-07-17 08:02:53,2026-07-17,Bursa  (28. Y.G.),226232,20260717_Bursa_226232,101366,MİRALAYIM,,A.İNCİ,18:00,2026-07-17 08:00:19,0.0323353293413173,3,0.0544399821508255,7,0.0873108265424912,9,0.1191588785046729,9,,,,
2026-07-17 08:02:53,2026-07-17,Bursa  (28. Y.G.),226232,20260717_Bursa_226232,99586,RUSHMORE,,T.YILDIZ,18:00,2026-07-17 08:00:19,0.0102622576966932,13,0.0193905817174515,11,0.0462107208872458,13,0.0754716981132075,12,,,,
2026-07-17 08:02:53,2026-07-17,Bursa  (28. Y.G.),226232,20260717_Bursa_226232,104045,KIZIM BERİL,,T.ALICI,18:00,2026-07-17 08:00:19,0.0183246073298429,10,0.0157342657342657,12,0.0565623283909939,10,0.105865522174535,10,,,,
2026-07-17 08:02:53,2026-07-17,Bursa  (28. Y.G.),226232,20260717_Bursa_226232,102441,TANNUR STAR,,O.BALKAN,18:00,2026-07-17 08:00:19,0.0058699225170227,14,0.0047288310920644,14,0.0138026224982746,14,0.012301013024602,14,,,,
2026-07-17 08:02:53,2026-07-17,Bursa  (28. Y.G.),226232,20260717_Bursa_226232,94501,MİKEA,,M.M.BİLGİN,18:00,2026-07-17 08:00:19,0.0248587570621468,6,0.0544399821508255,8,0.096078431372549,7,0.223516361619523,7,,,,
2026-07-17 08:02:53,2026-07-17,Bursa  (28. Y.G.),226232,20260717_Bursa_226232,100735,JESKO,,O.ATMACA,18:00,2026-07-17 08:00:19,0.0183246073298429,11,0.0241333918385256,10,0.0565623283909939,11,0.0754985754985755,11,,,,
2026-07-17 08:02:53,2026-07-17,İstanbul  (41. Y.G.),226220,20260717_İstanbul_226220,111936,AFRİKA ATEŞİ,,MÜS.ÇELİK,16:45,2026-07-17 08:00:28,0.0194099378881987,7,0.0810074880871341,6,0.0912408759124087,7,0.223516361619523,8,,,,
2026-07-17 08:02:53,2026-07-17,İstanbul  (41. Y.G.),226220,20260717_İstanbul_226220,111714,ALPLİ,,E.ÇİZİK,16:45,2026-07-17 08:00:28,0.0282861896838602,3,0.1685393258426966,3,0.096078431372549,4,0.3634615384615384,3,,,,
2026-07-17 08:02:53,2026-07-17,İstanbul  (41. Y.G.),226220,20260717_İstanbul_226220,110923,BEYÇIKMAZ,,ER.CANKILIÇ,16:45,2026-07-17 08:00:28,0.0323353293413173,1,0.102127659574468,4,0.096078431372549,5,0.2693370165745856,6,,,,
2026-07-17 08:02:53,2026-07-17,İstanbul  (41. Y.G.),226220,20260717_İstanbul_226220,116242,BOZALAN,,SAL.ÇELİK,16:45,2026-07-17 08:00:28,0.0248587570621468,4,0.0878712871287129,5,0.1025641025641025,3,0.2940813810110974,4,,,,
2026-07-17 08:02:53,2026-07-17,İstanbul  (41. Y.G.),226220,20260717_İstanbul_226220,111925,GÜMÜŞ KILIÇ,,A.ASLAN,16:45,2026-07-17 08:00:28,0.0247191011235955,5,0.2125714285714285,2,0.1246105919003115,2,0.5392857142857143,1,,,,
2026-07-17 08:02:53,2026-07-17,İstanbul  (41. Y.G.),226220,20260717_İstanbul_226220,107846,KARANLIK,,B.ÇIĞLA,16:45,2026-07-17 08:00:28,0.0081008100810081,10,0.0272695892302381,9,0.071578947368421,9,0.17,9,,,,
2026-07-17 08:02:53,2026-07-17,İstanbul  (41. Y.G.),226220,20260717_İstanbul_226220,109362,MESTAN,,G.ÖZÇELİK,16:45,2026-07-17 08:00:28,0.0102622576966932,9,0.0544399821508255,8,0.0873108265424912,8,0.2693370165745856,7,,,,
2026-07-17 08:02:53,2026-07-17,İstanbul  (41. Y.G.),226220,20260717_İstanbul_226220,112008,TANERDEN,,A.SÖZEN,16:45,2026-07-17 08:00:28,0.0323353293413173,2,0.2470214455917394,1,0.1318681318681319,1,0.5326923076923079,2,,,,
2026-07-17 08:02:53,2026-07-17,İstanbul  (41. Y.G.),226220,20260717_İstanbul_226220,111193,AYBUKET,,B.ÇETİN,16:45,2026-07-17 08:00:28,0.0127931769722814,8,0.0193905817174515,10,0.0462107208872458,10,0.0655629139072847,10,,,,
2026-07-17 08:02:53,2026-07-17,İstanbul  (41. Y.G.),226220,20260717_İstanbul_226220,108942,TEPEBAĞ KIZI,,A.YILDIZ,16:45,2026-07-17 08:00:28,0.0247191011235955,6,0.0677867902665121,7,0.096078431372549,6,0.2940813810110974,5,,,,
2026-07-17 08:02:53,2026-07-17,İstanbul  (41. Y.G.),226235,20260717_İstanbul_226235,104526,ERDEK,,Y.GÖKÇE,17:15,2026-07-17 08:00:28,0.0194099378881987,7,0.0544399821508255,6,0.096078431372549,7,0.2940813810110974,5,,,,
2026-07-17 08:02:53,2026-07-17,İstanbul  (41. Y.G.),226235,20260717_İstanbul_226235,104506,KIR PAPATYASI,,M.KAYA,17:15,2026-07-17 08:00:28,0.0312093628088426,4,0.1414812354699435,3,0.1457564575645756,3,0.5018867924528304,2,,,,
2026-07-17 08:02:53,2026-07-17,İstanbul  (41. Y.G.),226235,20260717_İstanbul_226235,107135,SEMRAKAYA,,A.YILDIZ,17:15,2026-07-17 08:00:28,0.0282861896838602,5,0.102127659574468,4,0.1318681318681319,5,0.4035087719298246,4,,,,
2026-07-17 08:02:53,2026-07-17,İstanbul  (41. Y.G.),226235,20260717_İstanbul_226235,106930,ŞİMŞEK YELELİ,,H.KARATAŞ,17:15,2026-07-17 08:00:28,0.0329004329004329,1,0.2470214455917394,1,0.1542130365659777,2,0.5018867924528304,3,,,,
2026-07-17 08:02:53,2026-07-17,İstanbul  (41. Y.G.),226235,20260717_İstanbul_226235,106541,TUMBUL MÜZEYYEN,,İSM.YILDIRIM,17:15,2026-07-17 08:00:28,0.0081008100810081,10,0.0251379521765787,8,0.071578947368421,8,0.1998779371376259,8,,,,
2026-07-17 08:02:53,2026-07-17,İstanbul  (41. Y.G.),226235,20260717_İstanbul_226235,105022,YEŞİLKAYA,,ER.CANKILIÇ,17:15,2026-07-17 08:00:28,0.0248587570621468,6,0.07007007007007,5,0.1457564575645756,4,0.2940813810110974,6,,,,
2026-07-17 08:02:53,2026-07-17,İstanbul  (41. Y.G.),226235,20260717_İstanbul_226235,107294,SAKIZ ADASI,,A.SÖZEN,17:15,2026-07-17 08:00:28,0.0323353293413173,2,0.2427184466019417,2,0.1599736668861093,1,0.5185185185185185,1,,,,
2026-07-17 08:02:53,2026-07-17,İstanbul  (41. Y.G.),226235,20260717_İstanbul_226235,107686,DİSTİLE,,G.ÖZÇELİK,17:15,2026-07-17 08:00:28,0.0323353293413173,3,0.0544399821508255,7,0.1318681318681319,6,0.2542483660130719,7,,,,
2026-07-17 08:02:53,2026-07-17,İstanbul  (41. Y.G.),226235,20260717_İstanbul_226235,107127,EFSANE HANIM,,HAK.YILDIZ,17:15,2026-07-17 08:00:28,0.0127931769722814,9,0.0241333918385256,9,0.071578947368421,9,0.1630546955624355,9,,,,
2026-07-17 08:02:53,2026-07-17,İstanbul  (41. Y.G.),226235,20260717_İstanbul_226235,105404,ÇELİKBENGÜ,,B.ÇETİN,17:15,2026-07-17 08:00:28,0.0051216389244558,11,0.0047288310920644,11,0.0119047619047619,11,0.012301013024602,11,,,,
2026-07-17 08:02:53,2026-07-17,İstanbul  (41. Y.G.),226235,20260717_İstanbul_226235,106281,PAMUK ELLA,,M.T.ERTAL,17:15,2026-07-17 08:00:28,0.0194099378881987,8,0.0241333918385256,10,0.0462107208872458,10,0.0325149303251493,10,,,,
2026-07-17 08:02:53,2026-07-17,İstanbul  (41. Y.G.),226222,20260717_İstanbul_226222,109042,NART THE BATTLE,,İSM.YILDIRIM,17:45,2026-07-17 08:00:28,0.0194099378881987,5,0.0878712871287129,5,0.1457564575645756,4,0.3821596244131455,5,,,,
2026-07-17 08:02:53,2026-07-17,İstanbul  (41. Y.G.),226222,20260717_İstanbul_226222,108334,TURAMUN,,A.SÖZEN,17:45,2026-07-17 08:00:28,0.0248587570621468,2,0.2427184466019417,1,0.1318681318681319,5,0.5767575322812053,3,,,,
2026-07-17 08:02:53,2026-07-17,İstanbul  (41. Y.G.),226222,20260717_İstanbul_226222,109471,ALPHA JUNIOR,,M.KEÇECİ,17:45,2026-07-17 08:00:28,0.0247191011235955,3,0.1414812354699435,4,0.1542130365659777,3,0.4493670886075948,4,,,,
2026-07-17 08:02:53,2026-07-17,İstanbul  (41. Y.G.),226222,20260717_İstanbul_226222,110467,ENTERPRISING ROCK,,M.KAYA,17:45,2026-07-17 08:00:28,0.0247191011235955,4,0.2125714285714285,3,0.1599736668861093,2,0.6146788990825688,2,,,,
2026-07-17 08:02:53,2026-07-17,İstanbul  (41. Y.G.),226222,20260717_İstanbul_226222,109640,ANGEL ON THE WING,,A.KURŞUN,17:45,2026-07-17 08:00:28,0.043144424131627,1,0.2408163265306122,2,0.2524357838795394,1,0.6603650586701434,1,,,,
2026-07-17 08:02:53,2026-07-17,İstanbul  (41. Y.G.),226222,20260717_İstanbul_226222,110000,FLY YAZICI,,M.T.ERTAL,17:45,2026-07-17 08:00:28,0.0194099378881987,6,0.0241333918385256,6,0.071578947368421,6,0.1191588785046729,6,,,,
2026-07-17 08:02:53,2026-07-17,İstanbul  (41. Y.G.),226225,20260717_İstanbul_226225,102761,WAITING A SUNNYDAY,,B.ÇIĞLA,18:30,2026-07-17 08:00:28,0.0058699225170227,8,0.0128205128205128,8,0.0462107208872458,7,0.1191588785046729,7,,,,
2026-07-17 08:02:53,2026-07-17,İstanbul  (41. Y.G.),226225,20260717_İstanbul_226225,80105,LADY SEPHORA,,A.KURŞUN,18:30,2026-07-17 08:00:28,0.0323353293413173,4,0.36,1,0.1599736668861093,4,0.6506849315068494,1,,,,
2026-07-17 08:02:53,2026-07-17,İstanbul  (41. Y.G.),226225,20260717_İstanbul_226225,106721,BLACK RUBY,,Y.Ş.GÜMÜŞ,18:30,2026-07-17 08:00:28,0.0081008100810081,7,0.0157342657342657,7,0.0462107208872458,8,0.1048076923076923,8,,,,
2026-07-17 08:02:53,2026-07-17,İstanbul  (41. Y.G.),226225,20260717_İstanbul_226225,103748,VISENYA,,ER.CANKILIÇ,18:30,2026-07-17 08:00:28,0.0573248407643312,1,0.3434991974317817,3,0.1816160118606375,2,0.638184245660881,2,,,,
2026-07-17 08:02:53,2026-07-17,İstanbul  (41. Y.G.),226225,20260717_İstanbul_226225,100018,SECRET LAV,,MÜS.ÇELİK,18:30,2026-07-17 08:00:28,0.0323353293413173,5,0.1414812354699435,4,0.16,3,0.5313225058004639,4,,,,
2026-07-17 08:02:53,2026-07-17,İstanbul  (41. Y.G.),226225,20260717_İstanbul_226225,100491,STASERA,,A.ASLAN,18:30,2026-07-17 08:00:28,0.0194099378881987,6,0.036770921386306,6,0.1246105919003115,6,0.278169014084507,6,,,,
2026-07-17 08:02:53,2026-07-17,İstanbul  (41. Y.G.),226225,20260717_İstanbul_226225,106737,OHRID INCISI,,A.SÖZEN,18:30,2026-07-17 08:00:28,0.043144424131627,3,0.1414812354699435,5,0.1599736668861093,5,0.4780701754385965,5,,,,
2026-07-17 08:02:53,2026-07-17,İstanbul  (41. Y.G.),226225,20260717_İstanbul_226225,103134,CAPE COD,,A.YILDIZ,18:30,2026-07-17 08:00:28,0.05,2,0.36,2,0.1841779975278121,1,0.5573394495412843,3,,,,
2026-07-17 08:02:53,2026-07-17,İstanbul  (41. Y.G.),226221,20260717_İstanbul_226221,114202,SECRET OF DRAGON,,A.SÖZEN,19:00,2026-07-17 08:00:28,0.0194099378881987,6,0.102127659574468,8,0.1229508196721311,8,0.3821596244131455,7,,,,
2026-07-17 08:02:53,2026-07-17,İstanbul  (41. Y.G.),226221,20260717_İstanbul_226221,114852,ART OF VICTORY,,G.ÖZÇELİK,19:00,2026-07-17 08:00:28,0.0312093628088426,5,0.1685393258426966,5,0.1246105919003115,6,0.3821989528795811,6,,,,
2026-07-17 08:02:53,2026-07-17,İstanbul  (41. Y.G.),226221,20260717_İstanbul_226221,112968,BACKTRACK,,A.YILDIZ,19:00,2026-07-17 08:00:28,0.0323353293413173,3,0.1829268292682926,4,0.1542130365659777,1,0.5185185185185185,4,,,,
2026-07-17 08:02:53,2026-07-17,İstanbul  (41. Y.G.),226221,20260717_İstanbul_226221,114116,BİR RÜZGAR,,E.BOZDAĞ,19:00,2026-07-17 08:00:28,0.0323353293413173,4,0.1193693693693693,7,0.1246105919003115,7,0.3395860284605432,8,,,,
2026-07-17 08:02:53,2026-07-17,İstanbul  (41. Y.G.),226221,20260717_İstanbul_226221,113421,MAJESTUOSA,,H.KARATAŞ,19:00,2026-07-17 08:00:28,0.0194099378881987,7,0.2427184466019417,3,0.1318681318681319,5,0.5573394495412843,2,,,,
2026-07-17 08:02:53,2026-07-17,İstanbul  (41. Y.G.),226221,20260717_İstanbul_226221,113850,MAYBACK,,MÜS.ÇELİK,19:00,2026-07-17 08:00:28,0.0127931769722814,9,0.0878712871287129,9,0.0912408759124087,9,0.2940813810110974,9,,,,
2026-07-17 08:02:53,2026-07-17,İstanbul  (41. Y.G.),226221,20260717_İstanbul_226221,113933,PARADISO DIVINA,,E.ÇİZİK,19:00,2026-07-17 08:00:28,0.0194099378881987,8,0.1414812354699435,6,0.14,4,0.4232209737827715,5,,,,
2026-07-17 08:02:53,2026-07-17,İstanbul  (41. Y.G.),226221,20260717_İstanbul_226221,114417,SANAE,,E.AKTUĞ,19:00,2026-07-17 08:00:28,0.0383428823270163,1,0.2470214455917394,1,0.1542130365659777,2,0.5326923076923079,3,,,,
2026-07-17 08:02:53,2026-07-17,İstanbul  (41. Y.G.),226221,20260717_İstanbul_226221,113865,VICTORY XECE,,M.KAYA,19:00,2026-07-17 08:00:28,0.0329004329004329,2,0.2470214455917394,2,0.1542130365659777,3,0.638184245660881,1,,,,
2026-07-17 08:02:53,2026-07-17,İstanbul  (41. Y.G.),226219,20260717_İstanbul_226219,110255,ARABIAN NIGHTS,,A.KURŞUN,19:30,2026-07-17 08:00:28,0.0127931769722814,10,0.102127659574468,5,0.096078431372549,2,0.3634615384615384,3,,,,
2026-07-17 08:02:53,2026-07-17,İstanbul  (41. Y.G.),226219,20260717_İstanbul_226219,113255,BALBEYİM,,MÜS.ÇELİK,19:30,2026-07-17 08:00:28,0.0312093628088426,1,0.1414812354699435,2,0.096078431372549,3,0.2940813810110974,4,,,,
2026-07-17 08:02:53,2026-07-17,İstanbul  (41. Y.G.),226219,20260717_İstanbul_226219,116272,CİHANDERE,,SAL.ÇELİK,19:30,2026-07-17 08:00:28,0.0102622576966932,11,0.0272695892302381,10,0.0565623283909939,10,0.16359918200409,9,,,,
2026-07-17 08:02:53,2026-07-17,İstanbul  (41. Y.G.),226219,20260717_İstanbul_226219,120897,KAFKAS YÜREKLİ,,G.ÖZÇELİK,19:30,2026-07-17 08:00:28,0.0248587570621468,4,0.0544399821508255,7,0.071578947368421,9,0.136432541687721,10,,,,
2026-07-17 08:02:53,2026-07-17,İstanbul  (41. Y.G.),226219,20260717_İstanbul_226219,120904,KAYALARIN ASLANI,,S.AKBULAT,19:30,2026-07-17 08:00:28,0.0247191011235955,5,0.0810074880871341,6,0.096078431372549,4,0.223516361619523,6,,,,
2026-07-17 08:02:53,2026-07-17,İstanbul  (41. Y.G.),226219,20260717_İstanbul_226219,114445,ULUŞİRAN BEYİ,,A.YILDIZ,19:30,2026-07-17 08:00:28,0.0312093628088426,2,0.2408163265306122,1,0.1318681318681319,1,0.5185185185185185,1,,,,
2026-07-17 08:02:53,2026-07-17,İstanbul  (41. Y.G.),226219,20260717_İstanbul_226219,110464,USKUMRU,,E.AKTUĞ,19:30,2026-07-17 08:00:28,0.0194099378881987,6,0.0544399821508255,8,0.096078431372549,5,0.1998779371376259,7,,,,
2026-07-17 08:02:53,2026-07-17,İstanbul  (41. Y.G.),226219,20260717_İstanbul_226219,111827,YALIN ATEŞ,,E.ÇİZİK,19:30,2026-07-17 08:00:28,0.0312093628088426,3,0.1193693693693693,4,0.096078431372549,6,0.2693370165745856,5,,,,
2026-07-17 08:02:53,2026-07-17,İstanbul  (41. Y.G.),226219,20260717_İstanbul_226219,107487,ATEŞ KUŞLARI,,M.T.COŞKUN,19:30,2026-07-17 08:00:28,0.0194099378881987,7,0.0544399821508255,9,0.08,8,0.1742209631728045,8,,,,
2026-07-17 08:02:53,2026-07-17,İstanbul  (41. Y.G.),226219,20260717_İstanbul_226219,110693,KÜÇÜKDEMİRCİK,,M.T.ERTAL,19:30,2026-07-17 08:00:28,0.0194099378881987,8,0.0193905817174515,11,0.0462107208872458,11,0.0521861777150916,11,,,,
2026-07-17 08:02:53,2026-07-17,İstanbul  (41. Y.G.),226219,20260717_İstanbul_226219,109296,NİSAM,,M.KAYA,19:30,2026-07-17 08:00:28,0.0194099378881987,9,0.1194029850746268,3,0.096078431372549,7,0.4035087719298246,2,,,,
2026-07-17 08:02:53,2026-07-17,İstanbul  (41. Y.G.),226229,20260717_İstanbul_226229,99851,KING RÜZGAR,,MÜS.ÇELİK,20:00,2026-07-17 08:00:28,0.0329004329004329,4,0.1981721981721981,3,0.1816160118606375,3,0.5923344947735193,3,,,,
2026-07-17 08:02:53,2026-07-17,İstanbul  (41. Y.G.),226229,20260717_İstanbul_226229,99528,LOWER SPIRIT,,ER.CANKILIÇ,20:00,2026-07-17 08:00:28,0.0194099378881987,6,0.0878712871287129,6,0.1246105919003115,6,0.3235294117647059,6,,,,
2026-07-17 08:02:53,2026-07-17,İstanbul  (41. Y.G.),226229,20260717_İstanbul_226229,99520,MASTERPIECE,,A.YILDIZ,20:00,2026-07-17 08:00:28,0.0383428823270163,2,0.2427184466019417,2,0.1816160118606375,4,0.638184245660881,2,,,,
2026-07-17 08:02:53,2026-07-17,İstanbul  (41. Y.G.),226229,20260717_İstanbul_226229,98309,WARRIOR LION,,İ.AKYAVUZ,20:00,2026-07-17 08:00:28,0.0248587570621468,5,0.1414812354699435,4,0.1542130365659777,5,0.4232209737827715,5,,,,
2026-07-17 08:02:53,2026-07-17,İstanbul  (41. Y.G.),226229,20260717_İstanbul_226229,98880,HARDOLD,,U.LEVENT,20:00,2026-07-17 08:00:28,0.0383428823270163,3,0.0920306768922974,5,0.1841779975278121,2,0.4348659003831417,4,,,,
2026-07-17 08:02:53,2026-07-17,İstanbul  (41. Y.G.),226229,20260717_İstanbul_226229,94679,PRINCE OF DARKNESS,,E.ÇİZİK,20:00,2026-07-17 08:00:28,0.066610455311973,1,0.2954248366013072,1,0.2524357838795394,1,0.6603650586701434,1,,,,
2026-07-17 08:02:53,2026-07-17,İstanbul  (41. Y.G.),226234,20260717_İstanbul_226234,108691,ÖZTATMAR,,MÜS.ÇELİK,20:30,2026-07-17 08:00:28,0.0282861896838602,3,0.2470214455917394,2,0.1318681318681319,4,0.6603650586701434,1,,,,
2026-07-17 08:02:53,2026-07-17,İstanbul  (41. Y.G.),226234,20260717_İstanbul_226234,112329,DEDEMHAMZAREİS,,MAHS.TURAN,20:30,2026-07-17 08:00:28,0.0194099378881987,5,0.1981721981721981,3,0.1599736668861093,2,0.6506849315068494,2,,,,
2026-07-17 08:02:53,2026-07-17,İstanbul  (41. Y.G.),226234,20260717_İstanbul_226234,120896,ATICI KAYA,,G.ÖZÇELİK,20:30,2026-07-17 08:00:28,0.0248587570621468,4,0.07007007007007,7,0.096078431372549,7,0.1838487972508591,7,,,,
2026-07-17 08:02:53,2026-07-17,İstanbul  (41. Y.G.),226234,20260717_İstanbul_226234,111842,AYDIN DAYI,,E.ÇANKAYA,20:30,2026-07-17 08:00:28,0.0194099378881987,6,0.0920306768922974,5,0.1201780415430267,5,0.2940813810110974,5,,,,
2026-07-17 08:02:53,2026-07-17,İstanbul  (41. Y.G.),226234,20260717_İstanbul_226234,111911,ERÇETİN,,B.ÇIĞLA,20:30,2026-07-17 08:00:28,0.0194099378881987,7,0.0878712871287129,6,0.1201780415430267,6,0.278169014084507,6,,,,
2026-07-17 08:02:53,2026-07-17,İstanbul  (41. Y.G.),226234,20260717_İstanbul_226234,109536,SERDİVAN,,H.KARATAŞ,20:30,2026-07-17 08:00:28,0.0329004329004329,1,0.36,1,0.14,3,0.5767575322812053,3,,,,
2026-07-17 08:02:53,2026-07-17,İstanbul  (41. Y.G.),226234,20260717_İstanbul_226234,111719,UZBOYLU,,E.BOZDAĞ,20:30,2026-07-17 08:00:28,0.0312093628088426,2,0.1981721981721981,4,0.1841779975278121,1,0.5326923076923079,4,,,,
2026-07-17 08:02:53,2026-07-17,İstanbul  (41. Y.G.),226218,20260717_İstanbul_226218,116183,KESTEL YİĞİDİ,,H.KARATAŞ,21:00,2026-07-17 08:00:28,0.0247191011235955,3,0.1981721981721981,1,0.1318681318681319,1,0.638184245660881,1,,,,
2026-07-17 08:02:53,2026-07-17,İstanbul  (41. Y.G.),226218,20260717_İstanbul_226218,113265,KORGÜN,,E.BOZDAĞ,21:00,2026-07-17 08:00:28,0.0248587570621468,1,0.1981721981721981,2,0.1318681318681319,2,0.5573394495412843,2,,,,
2026-07-17 08:02:53,2026-07-17,İstanbul  (41. Y.G.),226218,20260717_İstanbul_226218,116203,ALAZVUR,,M.A.AKGÖBEK,21:00,2026-07-17 08:00:28,0.0194099378881987,4,0.036770921386306,9,0.0625,8,0.1191588785046729,8,,,,
2026-07-17 08:02:53,2026-07-17,İstanbul  (41. Y.G.),226218,20260717_İstanbul_226218,112250,ÇEÇAN BEY,,ER.CANKILIÇ,21:00,2026-07-17 08:00:28,0.0194099378881987,5,0.0544399821508255,6,0.0873108265424912,5,0.1428571428571428,7,,,,
2026-07-17 08:02:53,2026-07-17,İstanbul  (41. Y.G.),226218,20260717_İstanbul_226218,107853,DELİKANLI,,E.ÇANKAYA,21:00,2026-07-17 08:00:28,0.0127931769722814,10,0.0810074880871341,5,0.096078431372549,3,0.3358954650269023,3,,,,
2026-07-17 08:02:53,2026-07-17,İstanbul  (41. Y.G.),226218,20260717_İstanbul_226218,116250,GÖKKILIÇ,,M.T.COŞKUN,21:00,2026-07-17 08:00:28,0.0194099378881987,6,0.0241333918385256,10,0.0462107208872458,10,0.0655629139072847,11,,,,
2026-07-17 08:02:53,2026-07-17,İstanbul  (41. Y.G.),226218,20260717_İstanbul_226218,111171,HIZLI TERMİNATÖR,,G.ÖZÇELİK,21:00,2026-07-17 08:00:28,0.0248587570621468,2,0.0544399821508255,7,0.0565623283909939,9,0.1191588785046729,9,,,,
2026-07-17 08:02:53,2026-07-17,İstanbul  (41. Y.G.),226218,20260717_İstanbul_226218,110677,PARLAMA ZAMANI,,M.KAYA,21:00,2026-07-17 08:00:28,0.0194099378881987,7,0.0920306768922974,3,0.096078431372549,4,0.332258064516129,5,,,,
2026-07-17 08:02:53,2026-07-17,İstanbul  (41. Y.G.),226218,20260717_İstanbul_226218,111740,YALNIZEDE,,B.ÇIĞLA,21:00,2026-07-17 08:00:28,0.0081008100810081,11,0.0157342657342657,11,0.0462107208872458,11,0.1048076923076923,10,,,,
2026-07-17 08:02:53,2026-07-17,İstanbul  (41. Y.G.),226218,20260717_İstanbul_226218,107969,ÇİLDUTAY,,N.DEMİR,21:00,2026-07-17 08:00:28,0.0194099378881987,8,0.0878712871287129,4,0.0873108265424912,6,0.3358954650269023,4,,,,
2026-07-17 08:02:53,2026-07-17,İstanbul  (41. Y.G.),226218,20260717_İstanbul_226218,120911,DAYANA,,A.YILDIZ,21:00,2026-07-17 08:00:28,0.0194099378881987,9,0.0544399821508255,8,0.0873108265424912,7,0.2542483660130719,6,,,,
2026-07-17 08:02:53,2026-07-17,İstanbul  (41. Y.G.),226236,20260717_İstanbul_226236,98451,EFE METE BEY,,E.ÇİZİK,21:30,2026-07-17 08:00:28,0.0127931769722814,9,0.0272695892302381,8,0.0565623283909939,11,0.1191588785046729,11,,,,
2026-07-17 08:02:53,2026-07-17,İstanbul  (41. Y.G.),226236,20260717_İstanbul_226236,99646,FERMANDER,,E.ÇANKAYA,21:30,2026-07-17 08:00:28,0.0102622576966932,11,0.0272695892302381,9,0.0873108265424912,9,0.1998779371376259,8,,,,
2026-07-17 08:02:53,2026-07-17,İstanbul  (41. Y.G.),226236,20260717_İstanbul_226236,97407,GİRDABIN OĞLU,,MAHS.TURAN,21:30,2026-07-17 08:00:28,0.0248587570621468,7,0.0544399821508255,7,0.1,7,0.2940813810110974,3,,,,
2026-07-17 08:02:53,2026-07-17,İstanbul  (41. Y.G.),226236,20260717_İstanbul_226236,102994,DAŞ FATİH,,A.YILDIZ,21:30,2026-07-17 08:00:28,0.0580793559516963,1,0.36,1,0.1599736668861093,1,0.5326923076923079,1,,,,
2026-07-17 08:02:53,2026-07-17,İstanbul  (41. Y.G.),226236,20260717_İstanbul_226236,101045,FIRATIN GÜCÜ,,U.LEVENT,21:30,2026-07-17 08:00:28,0.0058699225170227,12,0.0095541401273885,12,0.0247026532479414,12,0.0167364016736401,12,,,,
2026-07-17 08:02:53,2026-07-17,İstanbul  (41. Y.G.),226236,20260717_İstanbul_226236,94559,ASAF BABA,,M.N.SUNKAR,21:30,2026-07-17 08:00:28,0.0127931769722814,10,0.0241333918385256,11,0.071578947368421,10,0.16359918200409,10,,,,
2026-07-17 08:02:53,2026-07-17,İstanbul  (41. Y.G.),226236,20260717_İstanbul_226236,96007,EPARVEN,,SAL.ÇELİK,21:30,2026-07-17 08:00:28,0.0282861896838602,6,0.07007007007007,6,0.1025641025641025,4,0.1998779371376259,9,,,,
2026-07-17 08:02:53,2026-07-17,İstanbul  (41. Y.G.),226236,20260717_İstanbul_226236,93963,SAADIN KASIRGASI,,G.ÖZÇELİK,21:30,2026-07-17 08:00:28,0.0580793559516963,2,0.0272695892302381,10,0.1025641025641025,5,0.2049180327868852,5,,,,
2026-07-17 08:02:53,2026-07-17,İstanbul  (41. Y.G.),226236,20260717_İstanbul_226236,101345,NUSRAT ETKİSİ,,A.KURŞUN,21:30,2026-07-17 08:00:28,0.0194099378881987,8,0.0878712871287129,3,0.096078431372549,8,0.3395860284605432,2,,,,
2026-07-17 08:02:53,2026-07-17,İstanbul  (41. Y.G.),226236,20260717_İstanbul_226236,100796,TUMBULKARAÜZÜM,,İSM.YILDIRIM,21:30,2026-07-17 08:00:28,0.043144424131627,3,0.0920306768922974,2,0.1318681318681319,2,0.2693370165745856,4,,,,
2026-07-17 08:02:53,2026-07-17,İstanbul  (41. Y.G.),226236,20260717_İstanbul_226236,103038,ASLAN YAĞIZ,,N.DEMİR,21:30,2026-07-17 08:00:28,0.043144424131627,4,0.0810074880871341,4,0.1246105919003115,3,0.2049180327868852,6,,,,
2026-07-17 08:02:53,2026-07-17,İstanbul  (41. Y.G.),226236,20260717_İstanbul_226236,96636,ÖZERDEM,,M.A.AKGÖBEK,21:30,2026-07-17 08:00:28,0.0323353293413173,5,0.0810074880871341,5,0.1025641025641025,6,0.2049180327868852,7,,,,
2026-07-23 14:57:16,2026-07-23,Ankara  (41. Y.G.),226352,20260723_Ankara_226352,111378,ERSELEFE,7.8,M.S.ÇELİK,14:30,2026-07-23 14:53:16,0.066610455311973,4,0.2408163265306122,2,0.4166666666666667,2,0.5313225058004639,1,0.1863883520834145,0.4986246597451246,2.0,2.0
2026-07-23 14:57:16,2026-07-23,Ankara  (41. Y.G.),226352,20260723_Ankara_226352,107881,ŞAHLANTAY,11.7,E.ÇANKAYA,14:30,2026-07-23 14:53:16,0.043144424131627,5,0.0920306768922974,4,0.2096969696969697,5,0.2940813810110974,4,0.0724834380620582,0.2758507374882609,5.0,5.0
2026-07-23 14:57:16,2026-07-23,Ankara  (41. Y.G.),226352,20260723_Ankara_226352,102478,KEMİK KAPTAN,1.45,Ö.YILDIRIM,14:30,2026-07-23 14:53:16,0.3346938775510204,1,0.2954248366013072,1,0.7142857142857143,1,0.4575688073394495,2,0.5067126602707007,0.7134913535188504,1.0,1.0
2026-07-23 14:57:16,2026-07-23,Ankara  (41. Y.G.),226352,20260723_Ankara_226352,111338,GAZNELİ,4.5,V.ABİŞ,14:30,2026-07-23 14:53:16,0.1343283582089552,2,0.0878712871287129,5,0.3775100401606426,4,0.278169014084507,5,0.1210708954703222,0.3789195470259753,3.0,3.0
2026-07-23 14:57:16,2026-07-23,Ankara  (41. Y.G.),226352,20260723_Ankara_226352,103999,BELLİ BEY,24.35,M.A.SOLMAZ,14:30,2026-07-23 14:53:16,0.0248587570621468,7,0.0544399821508255,6,0.1542130365659777,6,0.2049180327868852,6,0.0325406212125281,0.1544202980227936,6.0,6.0
2026-07-23 14:57:16,2026-07-23,Ankara  (41. Y.G.),226352,20260723_Ankara_226352,107055,GÜNGELDİ AĞA,9.8,M.BAYIR,14:30,2026-07-23 14:53:16,0.0688559322033898,3,0.140495867768595,3,0.3798561151079136,3,0.3821989528795811,3,0.1095676500554429,0.3594238528787715,4.0,4.0
2026-07-23 14:57:16,2026-07-23,Ankara  (41. Y.G.),226352,20260723_Ankara_226352,111404,ANADOLU YAZI,31.9,F.S.M.SANSAR,14:30,2026-07-23 14:53:16,0.0329004329004329,6,0.0415282392026578,7,0.1542130365659777,7,0.17,7,0.0228689823071505,0.1183862281861584,7.0,7.0
2026-07-23 14:57:16,2026-07-23,Ankara  (41. Y.G.),226352,20260723_Ankara_226352,104307,QUEEN BELLA,45.55,M.KIYAK,14:30,2026-07-23 14:53:16,0.0058699225170227,9,0.0054054054054054,9,0.0138026224982746,9,0.0325149303251493,9,0.0042134905122134,0.0285423958464423,9.0,9.0
2026-07-23 14:57:16,2026-07-23,Ankara  (41. Y.G.),226352,20260723_Ankara_226352,107699,GÜLLÜ BAHÇE,45.4,S.YAZICIOĞLU,14:30,2026-07-23 14:53:16,0.0081008100810081,8,0.0128205128205128,8,0.0462107208872458,8,0.0754716981132075,8,0.0079107011204467,0.05377351880257,8.0,8.0
2026-07-23 15:27:27,2026-07-23,Ankara  (41. Y.G.),226341,20260723_Ankara_226341,113088,LOVE OF AMERICA,,A.ÇELİK,15:00,2026-07-23 15:23:16,0.0383428823270163,5,0.3849918433931484,1,0.2206106870229007,5,0.8333333333333333,1,,,,
2026-07-23 15:27:27,2026-07-23,Ankara  (41. Y.G.),226341,20260723_Ankara_226341,115374,MEYDAN OKU,4.0,M.S.ÇELİK,15:00,2026-07-23 15:23:16,0.2,3,0.2408163265306122,2,0.5777400169923537,3,0.6603650586701434,2,0.2612179684303842,0.6845278616079377,2.0,2.0
2026-07-23 15:27:27,2026-07-23,Ankara  (41. Y.G.),226341,20260723_Ankara_226341,114364,YURIBOYKA,2.1,SAL.ÇELİK,15:00,2026-07-23 15:23:16,0.3164426059979317,1,0.2125714285714285,3,0.7475570032573289,1,0.5923344947735193,3,0.3400222476711132,0.7292583553362358,1.0,1.0
2026-07-23 15:27:27,2026-07-23,Ankara  (41. Y.G.),226341,20260723_Ankara_226341,115425,ANSHBA SKY,2.5,F.S.M.SANSAR,15:00,2026-07-23 15:23:16,0.2455197132616487,2,0.1414812354699435,4,0.6377245508982036,2,0.5573394495412843,4,0.2374556588304181,0.6807334594961669,3.0,3.0
2026-07-23 15:27:27,2026-07-23,Ankara  (41. Y.G.),226341,20260723_Ankara_226341,113496,BLACK PIPELINE,30.1,E.ATLAMAZ,15:00,2026-07-23 15:23:16,0.0194099378881987,6,0.0544399821508255,6,0.1841779975278121,6,0.2542483660130719,6,0.0288358829318769,0.167684128635428,5.0,5.0
2026-07-23 15:27:27,2026-07-23,Ankara  (41. Y.G.),226341,20260723_Ankara_226341,113367,O BİR VAHŞİ,5.3,MÜS.ÇELİK,15:00,2026-07-23 15:23:16,0.1347190146266358,4,0.0878712871287129,5,0.5202634245187439,4,0.4348659003831417,5,0.1097583075380009,0.48038555582747,4.0,4.0
2026-07-23 15:57:12,2026-07-23,Ankara  (41. Y.G.),226344,20260723_Ankara_226344,110910,TAKEOVER,9.5,M.S.ÇELİK,15:30,2026-07-23 15:53:15,0.0329004329004329,6,0.0920306768922974,5,0.1816160118606375,6,0.3395860284605432,4,0.0816575650379999,0.3327094990250145,6.0,6.0
2026-07-23 15:57:12,2026-07-23,Ankara  (41. Y.G.),226344,20260723_Ankara_226344,109248,GOLDEN BEE,3.8,M.G.ARSLAN,15:30,2026-07-23 15:53:15,0.2276785714285714,2,0.0878712871287129,6,0.5202634245187439,2,0.332258064516129,5,0.1343647055523396,0.4501588317117516,5.0,2.0
2026-07-23 15:57:12,2026-07-23,Ankara  (41. Y.G.),226344,20260723_Ankara_226344,108058,GÜNEYİM,6.55,MÜS.ÇELİK,15:30,2026-07-23 15:53:15,0.0967741935483871,4,0.1414812354699435,4,0.3775100401606426,4,0.2940813810110974,6,0.1375533403589562,0.3432118493961079,4.0,5.0
2026-07-23 15:57:12,2026-07-23,Ankara  (41. Y.G.),226344,20260723_Ankara_226344,108047,WOLF BROTHERS,1.95,V.ABİŞ,15:30,2026-07-23 15:53:15,0.260586319218241,1,0.1981721981721981,2,0.6031372549019606,1,0.5326923076923079,1,0.3420034027458377,0.7057262939142016,1.0,1.0
2026-07-23 15:57:12,2026-07-23,Ankara  (41. Y.G.),226344,20260723_Ankara_226344,109628,EİKO,,SAL.ÇELİK,15:30,2026-07-23 15:53:15,0.0058699225170227,8,0.036770921386306,8,0.096078431372549,8,0.223516361619523,7,,,,
2026-07-23 15:57:12,2026-07-23,Ankara  (41. Y.G.),226344,20260723_Ankara_226344,112555,AKIN BEYLİ,8.1,A.ÇELİK,15:30,2026-07-23 15:53:15,0.0801393728222996,5,0.1685393258426966,3,0.4298245614035088,3,0.3821596244131455,3,0.1395388866406035,0.3839354742626068,3.0,3.0
2026-07-23 15:57:12,2026-07-23,Ankara  (41. Y.G.),226344,20260723_Ankara_226344,110259,ABİDİN BEY,11.3,M.BAYIR,15:30,2026-07-23 15:53:15,0.0248587570621468,7,0.0415282392026578,7,0.1816160118606375,7,0.2049180327868852,8,0.0414140801624557,0.214085491056927,7.0,7.0
2026-07-23 15:57:12,2026-07-23,Ankara  (41. Y.G.),226344,20260723_Ankara_226344,109961,KARAMAÇABEY,10.85,E.ÇANKAYA,15:30,2026-07-23 15:53:15,0.1114070128717266,3,0.2202283849918433,1,0.2524357838795394,5,0.4232209737827715,2,0.1470710873531323,0.3768000708441259,2.0,4.0
2026-07-23 16:27:09,2026-07-23,Ankara  (41. Y.G.),226354,20260723_Ankara_226354,101098,BAHARBAHİR,11.8,SERH.ÇELİK,16:00,2026-07-23 16:23:15,0.1114070128717266,4,0.2919896640826874,1,0.4166666666666667,3,0.5767575322812053,2,0.1769361369339062,0.477145210860689,2.0,3.0
2026-07-23 16:27:09,2026-07-23,Ankara  (41. Y.G.),226354,20260723_Ankara_226354,104743,DENİZ SAVAŞI,3.1,V.ABİŞ,16:00,2026-07-23 16:23:15,0.1347190146266358,3,0.0878712871287129,5,0.3798561151079136,5,0.223516361619523,6,0.1518479261128562,0.3820564982970746,5.0,5.0
2026-07-23 16:27:09,2026-07-23,Ankara  (41. Y.G.),226354,20260723_Ankara_226354,104235,DENİZ KASIRGASI,2.05,A.ÇELİK,16:00,2026-07-23 16:23:15,0.1556473829201102,1,0.1414812354699435,3,0.6581196581196581,1,0.5392857142857143,3,0.2692770252049735,0.7006889046367285,1.0,1.0
2026-07-23 16:27:09,2026-07-23,Ankara  (41. Y.G.),226354,20260723_Ankara_226354,105135,ALÜNLÜHAT,12.4,M.KIYAK,16:00,2026-07-23 16:23:15,0.1114070128717266,5,0.2581755593803786,2,0.4049079754601227,4,0.5923344947735193,1,0.1557579925145425,0.4825022251579837,4.0,2.0
2026-07-23 16:27:09,2026-07-23,Ankara  (41. Y.G.),226354,20260723_Ankara_226354,88629,MİR KARTALI,35.1,M.N.SUNKAR,16:00,2026-07-23 16:23:15,0.0323353293413173,7,0.0544399821508255,7,0.14,7,0.223516361619523,7,0.0264816023767804,0.141325981621462,8.0,8.0
2026-07-23 16:27:09,2026-07-23,Ankara  (41. Y.G.),226354,20260723_Ankara_226354,106169,BİZİMSOY,15.25,M.A.SOLMAZ,16:00,2026-07-23 16:23:15,0.0573248407643312,6,0.0878712871287129,6,0.2524357838795394,6,0.278169014084507,5,0.0603717104820756,0.238277431573669,6.0,6.0
2026-07-23 16:27:09,2026-07-23,Ankara  (41. Y.G.),226354,20260723_Ankara_226354,104103,RİBARO,4.5,M.BAYIR,16:00,2026-07-23 16:23:15,0.1556473829201102,2,0.1414812354699435,4,0.4298245614035088,2,0.2940813810110974,4,0.1688549601187886,0.3924458700622047,3.0,4.0
2026-07-23 16:27:09,2026-07-23,Ankara  (41. Y.G.),226354,20260723_Ankara_226354,108107,ATLI FIRTINA,18.7,F.S.M.SANSAR,16:00,2026-07-23 16:23:15,0.0194099378881987,8,0.036770921386306,8,0.1246105919003115,8,0.16359918200409,8,0.0282890503309599,0.1454989072938044,7.0,7.0
2026-07-23 16:57:20,2026-07-23,Ankara  (41. Y.G.),226343,20260723_Ankara_226343,110837,KARDAHA,9.7,E.ATLAMAZ,16:30,2026-07-23 16:53:15,0.0580793559516963,5,0.0810074880871341,3,0.2233502538071066,7,0.2693370165745856,5,0.0733011239487565,0.2775698373170091,5.0,5.0
2026-07-23 16:57:20,2026-07-23,Ankara  (41. Y.G.),226343,20260723_Ankara_226343,108021,PRENSES BELBUS,2.55,SAL.ÇELİK,16:30,2026-07-23 16:53:15,0.1556473829201102,1,0.07007007007007,4,0.4796573875802997,2,0.3395860284605432,3,0.1483030362710046,0.5202590576991679,1.0,1.0
2026-07-23 16:57:20,2026-07-23,Ankara  (41. Y.G.),226343,20260723_Ankara_226343,109700,SILENT RUNNER,9.9,M.KESKİN,16:30,2026-07-23 16:53:15,0.1343283582089552,2,0.1414812354699435,1,0.2773584905660378,5,0.2049180327868852,6,0.1095110477522907,0.2256926719297126,3.0,7.0
2026-07-23 16:57:20,2026-07-23,Ankara  (41. Y.G.),226343,20260723_Ankara_226343,109857,LEADER TULIP,13.65,F.S.M.SANSAR,16:30,2026-07-23 16:53:15,0.043144424131627,7,0.0544399821508255,5,0.2773584905660378,6,0.2940813810110974,4,0.0451322069287766,0.2599374813093355,7.0,6.0
2026-07-23 16:57:20,2026-07-23,Ankara  (41. Y.G.),226343,20260723_Ankara_226343,108499,PRENSES MAVİŞ,5.2,MÜS.ÇELİK,16:30,2026-07-23 16:53:15,0.0580793559516963,6,0.036770921386306,7,0.3123123123123122,4,0.1998779371376259,7,0.0600685925423597,0.2889986319019307,6.0,4.0
2026-07-23 16:57:20,2026-07-23,Ankara  (41. Y.G.),226343,20260723_Ankara_226343,110805,SEQUOIA,3.4,M.BAYIR,16:30,2026-07-23 16:53:15,0.0688559322033898,4,0.0544399821508255,6,0.5202634245187439,1,0.3634615384615384,2,0.1033473703525099,0.4920700022020652,4.0,2.0
2026-07-23 16:57:20,2026-07-23,Ankara  (41. Y.G.),226343,20260723_Ankara_226343,108046,FEMALE WARRIOR,5.3,M.A.SOLMAZ,16:30,2026-07-23 16:53:15,0.1114070128717266,3,0.0920306768922974,2,0.4796573875802997,3,0.4348659003831417,1,0.1135815314716761,0.4807549004351246,2.0,3.0
2026-07-23 17:27:37,2026-07-23,Ankara  (41. Y.G.),226342,20260723_Ankara_226342,113741,AL YELE,5.2,SAL.ÇELİK,17:00,2026-07-23 17:23:17,0.1781226903178122,2,0.3717105263157895,1,0.5777400169923537,2,0.703971119133574,1,0.3166981679007629,0.682457314951116,2.0,2.0
2026-07-23 17:27:37,2026-07-23,Ankara  (41. Y.G.),226342,20260723_Ankara_226342,115192,HIDDEN ISLAND,1.2,M.G.ARSLAN,17:00,2026-07-23 17:23:17,0.3778625954198473,1,0.2470214455917394,2,0.7475570032573289,1,0.638184245660881,2,0.5201684633677456,0.8405593597533675,1.0,1.0
2026-07-23 17:27:37,2026-07-23,Ankara  (41. Y.G.),226342,20260723_Ankara_226342,114400,ZIBBOOSH,5.0,V.ABİŞ,17:00,2026-07-23 17:23:17,0.0967741935483871,3,0.2427184466019417,3,0.4645844952593418,3,0.5923344947735193,3,0.2336790805482312,0.6040656706052833,3.0,3.0
2026-07-23 17:27:37,2026-07-23,Ankara  (41. Y.G.),226342,20260723_Ankara_226342,114247,CEYHAN SULTANI,19.35,F.S.M.SANSAR,17:00,2026-07-23 17:23:17,0.0329004329004329,4,0.0920306768922974,4,0.3286219081272085,4,0.3821596244131455,4,0.0544930686188301,0.2811471820458624,4.0,4.0
2026-07-23 17:27:37,2026-07-23,Ankara  (41. Y.G.),226342,20260723_Ankara_226342,115352,HEP İLERİ,,S.YAZICIOĞLU,17:00,2026-07-23 17:23:17,0.0058699225170227,7,0.0128205128205128,6,0.0462107208872458,7,0.0655629139072847,6,,,,
2026-07-23 17:27:37,2026-07-23,Ankara  (41. Y.G.),226342,20260723_Ankara_226342,114827,QUEEN LARA,29.35,R.KURT,17:00,2026-07-23 17:23:17,0.0127931769722814,6,0.0128205128205128,7,0.0565623283909939,6,0.0521861777150916,7,0.0100884306604007,0.0499836522670951,6.0,6.0
2026-07-23 17:27:37,2026-07-23,Ankara  (41. Y.G.),226342,20260723_Ankara_226342,115355,VELOS THALOR,21.7,E.ATLAMAZ,17:00,2026-07-23 17:23:17,0.0312093628088426,5,0.0544399821508255,5,0.1599736668861093,5,0.1630546955624355,5,0.0345273517507663,0.1353887082371806,5.0,5.0
2026-07-23 17:57:25,2026-07-23,Ankara  (41. Y.G.),226345,20260723_Ankara_226345,104953,REFLECTED GLORY,5.4,E.ATLAMAZ,17:30,2026-07-23 17:53:18,0.0580793559516963,4,0.0544399821508255,6,0.4049079754601227,3,0.3395860284605432,6,0.0768808822610785,0.4027502049776578,5.0,3.0
2026-07-23 17:57:25,2026-07-23,Ankara  (41. Y.G.),226345,20260723_Ankara_226345,109366,GOLDEN PROMISE,1.1,V.ABİŞ,17:30,2026-07-23 17:53:18,0.3346938775510204,1,0.1981721981721981,1,0.6938083121289228,1,0.4575688073394495,3,0.5016744686122865,0.773908788727487,1.0,1.0
2026-07-23 17:57:25,2026-07-23,Ankara  (41. Y.G.),226345,20260723_Ankara_226345,103555,SECRET MAN,21.2,SAL.ÇELİK,17:30,2026-07-23 17:53:18,0.0329004329004329,6,0.1193693693693693,5,0.2096969696969697,6,0.4348659003831417,5,0.063076558513825,0.3046202017016978,6.0,6.0
2026-07-23 17:57:25,2026-07-23,Ankara  (41. Y.G.),226345,20260723_Ankara_226345,105707,CATALYST,17.7,E.ÇANKAYA,17:30,2026-07-23 17:53:18,0.043144424131627,5,0.1981721981721981,2,0.2524357838795394,5,0.4575688073394495,4,0.1036895493822635,0.3397033759388981,3.0,5.0
2026-07-23 17:57:25,2026-07-23,Ankara  (41. Y.G.),226345,20260723_Ankara_226345,106009,EL VERDUGO,13.65,Ö.YILDIRIM,17:30,2026-07-23 17:53:18,0.0801393728222996,3,0.1685393258426966,3,0.4166666666666667,2,0.638184245660881,1,0.1046248831138952,0.5042604135002913,2.0,2.0
2026-07-23 17:57:25,2026-07-23,Ankara  (41. Y.G.),226345,20260723_Ankara_226345,99099,THRACE FEVER,17.35,M.S.ÇELİK,17:30,2026-07-23 17:53:18,0.0843672456575682,2,0.1685393258426966,4,0.3798561151079136,4,0.5018867924528304,2,0.0920456664737436,0.3722510120058329,4.0,4.0
2026-07-23 17:57:25,2026-07-23,Ankara  (41. Y.G.),226345,20260723_Ankara_226345,104070,PALURİ MAN,30.1,M.KIYAK,17:30,2026-07-23 17:53:18,0.0194099378881987,7,0.0272695892302381,7,0.096078431372549,7,0.136432541687721,7,0.0172128259964866,0.1017735397860477,7.0,7.0
2026-07-23 17:57:25,2026-07-23,Kocaeli  (23. Y.G.),226353,20260723_Kocaeli_226353,113291,AYSEL HANIM,10.25,M.ÇİÇEK,17:45,2026-07-23 17:53:27,0.0312093628088426,8,0.0920306768922974,5,0.1816160118606375,7,0.4348659003831417,3,0.0782316130570731,0.392251840600098,6.0,5.0
2026-07-23 17:57:25,2026-07-23,Kocaeli  (23. Y.G.),226353,20260723_Kocaeli_226353,112062,HAYDİ SEVDA,2.3,T.YILDIZ,17:45,2026-07-23 17:53:27,0.1343283582089552,2,0.0555555555555555,9,0.4796573875802997,1,0.3395860284605432,5,0.1370823593156042,0.5394142745310377,4.0,2.0
2026-07-23 17:57:25,2026-07-23,Kocaeli  (23. Y.G.),226353,20260723_Kocaeli_226353,119989,ALTIN DERYA,6.35,Ö.F.ÖZEN,17:45,2026-07-23 17:53:27,0.1114070128717266,3,0.2125714285714285,3,0.4128440366972477,4,0.4348659003831417,4,0.1887287487179878,0.4558886088974693,2.0,4.0
2026-07-23 17:57:25,2026-07-23,Kocaeli  (23. Y.G.),226353,20260723_Kocaeli_226353,121996,DERTSAÇANKIZ,4.55,H.ÇİZİK,17:45,2026-07-23 17:53:27,0.2258064516129032,1,0.2838283828382838,1,0.4702702702702703,2,0.5573394495412843,1,0.2766123826575092,0.5937786867204143,1.0,1.0
2026-07-23 17:57:25,2026-07-23,Kocaeli  (23. Y.G.),226353,20260723_Kocaeli_226353,116168,HEVSELİM,29.15,M.A.AKGÖBEK,17:45,2026-07-23 17:53:27,0.0329004329004329,7,0.1414812354699435,4,0.1246105919003115,10,0.3358954650269023,6,0.061137453070045,0.2158868156364357,7.0,7.0
2026-07-23 17:57:25,2026-07-23,Kocaeli  (23. Y.G.),226353,20260723_Kocaeli_226353,111929,KONÇİÇEK,8.15,A.SÖZEN,17:45,2026-07-23 17:53:27,0.1114070128717266,4,0.2202283849918433,2,0.4166666666666667,3,0.5573394495412843,2,0.1704222597952862,0.5126463289371663,3.0,3.0
2026-07-23 17:57:25,2026-07-23,Kocaeli  (23. Y.G.),226353,20260723_Kocaeli_226353,111802,ŞEKER İNCİ,27.3,F.ÇETİNBAŞ,17:45,2026-07-23 17:53:27,0.0248587570621468,9,0.0677867902665121,8,0.1318681318681319,9,0.278169014084507,7,0.0360233999392953,0.1887491706984017,9.0,10.0
2026-07-23 17:57:25,2026-07-23,Kocaeli  (23. Y.G.),226353,20260723_Kocaeli_226353,111716,KIZIM ERVA,18.0,M.T.COŞKUN,17:45,2026-07-23 17:53:27,0.043144424131627,6,0.0810074880871341,7,0.2206106870229007,6,0.2693370165745856,8,0.0519465768604367,0.2178676047981846,8.0,6.0
2026-07-23 17:57:25,2026-07-23,Kocaeli  (23. Y.G.),226353,20260723_Kocaeli_226353,112223,IRMAĞIN GÜLÜ,9.3,A.ASLAN,17:45,2026-07-23 17:53:27,0.0928853754940711,5,0.0878712871287129,6,0.3123123123123122,5,0.1838487972508591,10,0.0798724530434284,0.2147178275666133,5.0,8.0
2026-07-23 17:57:25,2026-07-23,Kocaeli  (23. Y.G.),226353,20260723_Kocaeli_226353,112146,AURORA BY,13.85,MAH.TURAN,17:45,2026-07-23 17:53:27,0.0194099378881987,10,0.036770921386306,10,0.1542130365659777,8,0.1998779371376259,9,0.033701474471304,0.1929863336356976,10.0,9.0
2026-07-23 18:27:16,2026-07-23,Ankara  (41. Y.G.),226348,20260723_Ankara_226348,117331,ANKARA GÜZELİ,5.7,M.N.SUNKAR,18:00,2026-07-23 18:23:15,0.0383428823270163,9,0.036770921386306,10,0.2524357838795394,4,0.2049180327868852,7,0.0569464946273147,0.2835827972403634,9.0,5.0
2026-07-23 18:27:16,2026-07-23,Ankara  (41. Y.G.),226348,20260723_Ankara_226348,113241,HAZAN SABAHI,3.05,A.ÇELİK,18:00,2026-07-23 18:23:15,0.1347190146266358,1,0.2125714285714285,1,0.4645844952593418,1,0.4348659003831417,1,0.277570081948235,0.565271414175601,1.0,1.0
2026-07-23 18:27:16,2026-07-23,Ankara  (41. Y.G.),226348,20260723_Ankara_226348,112201,MUTLU BAHAR,5.3,E.ÇANKAYA,18:00,2026-07-23 18:23:15,0.0843672456575682,2,0.0878712871287129,7,0.3795811518324607,2,0.3395860284605432,4,0.1102479489302033,0.4078113000014747,3.0,3.0
2026-07-23 18:27:16,2026-07-23,Ankara  (41. Y.G.),226348,20260723_Ankara_226348,108470,UĞURLU BEBEK,6.75,Ö.YILDIRIM,18:00,2026-07-23 18:23:15,0.0688559322033898,4,0.1193693693693693,4,0.3286219081272085,3,0.4232209737827715,2,0.1195736334772235,0.4388234097381405,2.0,2.0
2026-07-23 18:27:16,2026-07-23,Ankara  (41. Y.G.),226348,20260723_Ankara_226348,112274,ASTARA LAÇİN,11.7,F.S.M.SANSAR,18:00,2026-07-23 18:23:15,0.0511111111111111,6,0.0920306768922974,5,0.1841779975278121,8,0.2940813810110974,6,0.0726689066154135,0.2763331305327074,7.0,6.0
2026-07-23 18:27:16,2026-07-23,Ankara  (41. Y.G.),226348,20260723_Ankara_226348,110248,RAHİME ABLA,7.4,SERH.ÇELİK,18:00,2026-07-23 18:23:15,0.0688559322033898,5,0.0810074880871341,8,0.2524357838795394,5,0.1998779371376259,8,0.0857611631725603,0.2505523838290198,6.0,8.0
2026-07-23 18:27:16,2026-07-23,Ankara  (41. Y.G.),226348,20260723_Ankara_226348,108299,SAYRA,13.8,M.G.ARSLAN,18:00,2026-07-23 18:23:15,0.0801393728222996,3,0.1414812354699435,3,0.1457564575645756,9,0.17,9,0.0917189656681935,0.1713899109740238,5.0,9.0
2026-07-23 18:27:16,2026-07-23,Ankara  (41. Y.G.),226348,20260723_Ankara_226348,111870,AKBURÇAK,23.65,M.UYAR,18:00,2026-07-23 18:23:15,0.0323353293413173,10,0.0415282392026578,9,0.1246105919003115,10,0.136432541687721,10,0.0271536496479642,0.1144540803247094,10.0,10.0
2026-07-23 18:27:16,2026-07-23,Ankara  (41. Y.G.),226348,20260723_Ankara_226348,109134,EYLÜLSEL,14.2,M.BAYIR,18:00,2026-07-23 18:23:15,0.043144424131627,8,0.0920306768922974,6,0.2524357838795394,6,0.3634615384615384,3,0.0652329188221927,0.3035382355847716,8.0,4.0
2026-07-23 18:27:16,2026-07-23,Ankara  (41. Y.G.),226348,20260723_Ankara_226348,113388,ÖZBEK PRENSESİ,28.6,S.YAZICIOĞLU,18:00,2026-07-23 18:23:15,0.0102622576966932,11,0.0193905817174515,11,0.0462107208872458,11,0.0521861777150916,11,0.0139541288273814,0.050966236819868,11.0,11.0
2026-07-23 18:27:16,2026-07-23,Ankara  (41. Y.G.),226348,20260723_Ankara_226348,115470,KIZIM BİNDAL,17.55,M.KIYAK,18:00,2026-07-23 18:23:15,0.0511111111111111,7,0.1981721981721981,2,0.2096969696969697,7,0.3358954650269023,5,0.1051451509140494,0.2630344561951879,4.0,7.0
2026-07-23 18:57:19,2026-07-23,Kocaeli  (23. Y.G.),226350,20260723_Kocaeli_226350,106338,İSMET ABİ,2.3,S.KAYA,18:30,2026-07-23 18:53:15,0.2455197132616487,1,0.3434991974317817,1,0.775609756097561,1,0.7605396290050591,1,0.436401931803432,0.8186483076437217,1.0,1.0
2026-07-23 18:57:19,2026-07-23,Kocaeli  (23. Y.G.),226350,20260723_Kocaeli_226350,104976,BEŞİR ÇAVUŞ,7.75,H.KARATAŞ,18:30,2026-07-23 18:53:15,0.0801393728222996,4,0.0920306768922974,4,0.5692307692307693,4,0.6603650586701434,2,0.0915210319729796,0.5985938749050481,4.0,4.0
2026-07-23 18:57:19,2026-07-23,Kocaeli  (23. Y.G.),226350,20260723_Kocaeli_226350,107610,FERMAN YAZAR,2.1,A.KURŞUN,18:30,2026-07-23 18:53:15,0.2,2,0.1414812354699435,2,0.775609756097561,2,0.6603650586701434,3,0.2658236331722288,0.7705491422616545,2.0,2.0
2026-07-23 18:57:19,2026-07-23,Kocaeli  (23. Y.G.),226350,20260723_Kocaeli_226350,111365,SAPANCA AĞASI,10.9,M.M.BİLGİN,18:30,2026-07-23 18:53:15,0.0383428823270163,5,0.0920306768922974,5,0.3775100401606426,5,0.5832087232461771,5,0.0755339918809578,0.4930614688108761,5.0,5.0
2026-07-23 18:57:19,2026-07-23,Kocaeli  (23. Y.G.),226350,20260723_Kocaeli_226350,102640,TANTARIK,4.8,G.KOCAKAYA,18:30,2026-07-23 18:53:15,0.1304836895388076,3,0.1414812354699435,3,0.6339113680154144,3,0.6603650586701434,4,0.1632319552747817,0.6614343557405922,3.0,3.0
2026-07-23 19:27:06,2026-07-23,Kocaeli  (23. Y.G.),226355,20260723_Kocaeli_226355,110283,MY DEAR DREAM,24.45,S.ÖZKAN,19:00,2026-07-23 19:23:16,0.0194099378881987,9,0.0544399821508255,5,0.1542130365659777,7,0.2049180327868852,6,0.0324777531985645,0.1541918229428758,7.0,6.0
2026-07-23 19:27:06,2026-07-23,Kocaeli  (23. Y.G.),226355,20260723_Kocaeli_226355,109320,SHENRON,11.8,K.YILMAZ,19:00,2026-07-23 19:23:16,0.0553599154334467,5,0.0544399821508255,6,0.2096969696969697,5,0.223516361619523,4,0.0490766459354754,0.2238507973285562,5.0,5.0
2026-07-23 19:27:06,2026-07-23,Kocaeli  (23. Y.G.),226355,20260723_Kocaeli_226355,112253,NOBLE STORM,4.45,O.ATMACA,19:00,2026-07-23 19:23:16,0.0688559322033898,4,0.0555555555555555,4,0.2987197724039829,4,0.223516361619523,5,0.0885012675628957,0.33105054374797,4.0,3.0
2026-07-23 19:27:06,2026-07-23,Kocaeli  (23. Y.G.),226355,20260723_Kocaeli_226355,109727,LALOCURA,1.9,A.KURŞUN,19:00,2026-07-23 19:23:16,0.2258064516129032,1,0.1414812354699435,2,0.6031372549019606,1,0.4348659003831417,2,0.2833590312443219,0.6459369481820894,1.0,1.0
2026-07-23 19:27:06,2026-07-23,Kocaeli  (23. Y.G.),226355,20260723_Kocaeli_226355,110041,BABA DOÇKA,7.75,F.R.BEBEK,19:00,2026-07-23 19:23:16,0.0928853754940711,3,0.0920306768922974,3,0.3798561151079136,2,0.2693370165745856,3,0.0914043847175705,0.3026639400353001,3.0,4.0
2026-07-23 19:27:06,2026-07-23,Kocaeli  (23. Y.G.),226355,20260723_Kocaeli_226355,109324,KINOWA GIRL,28.7,Ö.F.ÖZEN,19:00,2026-07-23 19:23:16,0.043144424131627,6,0.0544399821508255,7,0.1599736668861093,6,0.1998779371376259,7,0.0296793706714554,0.1410375305492494,8.0,8.0
2026-07-23 19:27:06,2026-07-23,Kocaeli  (23. Y.G.),226355,20260723_Kocaeli_226355,109153,MY LIFE FIRE,19.6,O.YILDIZ,19:00,2026-07-23 19:23:16,0.0248587570621468,8,0.0544399821508255,8,0.1246105919003115,9,0.1742209631728045,8,0.0367879034824809,0.1496366326166462,6.0,7.0
2026-07-23 19:27:06,2026-07-23,Kocaeli  (23. Y.G.),226355,20260723_Kocaeli_226355,110755,DREAM ASIYA,30.3,M.A.AKGÖBEK,19:00,2026-07-23 19:23:16,0.0323353293413173,7,0.0272695892302381,9,0.1318681318681319,8,0.16359918200409,9,0.0172853089275797,0.1175767980227392,9.0,9.0
2026-07-23 19:27:06,2026-07-23,Kocaeli  (23. Y.G.),226355,20260723_Kocaeli_226355,110754,LEGACY OF HENRY,5.1,M.M.BİLGİN,19:00,2026-07-23 19:23:16,0.1556473829201102,2,0.2125714285714285,1,0.3798561151079136,3,0.4575688073394495,1,0.2111188841353911,0.5034862422874532,2.0,2.0
2026-07-23 19:27:06,2026-07-23,Kocaeli  (23. Y.G.),226355,20260723_Kocaeli_226355,108323,HAIL TO PRINCESS,65.2,C.TEPE,19:00,2026-07-23 19:23:16,0.0058699225170227,10,0.015299026425591,11,0.0462107208872458,10,0.0754716981132075,11,0.0073318489587441,0.0452761815320716,10.0,10.0
2026-07-23 19:27:06,2026-07-23,Kocaeli  (23. Y.G.),226355,20260723_Kocaeli_226355,109408,AYHABI,140.75,B.ÇETİN,19:00,2026-07-23 19:23:16,0.0058699225170227,11,0.0272695892302381,10,0.0462107208872458,11,0.1191588785046729,10,0.0072638103678375,0.0449050964295358,11.0,11.0
2026-07-23 19:56:59,2026-07-23,Kocaeli  (23. Y.G.),226351,20260723_Kocaeli_226351,86847,BEST OF ROCK,66.9,M.ÇELİK,19:30,2026-07-23 19:53:16,0.0102622576966932,9,0.045021645021645,7,0.1025641025641025,7,0.2693370165745856,3,0.0159391021324015,0.12475996323838,9.0,7.0
2026-07-23 19:56:59,2026-07-23,Kocaeli  (23. Y.G.),226351,20260723_Kocaeli_226351,103699,TILO GIRL,14.45,B.ÇETİN,19:30,2026-07-23 19:53:16,0.0312093628088426,6,0.0251379521765787,9,0.1542130365659777,5,0.1191588785046729,8,0.0247709980665709,0.1285292705972357,6.0,6.0
2026-07-23 19:56:59,2026-07-23,Kocaeli  (23. Y.G.),226351,20260723_Kocaeli_226351,107833,EUROFIGHTER,14.7,T.YILDIZ,19:30,2026-07-23 19:53:16,0.0081008100810081,10,0.0128205128205128,11,0.041860465116279,11,0.0325149303251493,13,0.0150590674712001,0.0494758396532659,10.0,11.0
2026-07-23 19:56:59,2026-07-23,Kocaeli  (23. Y.G.),226351,20260723_Kocaeli_226351,103889,ONNA BUGEISHA,35.3,BERK.GÖKÇE,19:30,2026-07-23 19:53:16,0.0194099378881987,7,0.0415282392026578,8,0.0565623283909939,9,0.105865522174535,9,0.0215000382211709,0.0780260618049176,8.0,9.0
2026-07-23 19:56:59,2026-07-23,Kocaeli  (23. Y.G.),226351,20260723_Kocaeli_226351,102829,BAL PORSUĞU,8.4,E.AKPINAR,19:30,2026-07-23 19:53:16,0.1347190146266358,3,0.1414812354699435,2,0.4166666666666667,2,0.4348659003831417,1,0.1192414816197979,0.4164015585151331,2.0,2.0
2026-07-23 19:56:59,2026-07-23,Kocaeli  (23. Y.G.),226351,20260723_Kocaeli_226351,110149,LAST LEVEL,5.05,A.KURŞUN,19:30,2026-07-23 19:53:16,0.0580793559516963,5,0.0544399821508255,5,0.2987197724039829,4,0.2542483660130719,5,0.0803114381818976,0.341362867727464,4.0,3.0
2026-07-23 19:56:59,2026-07-23,Kocaeli  (23. Y.G.),226351,20260723_Kocaeli_226351,100938,TRUE ANGEL,44.4,K.YILMAZ,19:30,2026-07-23 19:53:16,0.0194099378881987,8,0.0544399821508255,6,0.096078431372549,8,0.1998779371376259,6,0.0231216249574687,0.1159553002496011,7.0,8.0
2026-07-23 19:56:59,2026-07-23,Kocaeli  (23. Y.G.),226351,20260723_Kocaeli_226351,110442,EL ALACRAN,13.4,O.YILDIZ,19:30,2026-07-23 19:53:16,0.1556473829201102,2,0.1685393258426966,1,0.3775100401606426,3,0.3821596244131455,2,0.105953286925873,0.3213451518341319,3.0,4.0
2026-07-23 19:56:59,2026-07-23,Kocaeli  (23. Y.G.),226351,20260723_Kocaeli_226351,104916,REDATIVE,1.5,A.ASLAN,19:30,2026-07-23 19:53:16,0.2455197132616487,1,0.0677867902665121,4,0.4796573875802997,1,0.2693370165745856,4,0.2156072877039336,0.5638390188776038,1.0,1.0
2026-07-23 19:56:59,2026-07-23,Kocaeli  (23. Y.G.),226351,20260723_Kocaeli_226351,104958,LITTLE BOSS,37.4,S.ÖZEN,19:30,2026-07-23 19:53:16,0.0080500894454382,11,0.0128205128205128,12,0.0462107208872458,10,0.0655629139072847,10,0.0087927910020857,0.0528204705318996,12.0,10.0
2026-07-23 19:56:59,2026-07-23,Kocaeli  (23. Y.G.),226351,20260723_Kocaeli_226351,109323,NAMASTE,30.4,O.ATMACA,19:30,2026-07-23 19:53:16,0.0688559322033898,4,0.0878712871287129,3,0.1542130365659777,6,0.1998779371376259,7,0.041002084437223,0.1370107712622369,5.0,5.0
2026-07-23 19:56:59,2026-07-23,Kocaeli  (23. Y.G.),226351,20260723_Kocaeli_226351,106109,DIAMOND CROWN,83.5,C.TEPE,19:30,2026-07-23 19:53:16,0.0051216389244558,13,0.0128205128205128,13,0.0138026224982746,13,0.0655629139072847,11,0.0055735435027271,0.0359586599752127,13.0,13.0
2026-07-23 19:56:59,2026-07-23,Kocaeli  (23. Y.G.),226351,20260723_Kocaeli_226351,111052,ŞIBLE ŞAVKO,45.35,Ö.F.ÖZEN,19:30,2026-07-23 19:53:16,0.0058699225170227,12,0.0251379521765787,10,0.0247026532479414,12,0.0655629139072847,12,0.0128910182528554,0.0481754945177907,11.0,12.0
2026-07-23 20:27:25,2026-07-23,Kocaeli  (23. Y.G.),226346,20260723_Kocaeli_226346,113572,AURELIA BLITZ,37.85,E.AKPINAR,20:00,2026-07-23 20:23:16,0.0247191011235955,10,0.0415282392026578,9,0.0873108265424912,10,0.1191588785046729,9,0.0208058838889543,0.0831706803786867,10.0,10.0
2026-07-23 20:27:25,2026-07-23,Kocaeli  (23. Y.G.),226346,20260723_Kocaeli_226346,114584,ÇORLİ,27.3,M.M.BİLGİN,20:00,2026-07-23 20:23:16,0.0248587570621468,9,0.0810074880871341,7,0.096078431372549,9,0.1998779371376259,7,0.0411790745653665,0.1443053899121009,8.0,8.0
2026-07-23 20:27:25,2026-07-23,Kocaeli  (23. Y.G.),226346,20260723_Kocaeli_226346,112763,MY DREAM SERAP,4.25,S.ÖZKAN,20:00,2026-07-23 20:23:16,0.1114070128717266,3,0.0920306768922974,4,0.3861386138613861,2,0.3821596244131455,4,0.1296142276869863,0.4732037272939779,3.0,3.0
2026-07-23 20:27:25,2026-07-23,Kocaeli  (23. Y.G.),226346,20260723_Kocaeli_226346,112690,NALDÖKEN,7.6,MER.ÇELİK,20:00,2026-07-23 20:23:16,0.1114070128717266,4,0.1414812354699435,2,0.3286219081272085,4,0.3358954650269023,6,0.1267213923395601,0.3571078516519262,4.0,5.0
2026-07-23 20:27:25,2026-07-23,Kocaeli  (23. Y.G.),226346,20260723_Kocaeli_226346,113213,NEBULA STAR,60.1,M.ÇELİK,20:00,2026-07-23 20:23:16,0.0127931769722814,11,0.0251379521765787,11,0.0462107208872458,11,0.0754985754985755,11,0.0110658527837373,0.0471411722933888,11.0,11.0
2026-07-23 20:27:25,2026-07-23,Kocaeli  (23. Y.G.),226346,20260723_Kocaeli_226346,116514,PRENSES ŞEYMA,7.05,A.KURŞUN,20:00,2026-07-23 20:23:16,0.0801393728222996,5,0.102127659574468,3,0.3286219081272085,5,0.3902439024390244,3,0.1041470584699534,0.408031559620748,5.0,4.0
2026-07-23 20:27:25,2026-07-23,Kocaeli  (23. Y.G.),226346,20260723_Kocaeli_226346,113313,SELLY SU,2.45,C.ALTUN,20:00,2026-07-23 20:23:16,0.1781226903178122,1,0.0677867902665121,8,0.5202634245187439,1,0.3395860284605432,5,0.1494905618014554,0.5279435134975748,2.0,2.0
2026-07-23 20:27:25,2026-07-23,Kocaeli  (23. Y.G.),226346,20260723_Kocaeli_226346,114431,SNOWDRIFT,20.4,S.ÖZEN,20:00,2026-07-23 20:23:16,0.0312093628088426,8,0.0415282392026578,10,0.1318681318681319,8,0.1191588785046729,10,0.0295074808491843,0.1104499427470512,9.0,9.0
2026-07-23 20:27:25,2026-07-23,Kocaeli  (23. Y.G.),226346,20260723_Kocaeli_226346,115943,SOCIAL PARANOIA,17.05,M.ÇİÇEK,20:00,2026-07-23 20:23:16,0.0323353293413173,7,0.0920306768922974,5,0.2233502538071066,6,0.4232209737827715,2,0.058887199332634,0.3229813348529616,6.0,6.0
2026-07-23 20:27:25,2026-07-23,Kocaeli  (23. Y.G.),226346,20260723_Kocaeli_226346,112964,YOU ARE GREAT,22.3,Ö.F.ÖZEN,20:00,2026-07-23 20:23:16,0.043144424131627,6,0.0878712871287129,6,0.1599736668861093,7,0.1998779371376259,8,0.0489991587234816,0.1575016696416687,7.0,7.0
2026-07-23 20:27:25,2026-07-23,Kocaeli  (23. Y.G.),226346,20260723_Kocaeli_226346,112874,ZEY ZEY,5.25,N.AVCİ,20:00,2026-07-23 20:23:16,0.1304836895388076,2,0.2470214455917394,1,0.3798561151079136,3,0.5313225058004639,1,0.232511275873332,0.5542641834879587,1.0,1.0
2026-07-23 20:57:16,2026-07-23,Kocaeli  (23. Y.G.),226349,20260723_Kocaeli_226349,102033,RÜZGARDAHAN,2.25,G.KOCAKAYA,20:30,2026-07-23 20:53:16,0.2455197132616487,1,0.1414812354699435,2,0.6,1,0.4575688073394495,5,0.2545769354040572,0.6320567157209045,1.0,1.0
2026-07-23 20:57:16,2026-07-23,Kocaeli  (23. Y.G.),226349,20260723_Kocaeli_226349,93751,DOĞAN KARDEŞLER,5.9,M.AKYAVUZ,20:30,2026-07-23 20:53:16,0.0967741935483871,6,0.0878712871287129,6,0.3286219081272085,6,0.223516361619523,7,0.1035424979034602,0.2963509679680563,5.0,7.0
2026-07-23 20:57:16,2026-07-23,Kocaeli  (23. Y.G.),226349,20260723_Kocaeli_226349,103054,GÜRAYHAN,10.15,S.KAYA,20:30,2026-07-23 20:53:16,0.1045197740112994,5,0.0920306768922974,5,0.3798561151079136,5,0.5313225058004639,4,0.078654558996093,0.4637086684949836,6.0,5.0
2026-07-23 20:57:16,2026-07-23,Kocaeli  (23. Y.G.),226349,20260723_Kocaeli_226349,91459,HEDBE,20.3,H.ÇİZİK,20:30,2026-07-23 20:53:16,0.0383428823270163,7,0.0677867902665121,7,0.2524357838795394,7,0.4348659003831417,6,0.0425152724874923,0.3112377547592895,7.0,6.0
2026-07-23 20:57:16,2026-07-23,Kocaeli  (23. Y.G.),226349,20260723_Kocaeli_226349,95565,KAYAFATİH,6.2,N.AVCİ,20:30,2026-07-23 20:53:16,0.1556473829201102,3,0.1414812354699435,3,0.4796573875802997,4,0.5573394495412843,2,0.1417250039148744,0.5502046271599083,4.0,4.0
2026-07-23 20:57:16,2026-07-23,Kocaeli  (23. Y.G.),226349,20260723_Kocaeli_226349,101153,KOZMOS,3.95,A.SÖZEN,20:30,2026-07-23 20:53:16,0.1556473829201102,4,0.1414812354699435,4,0.5777400169923537,2,0.5573394495412843,3,0.1822763745961534,0.6140350701506815,3.0,3.0
2026-07-23 20:57:16,2026-07-23,Kocaeli  (23. Y.G.),226349,20260723_Kocaeli_226349,89503,KUMBEY,6.15,A.KURŞUN,20:30,2026-07-23 20:53:16,0.1781226903178122,2,0.2954248366013072,1,0.5692307692307693,3,0.6506849315068494,1,0.2462720076429398,0.6216300073971794,2.0,2.0
2026-07-23 21:27:17,2026-07-23,Kocaeli  (23. Y.G.),226347,20260723_Kocaeli_226347,100453,CROWNED,37.45,U.LEVENT,21:00,2026-07-23 21:23:17,0.0058699225170227,8,0.0241333918385256,8,0.0462107208872458,8,0.136432541687721,8,0.0140143272743406,0.0927145846692954,8.0,8.0
2026-07-23 21:27:17,2026-07-23,Kocaeli  (23. Y.G.),226347,20260723_Kocaeli_226347,104511,LOVİBOND,1.95,BERK.GÖKÇE,21:00,2026-07-23 21:23:17,0.2276785714285714,1,0.1414812354699435,2,0.6339113680154144,1,0.4575688073394495,2,0.2785367701668778,0.656661941366336,1.0,1.0
2026-07-23 21:27:17,2026-07-23,Kocaeli  (23. Y.G.),226347,20260723_Kocaeli_226347,104650,CUCURELLA,7.2,A.SÖZEN,21:00,2026-07-23 21:23:17,0.0883054892601432,4,0.0920306768922974,5,0.4702702702702703,4,0.4035087719298246,4,0.0953073679002443,0.4148198785823594,4.0,4.0
2026-07-23 21:27:17,2026-07-23,Kocaeli  (23. Y.G.),226347,20260723_Kocaeli_226347,105178,LUPELYAN,5.7,H.ÇİZİK,21:00,2026-07-23 21:23:17,0.1114070128717266,3,0.1981721981721981,1,0.4796573875802997,2,0.5573394495412843,1,0.1892381373572906,0.5614817757112074,3.0,2.0
2026-07-23 21:27:17,2026-07-23,Kocaeli  (23. Y.G.),226347,20260723_Kocaeli_226347,109799,SPEEDTAIL,35.9,Ö.F.ÖZEN,21:00,2026-07-23 21:23:17,0.0323353293413173,7,0.0878712871287129,6,0.1841779975278121,6,0.332258064516129,7,0.037576578613363,0.1963998504871598,7.0,7.0
2026-07-23 21:27:17,2026-07-23,Kocaeli  (23. Y.G.),226347,20260723_Kocaeli_226347,104425,STAR MY BEST,14.6,M.M.BİLGİN,21:00,2026-07-23 21:23:17,0.0383428823270163,6,0.0810074880871341,7,0.2773584905660378,5,0.4035087719298246,5,0.0582802667393502,0.327102525615461,5.0,5.0
2026-07-23 21:27:17,2026-07-23,Kocaeli  (23. Y.G.),226347,20260723_Kocaeli_226347,100226,SUPER CHIRON,34.2,M.ÇELİK,21:00,2026-07-23 21:23:17,0.043144424131627,5,0.1414812354699435,3,0.1841779975278121,7,0.4232209737827715,3,0.0559467629750229,0.2504045713454411,6.0,6.0
2026-07-23 21:27:17,2026-07-23,Kocaeli  (23. Y.G.),226347,20260723_Kocaeli_226347,108918,LIVE YOUR FREEDOM,2.75,H.KARATAŞ,21:00,2026-07-23 21:23:17,0.1781226903178122,2,0.1414812354699435,4,0.4796573875802997,3,0.3395860284605432,6,0.2246506001903163,0.5074976098062879,2.0,3.0
2026-07-23 21:27:17,2026-07-23,Kocaeli  (23. Y.G.),226356,20260723_Kocaeli_226356,101123,KAŞMİR TAY,6.5,MER.ÇELİK,21:30,2026-07-23 21:23:17,0.1781226903178122,1,0.2125714285714285,1,0.4166666666666667,2,0.4348659003831417,2,0.1865879319114157,0.4528389724558332,2.0,2.0
2026-07-23 21:27:17,2026-07-23,Kocaeli  (23. Y.G.),226356,20260723_Kocaeli_226356,102718,KIRMÜJDE,11.9,T.YILDIZ,21:30,2026-07-23 21:23:17,0.0194099378881987,8,0.015299026425591,13,0.0873108265424912,10,0.0754716981132075,11,0.0195276986784218,0.1015834205976523,10.0,10.0
2026-07-23 21:27:17,2026-07-23,Kocaeli  (23. Y.G.),226356,20260723_Kocaeli_226356,102958,ÖZTAMER,6.35,A.SÖZEN,21:30,2026-07-23 21:23:17,0.0329004329004329,7,0.036770921386306,6,0.1816160118606375,7,0.105865522174535,8,0.0533521398285572,0.1730784389629622,6.0,7.0
2026-07-23 21:27:17,2026-07-23,Kocaeli  (23. Y.G.),226356,20260723_Kocaeli_226356,101828,SAADINSOYU,57.95,R.YILDIZ,21:30,2026-07-23 21:23:17,0.0058699225170227,14,0.0193905817174515,10,0.041860465116279,14,0.0655629139072847,12,0.0093473455757865,0.0431241595144295,14.0,14.0
2026-07-23 21:27:17,2026-07-23,Kocaeli  (23. Y.G.),226356,20260723_Kocaeli_226356,92970,TRAKTÖR,8.25,BERK.GÖKÇE,21:30,2026-07-23 21:23:17,0.0383428823270163,6,0.036770921386306,7,0.2233502538071066,5,0.1998779371376259,5,0.0456206647587708,0.2396492568605502,7.0,5.0
2026-07-23 21:27:17,2026-07-23,Kocaeli  (23. Y.G.),226356,20260723_Kocaeli_226356,72331,MEGA STAR,5.25,F.ÇETİNBAŞ,21:30,2026-07-23 21:23:17,0.1781226903178122,2,0.2125714285714285,2,0.4796573875802997,1,0.5018867924528304,1,0.2084716922592887,0.532879086069934,1.0,1.0
2026-07-23 21:27:17,2026-07-23,Kocaeli  (23. Y.G.),226356,20260723_Kocaeli_226356,74421,SUBİKE,8.1,H.ÇİZİK,21:30,2026-07-23 21:23:17,0.0801393728222996,5,0.0544399821508255,5,0.2422145328719722,4,0.16359918200409,6,0.0611504693698088,0.2098188531700103,5.0,6.0
2026-07-23 21:27:17,2026-07-23,Kocaeli  (23. Y.G.),226356,20260723_Kocaeli_226356,101866,ASIL OĞUL,14.35,M.A.AKGÖBEK,21:30,2026-07-23 21:23:17,0.0102622576966932,12,0.0241333918385256,8,0.1201780415430267,9,0.105865522174535,9,0.0243374959514704,0.1189789612043527,8.0,9.0
2026-07-23 21:27:17,2026-07-23,Kocaeli  (23. Y.G.),226356,20260723_Kocaeli_226356,94068,LE PATRON,12.1,O.ATMACA,21:30,2026-07-23 21:23:17,0.1114070128717266,4,0.102127659574468,4,0.2206106870229007,6,0.2542483660130719,4,0.0770932121512015,0.2444158406960748,4.0,4.0
2026-07-23 21:27:17,2026-07-23,Kocaeli  (23. Y.G.),226356,20260723_Kocaeli_226356,88411,FUNDO,5.95,M.M.BİLGİN,21:30,2026-07-23 21:23:17,0.1556473829201102,3,0.1685393258426966,3,0.4049079754601227,3,0.3544303797468355,3,0.1647299611289147,0.4037448229233986,3.0,3.0
2026-07-23 21:27:17,2026-07-23,Kocaeli  (23. Y.G.),226356,20260723_Kocaeli_226356,102943,OĞUZHANTAY,23.2,Z.KARABULUT,21:30,2026-07-23 21:23:17,0.0194099378881987,9,0.0193905817174515,11,0.071578947368421,11,0.0655629139072847,13,0.0157365894418174,0.0667537941355498,11.0,12.0
2026-07-23 21:27:17,2026-07-23,Kocaeli  (23. Y.G.),226356,20260723_Kocaeli_226356,102991,ODABAŞI,20.35,MAH.TURAN,21:30,2026-07-23 21:23:17,0.0194099378881987,10,0.0241333918385256,9,0.1542130365659777,8,0.1630546955624355,7,0.0198956609820918,0.1402329559584711,9.0,8.0
2026-07-23 21:27:17,2026-07-23,Kocaeli  (23. Y.G.),226356,20260723_Kocaeli_226356,93103,SEHERYELİ,21.6,M.T.COŞKUN,21:30,2026-07-23 21:23:17,0.0080500894454382,13,0.0128205128205128,14,0.0565623283909939,12,0.0655629139072847,14,0.0121391242825552,0.0690650017054372,13.0,11.0
2026-07-23 21:27:17,2026-07-23,Kocaeli  (23. Y.G.),226356,20260723_Kocaeli_226356,107101,KIZGIN YÜREK,33.3,GÖK.BEKTAŞ,21:30,2026-07-23 21:23:17,0.0115606936416184,11,0.0193905817174515,12,0.0462107208872458,13,0.0754985754985755,10,0.0128007035206842,0.0624688437875534,12.0,13.0
2026-07-24 13:27:26,2026-07-24,Bursa  (30. Y.G.),226368,20260724_Bursa_226368,103418,AYBAR FIRTINASI,14.45,S.ALTAY,13:00,2026-07-24 13:23:18,0.066610455311973,2,0.0878712871287129,3,0.2773584905660378,3,0.2940813810110974,3,0.0618430210039198,0.2531452158845624,2.0,3.0
2026-07-24 13:27:26,2026-07-24,Bursa  (30. Y.G.),226368,20260724_Bursa_226368,100695,HELLBOY,29.25,N.ŞEN,13:00,2026-07-24 13:23:18,0.0312093628088426,6,0.0544399821508255,5,0.096078431372549,8,0.1630546955624355,7,0.0291594357864027,0.1184705372525573,5.0,7.0
2026-07-24 13:27:26,2026-07-24,Bursa  (30. Y.G.),226368,20260724_Bursa_226368,104893,KAROZBEY,21.75,O.EREN,13:00,2026-07-24 13:23:18,0.0282861896838602,7,0.036770921386306,6,0.1542130365659777,5,0.1838487972508591,6,0.0257991518752523,0.1482247933166312,6.0,6.0
2026-07-24 13:27:26,2026-07-24,Bursa  (30. Y.G.),226368,20260724_Bursa_226368,109530,GHOST OF NIGHT,,O.YILDIZ,13:00,2026-07-24 13:23:18,0.0323353293413173,5,0.1981721981721981,2,0.1201780415430267,7,0.3395860284605432,2,,,,
2026-07-24 13:27:26,2026-07-24,Bursa  (30. Y.G.),226368,20260724_Bursa_226368,110627,HARP,1.25,M.M.BİLGİN,13:00,2026-07-24 13:23:18,0.3927648578811369,1,0.2954248366013072,1,0.775609756097561,1,0.638184245660881,1,0.5494285464002873,0.8333516894129918,1.0,1.0
2026-07-24 13:27:26,2026-07-24,Bursa  (30. Y.G.),226368,20260724_Bursa_226368,74712,İŞİN ASLI,10.3,T.ALICI,13:00,2026-07-24 13:23:18,0.0058699225170227,9,0.0128205128205128,8,0.1457564575645756,6,0.136432541687721,8,0.0185357579910524,0.1648132198189685,7.0,5.0
2026-07-24 13:27:26,2026-07-24,Bursa  (30. Y.G.),226368,20260724_Bursa_226368,108438,LAKE EAGLE,4.25,Y.E.YÜKSEL,13:00,2026-07-24 13:23:18,0.043144424131627,3,0.0272695892302381,7,0.3286219081272085,2,0.2542483660130719,4,0.0548480592603769,0.3640031983877839,3.0,2.0
2026-07-24 13:27:26,2026-07-24,Bursa  (30. Y.G.),226368,20260724_Bursa_226368,110579,QUEEN TUANA,20.75,Ö.F.ÖZEN,13:00,2026-07-24 13:23:18,0.0329004329004329,4,0.0878712871287129,4,0.1599736668861093,4,0.2542483660130719,5,0.0505715067478754,0.1950953490916986,4.0,4.0
2026-07-24 13:27:26,2026-07-24,Bursa  (30. Y.G.),226368,20260724_Bursa_226368,105778,BY YURDABAK,33.3,S.TIRPAN,13:00,2026-07-24 13:23:18,0.0080500894454382,8,0.0128205128205128,9,0.0462107208872458,9,0.0754985754985755,9,0.0093757665641232,0.06196072727545,8.0,8.0
2026-07-24 13:57:21,2026-07-24,Bursa  (30. Y.G.),226358,20260724_Bursa_226358,109088,ÇAĞIM,9.55,Ö.F.ÖZEN,13:30,2026-07-24 13:53:17,0.1045197740112994,3,0.0810074880871341,6,0.2524357838795394,5,0.223516361619523,5,0.0738776808989449,0.2436979393437362,5.0,5.0
2026-07-24 13:57:21,2026-07-24,Bursa  (30. Y.G.),226358,20260724_Bursa_226358,110180,DELİNİN GÜCÜ,6.0,GÖK.BEKTAŞ,13:30,2026-07-24 13:53:17,0.1045197740112994,4,0.0878712871287129,3,0.3286219081272085,4,0.2693370165745856,3,0.1021797061880274,0.3330772096009812,4.0,4.0
2026-07-24 13:57:21,2026-07-24,Bursa  (30. Y.G.),226358,20260724_Bursa_226358,111569,MERDÜMGİRİZ,47.4,R.KETME,13:30,2026-07-24 13:53:17,0.0248587570621468,7,0.0810074880871341,7,0.1246105919003115,7,0.1838487972508591,7,0.0302147965855139,0.1054752397633514,7.0,7.0
2026-07-24 13:57:21,2026-07-24,Bursa  (30. Y.G.),226358,20260724_Bursa_226358,113258,MİREKTAY,41.35,N.ŞEN,13:30,2026-07-24 13:53:17,0.0194099378881987,8,0.0272695892302381,9,0.0595238095238095,9,0.1191588785046729,8,0.0144681860192201,0.0796342324847011,9.0,9.0
2026-07-24 13:57:21,2026-07-24,Bursa  (30. Y.G.),226358,20260724_Bursa_226358,112390,OĞLUM VEFA,1.7,MAH.TURAN,13:30,2026-07-24 13:53:17,0.2276785714285714,1,0.0878712871287129,4,0.5777400169923537,1,0.3395860284605432,1,0.2291863143597703,0.5971668153650764,1.0,1.0
2026-07-24 13:57:21,2026-07-24,Bursa  (30. Y.G.),226358,20260724_Bursa_226358,110106,SELÇUKZADE,66.0,M.TEKPETEK,13:30,2026-07-24 13:53:17,0.0127931769722814,9,0.036770921386306,8,0.0565623283909939,10,0.105865522174535,9,0.0138595148173133,0.0583893440050191,10.0,10.0
2026-07-24 13:57:21,2026-07-24,Bursa  (30. Y.G.),226358,20260724_Bursa_226358,113252,ŞENSOY,14.45,O.GÖKÇE,13:30,2026-07-24 13:53:17,0.0511111111111111,6,0.0878712871287129,5,0.1599736668861093,6,0.1998779371376259,6,0.0621750457666743,0.1890624672463773,6.0,6.0
2026-07-24 13:57:21,2026-07-24,Bursa  (30. Y.G.),226358,20260724_Bursa_226358,108079,TEKNİKTAKTİK,8.75,O.YILDIZ,13:30,2026-07-24 13:53:17,0.0967741935483871,5,0.1414812354699435,1,0.3795811518324607,2,0.3395860284605432,2,0.1170014230925378,0.3417955151199555,2.0,2.0
2026-07-24 13:57:21,2026-07-24,Bursa  (30. Y.G.),226358,20260724_Bursa_226358,116217,URASEFE,5.95,K.TOKAÇOĞLU,13:30,2026-07-24 13:53:17,0.1114070128717266,2,0.102127659574468,2,0.3775100401606426,3,0.2693370165745856,4,0.1143165634018259,0.3341264780623958,3.0,3.0
2026-07-24 13:57:21,2026-07-24,Bursa  (30. Y.G.),226358,20260724_Bursa_226358,111692,CIVILTI,44.25,C.PASO,13:30,2026-07-24 13:53:17,0.0081008100810081,10,0.0193905817174515,10,0.041860465116279,11,0.042016806722689,11,0.010843745722752,0.0350072731335592,11.0,11.0
2026-07-24 13:57:21,2026-07-24,Bursa  (30. Y.G.),226358,20260724_Bursa_226358,111713,GÜNŞİRAY,18.95,Y.GÖKÇE,13:30,2026-07-24 13:53:17,0.0081008100810081,11,0.015299026425591,11,0.1025641025641025,8,0.105865522174535,10,0.014818561326076,0.1043358367177156,8.0,8.0
2026-07-24 14:27:21,2026-07-24,Bursa  (30. Y.G.),226373,20260724_Bursa_226373,107602,ALİN ECE,2.05,A.SÖZEN,14:00,2026-07-24 14:23:16,0.1304836895388076,2,0.036770921386306,9,0.4049079754601227,2,0.1838487972508591,9,0.1132574536471672,0.4084373184280835,3.0,2.0
2026-07-24 14:27:21,2026-07-24,Bursa  (30. Y.G.),226373,20260724_Bursa_226373,112270,DRAGON OF SONG,26.65,A.MEH.ALTIN,14:00,2026-07-24 14:23:16,0.043144424131627,5,0.1414812354699435,2,0.2096969696969697,4,0.4035087719298246,1,0.0640481285528917,0.2629414814760583,4.0,4.0
2026-07-24 14:27:21,2026-07-24,Bursa  (30. Y.G.),226373,20260724_Bursa_226373,110623,ECHOGUETTE,13.15,T.ALICI,14:00,2026-07-24 14:23:16,0.0248587570621468,8,0.0415282392026578,8,0.2096969696969697,5,0.2049180327868852,5,0.0378492997922808,0.2005974671947659,6.0,5.0
2026-07-24 14:27:21,2026-07-24,Bursa  (30. Y.G.),226373,20260724_Bursa_226373,107966,MAEGELLE,22.3,C.PASO,14:00,2026-07-24 14:23:16,0.0383428823270163,6,0.0810074880871341,3,0.1599736668861093,7,0.1998779371376259,6,0.0459995016128621,0.1572806723329451,5.0,7.0
2026-07-24 14:27:21,2026-07-24,Bursa  (30. Y.G.),226373,20260724_Bursa_226373,108543,SUN OF THE GÖKSU,2.7,Ö.YILDIRIM,14:00,2026-07-24 14:23:16,0.1781226903178122,1,0.07007007007007,4,0.4796573875802997,1,0.2542483660130719,3,0.142759321959323,0.4347049946716504,2.0,1.0
2026-07-24 14:27:21,2026-07-24,Bursa  (30. Y.G.),226373,20260724_Bursa_226373,109599,APOLLON,34.25,O.ATMACA,14:00,2026-07-24 14:23:16,0.0511111111111111,4,0.0544399821508255,6,0.1599736668861093,8,0.223516361619523,4,0.0268662038723765,0.1429079920510167,9.0,8.0
2026-07-24 14:27:21,2026-07-24,Bursa  (30. Y.G.),226373,20260724_Bursa_226373,110664,BAHRİYELİ ÇİKOK,31.85,T.YILDIZ,14:00,2026-07-24 14:23:16,0.0194099378881987,10,0.0272695892302381,10,0.096078431372549,10,0.1742209631728045,10,0.016796523093818,0.120784548179663,10.0,10.0
2026-07-24 14:27:21,2026-07-24,Bursa  (30. Y.G.),226373,20260724_Bursa_226373,110895,LIFE AND LIGHT,19.25,Y.GÖKÇE,14:00,2026-07-24 14:23:16,0.0329004329004329,7,0.0544399821508255,7,0.2096969696969697,6,0.1998779371376259,7,0.0371510970202028,0.167528204246612,7.0,6.0
2026-07-24 14:27:21,2026-07-24,Bursa  (30. Y.G.),226373,20260724_Bursa_226373,111014,TIZ TEMPEST,34.15,O.EREN,14:00,2026-07-24 14:23:16,0.0247191011235955,9,0.0677867902665121,5,0.1,9,0.1998779371376259,8,0.0317179262671764,0.1306770448152911,8.0,9.0
2026-07-24 14:27:21,2026-07-24,Bursa  (30. Y.G.),226373,20260724_Bursa_226373,110118,COME ON BABY,,S.TIRPAN,14:00,2026-07-24 14:23:16,0.0051216389244558,13,0.0047288310920644,13,0.0119047619047619,13,0.012301013024602,13,,,,
2026-07-24 14:27:21,2026-07-24,Bursa  (30. Y.G.),226373,20260724_Bursa_226373,111789,RUN MY RED,45.05,R.KETME,14:00,2026-07-24 14:23:16,0.0183246073298429,11,0.015299026425591,12,0.071578947368421,11,0.1048076923076923,11,0.0090389048181373,0.0693702633294901,11.0,11.0
2026-07-24 14:27:21,2026-07-24,Bursa  (30. Y.G.),226373,20260724_Bursa_226373,108482,SILVER CROWN,105.5,Y.T.AKKAYA,14:00,2026-07-24 14:23:16,0.0058699225170227,12,0.0272695892302381,11,0.0462107208872458,12,0.0754716981132075,12,0.0085405540528287,0.0359563517434648,12.0,12.0
2026-07-24 14:27:21,2026-07-24,Bursa  (30. Y.G.),226373,20260724_Bursa_226373,110341,ARCHONEI,6.5,M.M.BİLGİN,14:00,2026-07-24 14:23:16,0.1114070128717266,3,0.1981721981721981,1,0.3775100401606426,3,0.3395860284605432,2,0.1765688719909968,0.379632226391959,1.0,3.0
2026-07-24 14:57:33,2026-07-24,Bursa  (30. Y.G.),226361,20260724_Bursa_226361,111885,ALTIN ADAM,23.0,T.YILDIZ,14:30,2026-07-24 14:53:17,0.0312093628088426,7,0.0544399821508255,6,0.1457564575645756,6,0.136432541687721,7,0.0337026214099033,0.1159405565088954,7.0,7.0
2026-07-24 14:57:33,2026-07-24,Bursa  (30. Y.G.),226361,20260724_Bursa_226361,111735,DAVRANTAY,9.95,O.YILDIZ,14:30,2026-07-24 14:53:17,0.0843672456575682,4,0.1414812354699435,2,0.2524357838795394,5,0.3634615384615384,2,0.1095538701650325,0.3446624447541537,3.0,3.0
2026-07-24 14:57:33,2026-07-24,Bursa  (30. Y.G.),226361,20260724_Bursa_226361,111198,DOMANİÇ BEYİ,33.6,E.AKPINAR,14:30,2026-07-24 14:53:17,0.0115606936416184,9,0.0272695892302381,8,0.0873108265424912,8,0.1191588785046729,8,0.0163428980834306,0.0879492429676023,8.0,8.0
2026-07-24 14:57:33,2026-07-24,Bursa  (30. Y.G.),226361,20260724_Bursa_226361,112732,FIRATHAN AĞASI,37.2,Ö.F.ÖZEN,14:30,2026-07-24 14:53:17,0.0383428823270163,6,0.0920306768922974,3,0.1201780415430267,7,0.1998779371376259,6,0.0382708268833128,0.1261433406621382,6.0,6.0
2026-07-24 14:57:33,2026-07-24,Bursa  (30. Y.G.),226361,20260724_Bursa_226361,108967,HIZ BEYİM,7.25,O.GÖKÇE,14:30,2026-07-24 14:53:17,0.0580793559516963,5,0.0544399821508255,7,0.2773584905660378,4,0.223516361619523,4,0.0652461167060882,0.2731111624821964,5.0,5.0
2026-07-24 14:57:33,2026-07-24,Bursa  (30. Y.G.),226361,20260724_Bursa_226361,112541,KARAKÖPRÜ ATEŞİ,1.95,M.M.BİLGİN,14:30,2026-07-24 14:53:17,0.3778625954198473,1,0.2470214455917394,1,0.7454798331015299,1,0.6052631578947367,1,0.3897813552781956,0.7493660141149572,1.0,1.0
2026-07-24 14:57:33,2026-07-24,Bursa  (30. Y.G.),226361,20260724_Bursa_226361,112161,KRAL KADİR,59.9,C.PASO,14:30,2026-07-24 14:53:17,0.0102622576966932,10,0.0272695892302381,9,0.0462107208872458,10,0.1048076923076923,9,0.0117845352937769,0.060850447097984,10.0,9.0
2026-07-24 14:57:33,2026-07-24,Bursa  (30. Y.G.),226361,20260724_Bursa_226361,111579,PERGA,5.2,N.ŞEN,14:30,2026-07-24 14:53:17,0.1304836895388076,3,0.0920306768922974,4,0.4166666666666667,2,0.2940813810110974,3,0.1152334708176828,0.3733841420112602,2.0,2.0
2026-07-24 14:57:33,2026-07-24,Bursa  (30. Y.G.),226361,20260724_Bursa_226361,108043,TOPLUSER,4.15,MAH.TURAN,14:30,2026-07-24 14:53:17,0.1556473829201102,2,0.07007007007007,5,0.4166666666666667,3,0.223516361619523,5,0.1089294351597498,0.3409752217263145,4.0,4.0
2026-07-24 14:57:33,2026-07-24,Bursa  (30. Y.G.),226361,20260724_Bursa_226361,122518,GECE PERİSİ,61.3,Y.GÖKÇE,14:30,2026-07-24 14:53:17,0.0080500894454382,11,0.015299026425591,11,0.0247026532479414,11,0.0325149303251493,11,0.0076124134532788,0.0247576810541896,11.0,11.0
2026-07-24 14:57:33,2026-07-24,Bursa  (30. Y.G.),226361,20260724_Bursa_226361,116163,İCLAL HANIM,51.95,R.KETME,14:30,2026-07-24 14:53:17,0.0194099378881987,8,0.0272695892302381,10,0.0565623283909939,9,0.0926216640502354,10,0.0127710151870506,0.0591369566088283,9.0,10.0
2026-07-24 15:27:30,2026-07-24,Bursa  (30. Y.G.),226369,20260724_Bursa_226369,112190,ROSİCAN,5.2,Ö.F.ÖZEN,15:00,2026-07-24 15:23:17,0.0688559322033898,4,0.0810074880871341,8,0.2987197724039829,4,0.223516361619523,8,0.1049884636823514,0.3111502446416485,5.0,6.0
2026-07-24 15:27:30,2026-07-24,Bursa  (30. Y.G.),226369,20260724_Bursa_226369,109236,İLDA SULTAN,23.85,E.AKPINAR,15:00,2026-07-24 15:23:17,0.0329004329004329,8,0.0878712871287129,7,0.1542130365659777,8,0.2693370165745856,6,0.0471250843925867,0.1939836442591492,8.0,8.0
2026-07-24 15:27:30,2026-07-24,Bursa  (30. Y.G.),226369,20260724_Bursa_226369,110354,BİBAHANIM,8.15,M.M.BİLGİN,15:00,2026-07-24 15:23:17,0.0843672456575682,3,0.2125714285714285,1,0.3798561151079136,3,0.5185185185185185,1,0.1655094999898183,0.4831618621335796,3.0,3.0
2026-07-24 15:27:30,2026-07-24,Bursa  (30. Y.G.),226369,20260724_Bursa_226369,112210,DİNAMİKO,2.0,A.SÖZEN,15:00,2026-07-24 15:23:17,0.2276785714285714,1,0.1685393258426966,4,0.5202634245187439,1,0.3778801843317972,5,0.3047153361143138,0.5949534115526758,1.0,1.0
2026-07-24 15:27:30,2026-07-24,Bursa  (30. Y.G.),226369,20260724_Bursa_226369,108306,LATİFE SULTAN,70.85,M.TEKPETEK,15:00,2026-07-24 15:23:17,0.0115606936416184,11,0.0544399821508255,9,0.0462107208872458,11,0.1048076923076923,10,0.0178826211142029,0.0560946981351694,10.0,11.0
2026-07-24 15:27:30,2026-07-24,Bursa  (30. Y.G.),226369,20260724_Bursa_226369,111454,ÖZBEYİN RÜZGARI,17.85,M.KEÇECİ,15:00,2026-07-24 15:23:17,0.0383428823270163,7,0.102127659574468,6,0.1599736668861093,7,0.2693370165745856,7,0.0619967156744577,0.2182623974294243,7.0,7.0
2026-07-24 15:27:30,2026-07-24,Bursa  (30. Y.G.),226369,20260724_Bursa_226369,108508,ÖZERSOY,30.05,R.KETME,15:00,2026-07-24 15:23:17,0.0127931769722814,10,0.0251379521765787,11,0.071578947368421,10,0.1048076923076923,11,0.0163578549976507,0.0837720429140373,11.0,10.0
2026-07-24 15:27:30,2026-07-24,Bursa  (30. Y.G.),226369,20260724_Bursa_226369,108755,YÜKSEK CAZİBE,4.75,T.YILDIZ,15:00,2026-07-24 15:23:17,0.1556473829201102,2,0.1981721981721981,2,0.4645844952593418,2,0.4348659003831417,3,0.2082883902962759,0.4967290594907115,2.0,2.0
2026-07-24 15:27:30,2026-07-24,Bursa  (30. Y.G.),226369,20260724_Bursa_226369,113244,GÜZELÇAMLI,45.6,T.ALICI,15:00,2026-07-24 15:23:17,0.0247191011235955,9,0.0544399821508255,10,0.096078431372549,9,0.1438848920863309,9,0.0228861751503949,0.0883173669127807,9.0,9.0
2026-07-24 15:27:30,2026-07-24,Bursa  (30. Y.G.),226369,20260724_Bursa_226369,111888,NADİDE KIZ,10.9,K.TOKAÇOĞLU,15:00,2026-07-24 15:23:17,0.0580793559516963,5,0.1981721981721981,3,0.2524357838795394,5,0.4780701754385965,2,0.1347180287678654,0.4149868508207273,4.0,4.0
2026-07-24 15:27:30,2026-07-24,Bursa  (30. Y.G.),226369,20260724_Bursa_226369,122072,ROZA HANIM,16.9,İ.KATI,15:00,2026-07-24 15:23:17,0.043144424131627,6,0.1414812354699435,5,0.2233502538071066,6,0.4232209737827715,4,0.0819930784687928,0.323629463926088,6.0,5.0
2026-07-24 15:57:12,2026-07-24,Bursa  (30. Y.G.),226371,20260724_Bursa_226371,102798,HIZLI EREN,3.4,O.EREN,15:30,2026-07-24 15:53:16,0.0883054892601432,5,0.0544399821508255,6,0.3286219081272085,5,0.1998779371376259,6,0.089110045505495,0.3125273341938546,5.0,5.0
2026-07-24 15:57:12,2026-07-24,Bursa  (30. Y.G.),226371,20260724_Bursa_226371,109440,KIRKLAR DAĞI,7.85,MER.ÇELİK,15:30,2026-07-24 15:53:16,0.1556473829201102,3,0.2202283849918433,2,0.4049079754601227,4,0.4348659003831417,2,0.1536460453956894,0.3958432121133957,3.0,4.0
2026-07-24 15:57:12,2026-07-24,Bursa  (30. Y.G.),226371,20260724_Bursa_226371,104623,BABAGÜNTAY,40.35,C.PASO,15:30,2026-07-24 15:53:16,0.0058699225170227,10,0.0193905817174515,10,0.0275590551181102,12,0.0754716981132075,10,0.0100163486067313,0.0508743509143071,10.0,10.0
2026-07-24 15:57:12,2026-07-24,Bursa  (30. Y.G.),226371,20260724_Bursa_226371,105299,MEN DAKKA DUKKA,4.45,M.M.BİLGİN,15:30,2026-07-24 15:53:16,0.1347190146266358,4,0.1685393258426966,3,0.4123931623931623,3,0.4348659003831417,3,0.1692852948693819,0.4723084303723793,2.0,2.0
2026-07-24 15:57:12,2026-07-24,Bursa  (30. Y.G.),226371,20260724_Bursa_226371,103124,DEMRENİN KIZI,11.6,K.TOKAÇOĞLU,15:30,2026-07-24 15:53:16,0.066610455311973,6,0.1414812354699435,4,0.2524357838795394,6,0.3637484586929716,5,0.0885277993341609,0.2996915340821225,6.0,6.0
2026-07-24 15:57:12,2026-07-24,Bursa  (30. Y.G.),226371,20260724_Bursa_226371,103628,HOPDEDİK,1.6,M.AKYAVUZ,15:30,2026-07-24 15:53:16,0.4434250764525994,1,0.2427184466019417,1,0.7454798331015299,1,0.5313225058004639,1,0.3768365486242038,0.698070118496265,1.0,1.0
2026-07-24 15:57:12,2026-07-24,Bursa  (30. Y.G.),226371,20260724_Bursa_226371,103158,DOĞUYURT,6.2,A.SÖZEN,15:30,2026-07-24 15:53:16,0.1781226903178122,2,0.1414812354699435,5,0.4796573875802997,2,0.4348659003831417,4,0.1243784366556144,0.4266592394071001,4.0,3.0
2026-07-24 15:57:12,2026-07-24,Bursa  (30. Y.G.),226371,20260724_Bursa_226371,104006,AYCASA,86.95,M.TEKPETEK,15:30,2026-07-24 15:53:16,0.0051216389244558,13,0.0054054054054054,14,0.0132450331125827,14,0.0167364016736401,13,0.0025540901784857,0.0112979230015609,14.0,13.0
2026-07-24 15:57:12,2026-07-24,Bursa  (30. Y.G.),226371,20260724_Bursa_226371,102638,SANCAR EFESİ,59.65,O.ATMACA,15:30,2026-07-24 15:53:16,0.0058699225170227,11,0.0193905817174515,11,0.0462107208872458,10,0.0754716981132075,11,0.0080293155734669,0.0422241239632875,11.0,11.0
2026-07-24 15:57:12,2026-07-24,Bursa  (30. Y.G.),226371,20260724_Bursa_226371,104295,GÜLÜMSE BİRAZ,27.5,R.KETME,15:30,2026-07-24 15:53:16,0.0248587570621468,8,0.045021645021645,7,0.1,8,0.1191588785046729,8,0.0231291733501514,0.0863650301736448,7.0,8.0
2026-07-24 15:57:12,2026-07-24,Bursa  (30. Y.G.),226371,20260724_Bursa_226371,106293,UÇAN HÜMA,27.2,C.ALTUN,15:30,2026-07-24 15:53:16,0.0573248407643312,7,0.0415282392026578,8,0.1542130365659777,7,0.136432541687721,7,0.0219206560276897,0.0963679150379687,8.0,7.0
2026-07-24 15:57:12,2026-07-24,Bursa  (30. Y.G.),226371,20260724_Bursa_226371,106567,CEVATHAN,48.25,MAH.TURAN,15:30,2026-07-24 15:53:16,0.0127931769722814,9,0.0272695892302381,9,0.0565623283909939,9,0.1191588785046729,9,0.0116293443551449,0.0665355715187007,9.0,9.0
2026-07-24 15:57:12,2026-07-24,Bursa  (30. Y.G.),226371,20260724_Bursa_226371,106910,DAĞ YONCASI,43.45,N.ŞEN,15:30,2026-07-24 15:53:16,0.0058699225170227,12,0.0128205128205128,12,0.041860465116279,11,0.05,12,0.0070988586119666,0.0359604662286304,12.0,12.0
2026-07-24 15:57:12,2026-07-24,Bursa  (30. Y.G.),226371,20260724_Bursa_226371,102589,AYPOYRAZ,95.1,İ.GÜN,15:30,2026-07-24 15:53:16,0.0051216389244558,14,0.0128205128205128,13,0.0138026224982746,13,0.0167364016736401,14,0.0045566505841253,0.0108110473565083,13.0,14.0
2026-07-24 16:27:15,2026-07-24,Bursa  (30. Y.G.),226367,20260724_Bursa_226367,106062,NORTH PASHA,10.4,M.AKYAVUZ,16:00,2026-07-24 16:23:17,0.0323353293413173,7,0.102127659574468,5,0.1542130365659777,7,0.2940813810110974,6,0.0837525044191153,0.2888277069141317,5.0,6.0
2026-07-24 16:27:15,2026-07-24,Bursa  (30. Y.G.),226367,20260724_Bursa_226367,100925,BORN TO RUN,1.8,A.SÖZEN,16:00,2026-07-24 16:23:17,0.3346938775510204,1,0.1981721981721981,4,0.7454798331015299,1,0.4575688073394495,3,0.3588123851688642,0.6717599505842292,1.0,1.0
2026-07-24 16:27:15,2026-07-24,Bursa  (30. Y.G.),226367,20260724_Bursa_226367,110692,FEARLESS DRAGON,12.7,M.M.BİLGİN,16:00,2026-07-24 16:23:17,0.0312093628088426,8,0.2408163265306122,3,0.1201780415430267,9,0.4035087719298246,4,0.1456476498313884,0.3436245682836273,4.0,4.0
2026-07-24 16:27:15,2026-07-24,Bursa  (30. Y.G.),226367,20260724_Bursa_226367,107034,İSPANOZ,12.15,N.ŞEN,16:00,2026-07-24 16:23:17,0.0383428823270163,6,0.0920306768922974,6,0.2987197724039829,4,0.3821596244131455,5,0.0710962401964231,0.3339665246234259,6.0,5.0
2026-07-24 16:27:15,2026-07-24,Bursa  (30. Y.G.),226367,20260724_Bursa_226367,98390,ÇİKOK AĞA,23.25,MAH.TURAN,16:00,2026-07-24 16:23:17,0.043144424131627,5,0.045021645021645,9,0.1599736668861093,6,0.223516361619523,8,0.0290742318881349,0.1689327266215644,9.0,8.0
2026-07-24 16:27:15,2026-07-24,Bursa  (30. Y.G.),226367,20260724_Bursa_226367,102467,FATHER MEHMET,5.8,M.ÇİÇEK,16:00,2026-07-24 16:23:17,0.1556473829201102,3,0.2470214455917394,2,0.5202634245187439,3,0.5573394495412843,1,0.2210991271001067,0.5593927027873058,3.0,3.0
2026-07-24 16:27:15,2026-07-24,Bursa  (30. Y.G.),226367,20260724_Bursa_226367,98924,GÜÇLÜBEY EFENDİSİ,13.35,T.YILDIZ,16:00,2026-07-24 16:23:17,0.1045197740112994,4,0.0810074880871341,7,0.2096969696969697,5,0.2542483660130719,7,0.0613605127105622,0.2347980544403207,7.0,7.0
2026-07-24 16:27:15,2026-07-24,Bursa  (30. Y.G.),226367,20260724_Bursa_226367,88870,LORD OF YILDIZER,5.05,Ö.YILDIRIM,16:00,2026-07-24 16:23:17,0.1781226903178122,2,0.2581755593803786,1,0.5612244897959183,2,0.5392857142857143,2,0.2449313003416786,0.565616929622999,2.0,2.0
2026-07-24 16:27:15,2026-07-24,Bursa  (30. Y.G.),226367,20260724_Bursa_226367,106625,TOULAYNA,25.85,K.TOKAÇOĞLU,16:00,2026-07-24 16:23:17,0.0194099378881987,9,0.0677867902665121,8,0.1318681318681319,8,0.1998779371376259,9,0.0371197062162276,0.1477532217852893,8.0,9.0
2026-07-24 16:57:06,2026-07-24,Bursa  (30. Y.G.),226370,20260724_Bursa_226370,116603,MANIAC,1.7,Y.GÖKÇE,16:30,2026-07-24 16:53:17,0.2276785714285714,1,0.07007007007007,6,0.6031372549019606,1,0.3637484586929716,6,0.2001885471981497,0.6171617560589554,1.0,2.0
2026-07-24 16:57:06,2026-07-24,Bursa  (30. Y.G.),226370,20260724_Bursa_226370,117312,SUGAR STORM,6.3,E.AKPINAR,16:30,2026-07-24 16:53:17,0.1304836895388076,4,0.0920306768922974,4,0.5202634245187439,4,0.4575688073394495,4,0.1030430955226038,0.4738921915098879,5.0,5.0
2026-07-24 16:57:06,2026-07-24,Bursa  (30. Y.G.),226370,20260724_Bursa_226370,115663,GREENLIFE,4.9,C.ALTUN,16:30,2026-07-24 16:53:17,0.1304836895388076,5,0.0920306768922974,5,0.5452538631346577,3,0.4232209737827715,5,0.1191978313343243,0.483899169865532,4.0,4.0
2026-07-24 16:57:06,2026-07-24,Bursa  (30. Y.G.),226370,20260724_Bursa_226370,115381,İZOL ASLANI,3.7,T.YILDIZ,16:30,2026-07-24 16:53:17,0.1781226903178122,2,0.1414812354699435,3,0.6031372549019606,2,0.5767575322812053,3,0.1891911377127366,0.6371494953350482,2.0,1.0
2026-07-24 16:57:06,2026-07-24,Bursa  (30. Y.G.),226370,20260724_Bursa_226370,115020,I LOVE SPEED,8.5,O.ATMACA,16:30,2026-07-24 16:53:17,0.1347190146266358,3,0.2202283849918433,1,0.5202634245187439,5,0.6603650586701434,1,0.1667426867644177,0.5865722944158112,3.0,3.0
2026-07-24 16:57:06,2026-07-24,Bursa  (30. Y.G.),226370,20260724_Bursa_226370,113028,PONCA,,A.MEH.ALTIN,16:30,2026-07-24 16:53:17,0.0247191011235955,6,0.1981721981721981,2,0.1841779975278121,6,0.638184245660881,2,,,,
2026-07-24 17:26:52,2026-07-24,Bursa  (30. Y.G.),226362,20260724_Bursa_226362,117118,ARDENSOY,1.05,Ö.YILDIRIM,17:00,2026-07-24 17:23:17,0.3927648578811369,1,0.2954248366013072,1,0.8060781476121563,1,0.7404580152671756,1,0.610936876776137,0.8991333460534456,1.0,1.0
2026-07-24 17:26:52,2026-07-24,Bursa  (30. Y.G.),226362,20260724_Bursa_226362,116364,BARLABEY,18.6,H.TURAN,17:00,2026-07-24 17:23:17,0.0248587570621468,5,0.0878712871287129,5,0.2206106870229007,3,0.278169014084507,5,0.0533446611484856,0.2180501455097704,3.0,4.0
2026-07-24 17:26:52,2026-07-24,Bursa  (30. Y.G.),226362,20260724_Bursa_226362,111701,SERTUĞ,5.1,K.TOKAÇOĞLU,17:00,2026-07-24 17:23:17,0.1304836895388076,2,0.1981721981721981,2,0.3798561151079136,2,0.5018867924528304,2,0.1979506469925162,0.5326652501598185,2.0,2.0
2026-07-24 17:26:52,2026-07-24,Bursa  (30. Y.G.),226362,20260724_Bursa_226362,112902,DEMİRYÜZ,51.9,C.ALTUN,17:00,2026-07-24 17:23:17,0.0058699225170227,9,0.015299026425591,9,0.0247026532479414,9,0.0655629139072847,9,0.0082230036287348,0.0448028447745391,9.0,9.0
2026-07-24 17:26:52,2026-07-24,Bursa  (30. Y.G.),226362,20260724_Bursa_226362,116799,GOZEYOĞLU,48.3,A.MEH.ALTIN,17:00,2026-07-24 17:23:17,0.0329004329004329,3,0.1685393258426966,3,0.071578947368421,7,0.2542483660130719,7,0.0527150643352689,0.1357043658914846,4.0,7.0
2026-07-24 17:26:52,2026-07-24,Bursa  (30. Y.G.),226362,20260724_Bursa_226362,111862,GÖNÜL SARAYI,33.8,B.BÜLBÜL,17:00,2026-07-24 17:23:17,0.0248587570621468,6,0.0810074880871341,7,0.2096969696969697,4,0.278169014084507,6,0.0359990422582584,0.1706499770073296,7.0,6.0
2026-07-24 17:26:52,2026-07-24,Bursa  (30. Y.G.),226362,20260724_Bursa_226362,112137,TAM PAKET,22.65,O.ATMACA,17:00,2026-07-24 17:23:17,0.0282861896838602,4,0.0878712871287129,6,0.2096969696969697,5,0.4035087719298246,3,0.0478192227548595,0.2767358412955601,5.0,3.0
2026-07-24 17:26:52,2026-07-24,Bursa  (30. Y.G.),226362,20260724_Bursa_226362,114054,YAĞIZSOY,76.8,Ö.F.ÖZEN,17:00,2026-07-24 17:23:17,0.0127931769722814,8,0.0544399821508255,8,0.041860465116279,8,0.1191588785046729,8,0.0168534827716289,0.0590402481085003,8.0,8.0
2026-07-24 17:26:52,2026-07-24,Bursa  (30. Y.G.),226362,20260724_Bursa_226362,109686,GÜÇLÜBEY GÜLÜ,57.3,T.YILDIZ,17:00,2026-07-24 17:23:17,0.0058699225170227,10,0.015299026425591,10,0.0247026532479414,10,0.042016806722689,10,0.0077742651326678,0.0305440297407898,10.0,10.0
2026-07-24 17:26:52,2026-07-24,Bursa  (30. Y.G.),226362,20260724_Bursa_226362,111733,PATARA,31.55,MAH.TURAN,17:00,2026-07-24 17:23:17,0.0248587570621468,7,0.0920306768922974,4,0.1318681318681319,6,0.2940813810110974,4,0.0412255654086898,0.1841540358450486,6.0,5.0
2026-07-24 17:26:52,2026-07-24,İstanbul  (44. Y.G.),226372,20260724_İstanbul_226372,112118,ARDAPAŞA,9.95,MÜS.ÇELİK,17:15,2026-07-24 17:23:27,0.0843672456575682,5,0.0920306768922974,1,0.2206106870229007,5,0.2049180327868852,3,0.0716020477954159,0.208706273359797,5.0,5.0
2026-07-24 17:26:52,2026-07-24,İstanbul  (44. Y.G.),226372,20260724_İstanbul_226372,120896,ATICI KAYA,2.5,V.ABİŞ,17:15,2026-07-24 17:23:27,0.158351409978308,1,0.0878712871287129,3,0.4049079754601227,2,0.1998779371376259,5,0.1549791448580237,0.3624310544411559,1.0,2.0
2026-07-24 17:26:52,2026-07-24,İstanbul  (44. Y.G.),226372,20260724_İstanbul_226372,109694,BEŞİRHAT,3.7,M.T.COŞKUN,17:15,2026-07-24 17:23:27,0.1556473829201102,2,0.07007007007007,6,0.3775100401606426,3,0.2049180327868852,4,0.1040957603995367,0.3131541690045588,3.0,3.0
2026-07-24 17:26:52,2026-07-24,İstanbul  (44. Y.G.),226372,20260724_İstanbul_226372,110923,BEYÇIKMAZ,24.95,BERK.GÖKÇE,17:15,2026-07-24 17:23:27,0.0247191011235955,10,0.0677867902665121,8,0.1246105919003115,10,0.1998779371376259,6,0.0341042784059957,0.1383235707126428,11.0,11.0
2026-07-24 17:26:52,2026-07-24,İstanbul  (44. Y.G.),226372,20260724_İstanbul_226372,111871,BOZKIR YİĞİDİ,5.8,F.ÇETİNBAŞ,17:15,2026-07-24 17:23:27,0.0967741935483871,4,0.0677867902665121,9,0.3286219081272085,4,0.1630546955624355,10,0.0778866558467449,0.2227638116151913,4.0,4.0
2026-07-24 17:26:52,2026-07-24,İstanbul  (44. Y.G.),226372,20260724_İstanbul_226372,111727,ENESBERKE,10.85,SAL.ÇELİK,17:15,2026-07-24 17:23:27,0.0383428823270163,7,0.0544399821508255,10,0.1457564575645756,9,0.1630546955624355,11,0.0463341779002483,0.169987074611645,8.0,7.0
2026-07-24 17:26:52,2026-07-24,İstanbul  (44. Y.G.),226372,20260724_İstanbul_226372,111742,YÜCEALP,14.25,M.S.ÇELİK,17:15,2026-07-24 17:23:27,0.0247191011235955,11,0.0544399821508255,11,0.0873108265424912,11,0.17,9,0.0396871771641614,0.1557320843120013,9.0,9.0
2026-07-24 17:26:52,2026-07-24,İstanbul  (44. Y.G.),226372,20260724_İstanbul_226372,107487,ATEŞ KUŞLARI,3.7,E.ÇANKAYA,17:15,2026-07-24 17:23:27,0.1556473829201102,3,0.0920306768922974,2,0.4123931623931623,1,0.2693370165745856,1,0.1259250743756933,0.3728343953255612,2.0,1.0
2026-07-24 17:26:52,2026-07-24,İstanbul  (44. Y.G.),226372,20260724_İstanbul_226372,111193,AYBUKET,21.55,N.AVCİ,17:15,2026-07-24 17:23:27,0.0323353293413173,9,0.07007007007007,7,0.1542130365659777,7,0.1998779371376259,7,0.0379443750668303,0.1474255578076459,10.0,10.0
2026-07-24 17:26:52,2026-07-24,İstanbul  (44. Y.G.),226372,20260724_İstanbul_226372,120913,YAĞMURCUM,17.1,A.YILDIZ,17:15,2026-07-24 17:23:27,0.043144424131627,6,0.0878712871287129,4,0.1542130365659777,8,0.1998779371376259,8,0.0511748239225912,0.1628906837855647,7.0,8.0
2026-07-24 17:26:52,2026-07-24,İstanbul  (44. Y.G.),226372,20260724_İstanbul_226372,111827,YALIN ATEŞ,13.9,H.ÇİZİK,17:15,2026-07-24 17:23:27,0.0383428823270163,8,0.0878712871287129,5,0.16,6,0.223516361619523,2,0.0574190816217063,0.1938586403742231,6.0,6.0
2026-07-24 17:26:52,2026-07-24,İstanbul  (44. Y.G.),226372,20260724_İstanbul_226372,120904,KAYALARIN ASLANI,74.55,HAK.YILDIZ,17:15,2026-07-24 17:23:27,0.0081008100810081,12,0.045021645021645,12,0.0462107208872458,12,0.1191588785046729,12,0.0135916664542814,0.0555650495390943,12.0,12.0
2026-07-24 17:26:52,2026-07-24,İstanbul  (44. Y.G.),226372,20260724_İstanbul_226372,110693,KÜÇÜKDEMİRCİK,108.0,M.T.ERTAL,17:15,2026-07-24 17:23:27,0.0058699225170227,13,0.0193905817174515,13,0.0215827338129496,13,0.042016806722689,13,0.005909987292707,0.0207841876602391,13.0,13.0
2026-07-24 17:56:55,2026-07-24,Bursa  (30. Y.G.),226379,20260724_Bursa_226379,101800,GÜNEREN,2.55,Ö.YILDIRIM,17:30,2026-07-24 17:53:17,0.2455197132616487,1,0.2954248366013072,1,0.6031372549019606,1,0.5018867924528304,1,0.3772728954783055,0.6414514941722997,1.0,1.0
2026-07-24 17:56:55,2026-07-24,Bursa  (30. Y.G.),226379,20260724_Bursa_226379,96636,ÖZERDEM,6.8,M.A.AKGÖBEK,17:30,2026-07-24 17:53:17,0.1114070128717266,2,0.0878712871287129,8,0.3775100401606426,2,0.278169014084507,7,0.0953177599021528,0.3254320445530508,4.0,5.0
2026-07-24 17:56:55,2026-07-24,Bursa  (30. Y.G.),226379,20260724_Bursa_226379,101783,TARÇINKIZ,7.85,M.M.BİLGİN,17:30,2026-07-24 17:53:17,0.043144424131627,8,0.1414812354699435,3,0.3286219081272085,3,0.3395860284605432,4,0.124421458496638,0.3557056565930899,3.0,2.0
2026-07-24 17:56:55,2026-07-24,Bursa  (30. Y.G.),226379,20260724_Bursa_226379,103321,BARBUDA,27.1,K.TOKAÇOĞLU,17:30,2026-07-24 17:53:17,0.0194099378881987,11,0.0810074880871341,9,0.1599736668861093,11,0.2940813810110974,6,0.0413203413925306,0.1981898141479189,9.0,10.0
2026-07-24 17:56:55,2026-07-24,Bursa  (30. Y.G.),226379,20260724_Bursa_226379,84735,PRENS CORA,11.4,C.ALTUN,17:30,2026-07-24 17:53:17,0.0248587570621468,10,0.0251379521765787,12,0.1816160118606375,8,0.1998779371376259,11,0.0286116081268478,0.2092395447388944,11.0,9.0
2026-07-24 17:56:55,2026-07-24,Bursa  (30. Y.G.),226379,20260724_Bursa_226379,102942,ALATTİN,6.0,A.SÖZEN,17:30,2026-07-24 17:53:17,0.1114070128717266,3,0.0677867902665121,10,0.3286219081272085,4,0.2693370165745856,9,0.0851423774159387,0.3336193750639087,6.0,4.0
2026-07-24 17:56:55,2026-07-24,Bursa  (30. Y.G.),226379,20260724_Bursa_226379,101958,DEKÇİ BEY,55.9,E.AKPINAR,17:30,2026-07-24 17:53:17,0.0127931769722814,12,0.0272695892302381,11,0.041860465116279,12,0.0655629139072847,12,0.0122313642482937,0.0438047779031803,12.0,12.0
2026-07-24 17:56:55,2026-07-24,Bursa  (30. Y.G.),226379,20260724_Bursa_226379,101854,MÜKREMİN,14.6,B.BÜLBÜL,17:30,2026-07-24 17:53:17,0.0843672456575682,6,0.0920306768922974,5,0.2524357838795394,7,0.332258064516129,5,0.0641446025013864,0.2792261454709773,8.0,7.0
2026-07-24 17:56:55,2026-07-24,Bursa  (30. Y.G.),226379,20260724_Bursa_226379,99891,SANCAKALAN,13.15,A.MEH.ALTIN,17:30,2026-07-24 17:53:17,0.0573248407643312,7,0.0920306768922974,6,0.1816160118606375,9,0.2693370165745856,10,0.0679901355245869,0.24672737432865,7.0,8.0
2026-07-24 17:56:55,2026-07-24,Bursa  (30. Y.G.),226379,20260724_Bursa_226379,95112,HAZBALIK,12.95,O.YILDIZ,17:30,2026-07-24 17:53:17,0.1114070128717266,4,0.1414812354699435,4,0.2987197724039829,5,0.3637484586929716,2,0.0948050490069481,0.3137365690243676,5.0,6.0
2026-07-24 17:56:55,2026-07-24,Bursa  (30. Y.G.),226379,20260724_Bursa_226379,90448,KURŞUNİLİ,10.5,MER.ÇELİK,17:30,2026-07-24 17:53:17,0.0928853754940711,5,0.1829268292682926,2,0.2773584905660378,6,0.3634615384615384,3,0.1292320970081453,0.3378371871570744,2.0,3.0
2026-07-24 17:56:55,2026-07-24,Bursa  (30. Y.G.),226379,20260724_Bursa_226379,107663,MAHÇİÇEK,45.25,N.ŞEN,17:30,2026-07-24 17:53:17,0.0051216389244558,13,0.0102301790281329,13,0.0138026224982746,13,0.0325149303251493,13,0.0067323643873778,0.0286640300656118,13.0,13.0
2026-07-24 17:56:55,2026-07-24,Bursa  (30. Y.G.),226379,20260724_Bursa_226379,81632,VİZİGOT,38.05,Y.GÖKÇE,17:30,2026-07-24 17:53:17,0.043144424131627,9,0.0920306768922974,7,0.1816160118606375,10,0.278169014084507,8,0.0377288924433281,0.1642345448977261,10.0,11.0
2026-07-24 17:56:55,2026-07-24,İstanbul  (44. Y.G.),226359,20260724_İstanbul_226359,108577,DEEP OF ANCESTOR,2.0,M.S.ÇELİK,16:45,2026-07-24 17:53:26,0.1347190146266358,2,0.0810074880871341,5,0.4796573875802997,2,0.2693370165745856,5,0.1932497114706474,0.503498250765111,1.0,1.0
2026-07-24 17:56:55,2026-07-24,İstanbul  (44. Y.G.),226359,20260724_İstanbul_226359,111502,CRY OF VICTORY,63.75,G.YILDIZ,16:45,2026-07-24 17:53:26,0.0058699225170227,9,0.0047288310920644,11,0.0138026224982746,11,0.0325149303251493,10,0.0031570855156064,0.0242263849518528,11.0,10.0
2026-07-24 17:56:55,2026-07-24,İstanbul  (44. Y.G.),226359,20260724_İstanbul_226359,110323,FIRST MAY,25.3,A.YILDIZ,16:45,2026-07-24 17:53:26,0.0058699225170227,10,0.015299026425591,8,0.0462107208872458,9,0.0521861777150916,9,0.012562807782657,0.0539455371108116,9.0,9.0
2026-07-24 17:56:55,2026-07-24,İstanbul  (44. Y.G.),226359,20260724_İstanbul_226359,111086,KING DESTINY,33.15,SAL.ÇELİK,16:45,2026-07-24 17:53:26,0.043144424131627,5,0.1414812354699435,1,0.096078431372549,7,0.1838487972508591,6,0.0568827264636524,0.12382563985518,6.0,7.0
2026-07-24 17:56:55,2026-07-24,İstanbul  (44. Y.G.),226359,20260724_İstanbul_226359,108696,PHANTOM RULER,21.5,B.AKÇAY,16:45,2026-07-24 17:53:26,0.0580793559516963,4,0.1414812354699435,2,0.1816160118606375,5,0.3395860284605432,2,0.071959222612351,0.2451486307142992,4.0,5.0
2026-07-24 17:56:55,2026-07-24,İstanbul  (44. Y.G.),226359,20260724_İstanbul_226359,108024,THIEF IN MARRAKESH,3.1,BERK.GÖKÇE,16:45,2026-07-24 17:53:26,0.3164426059979317,1,0.0920306768922974,4,0.5452538631346577,1,0.278169014084507,4,0.1567675266945084,0.434436223779958,2.0,2.0
2026-07-24 17:56:55,2026-07-24,İstanbul  (44. Y.G.),226359,20260724_İstanbul_226359,109302,WELLERMAN,64.9,K.YILMAZ,16:45,2026-07-24 17:53:26,0.0051216389244558,12,0.0047288310920644,12,0.0119047619047619,13,0.012301013024602,13,0.0031251481331389,0.0116492916763674,12.0,13.0
2026-07-24 17:56:55,2026-07-24,İstanbul  (44. Y.G.),226359,20260724_İstanbul_226359,109059,BIG RUGGED,13.75,S.ÖZEN,16:45,2026-07-24 17:53:26,0.0080500894454382,8,0.0124031007751937,10,0.0565623283909939,8,0.0655629139072847,8,0.0153632157990754,0.0854370577464545,8.0,8.0
2026-07-24 17:56:55,2026-07-24,İstanbul  (44. Y.G.),226359,20260724_İstanbul_226359,109859,AKİDE SULTAN,7.95,N.AVCİ,16:45,2026-07-24 17:53:26,0.1045197740112994,3,0.1141304347826086,3,0.4049079754601227,3,0.3544303797468355,1,0.1053684878860239,0.3650457149099685,3.0,3.0
2026-07-24 17:56:55,2026-07-24,İstanbul  (44. Y.G.),226359,20260724_İstanbul_226359,109582,BIRD CAGE,66.95,Z.KARABULUT,16:45,2026-07-24 17:53:26,0.0058699225170227,11,0.0128205128205128,9,0.0247026532479414,10,0.0325149303251493,11,0.0063454163122795,0.0236546114793544,10.0,11.0
2026-07-24 17:56:55,2026-07-24,İstanbul  (44. Y.G.),226359,20260724_İstanbul_226359,107926,EVERY LITTLE KISS,76.95,U.LEVENT,16:45,2026-07-24 17:53:26,0.0051216389244558,13,0.0047288310920644,13,0.0132450331125827,12,0.0325149303251493,12,0.0028368965454939,0.0221019508586785,13.0,12.0
2026-07-24 17:56:55,2026-07-24,İstanbul  (44. Y.G.),226359,20260724_İstanbul_226359,107945,ROYAL CIPHER,15.8,MÜS.ÇELİK,16:45,2026-07-24 17:53:26,0.0248587570621468,7,0.0272695892302381,7,0.1457564575645756,6,0.16359918200409,7,0.0250749124980993,0.1567308111913495,7.0,6.0
2026-07-24 17:56:55,2026-07-24,İstanbul  (44. Y.G.),226359,20260724_İstanbul_226359,108662,YÖRÜKÇEM,11.85,H.ÇİZİK,16:45,2026-07-24 17:53:26,0.0383428823270163,6,0.0810074880871341,6,0.2422145328719722,4,0.3235294117647059,3,0.0654914628260814,0.295358010933153,5.0,4.0
2026-07-24 17:56:55,2026-07-24,İstanbul  (44. Y.G.),226378,20260724_İstanbul_226378,98256,MUZATCAN,11.3,N.AVCİ,17:45,2026-07-24 17:53:26,0.0511111111111111,6,0.0920306768922974,5,0.2206106870229007,6,0.4348659003831417,3,0.0736888225934516,0.378819277790055,5.0,5.0
2026-07-24 17:56:55,2026-07-24,İstanbul  (44. Y.G.),226378,20260724_İstanbul_226378,106588,AĞIR OĞLUM,3.8,F.ÇETİNBAŞ,17:45,2026-07-24 17:53:26,0.1781226903178122,2,0.2202283849918433,2,0.6031372549019606,1,0.5185185185185185,1,0.251675251824506,0.5906145683907339,2.0,2.0
2026-07-24 17:56:55,2026-07-24,İstanbul  (44. Y.G.),226378,20260724_İstanbul_226378,107563,GÖKMETE,1.6,G.KOCAKAYA,17:45,2026-07-24 17:53:26,0.2276785714285714,1,0.1193693693693693,3,0.6031372549019606,2,0.4232209737827715,4,0.2877639844699599,0.6701794928271283,1.0,1.0
2026-07-24 17:56:55,2026-07-24,İstanbul  (44. Y.G.),226378,20260724_İstanbul_226378,94977,AZAPKAPI,5.55,H.KARATAŞ,17:45,2026-07-24 17:53:26,0.0801393728222996,4,0.0878712871287129,7,0.4049079754601227,4,0.332258064516129,6,0.1067128370890667,0.3942699143805263,4.0,4.0
2026-07-24 17:56:55,2026-07-24,İstanbul  (44. Y.G.),226378,20260724_İstanbul_226378,102038,GÜROBASI,43.95,A.E.ELMAS,17:45,2026-07-24 17:53:26,0.0058699225170227,8,0.0128205128205128,8,0.0462107208872458,8,0.1048076923076923,8,0.0080340132710834,0.0700023796889201,8.0,8.0
2026-07-24 17:56:55,2026-07-24,İstanbul  (44. Y.G.),226378,20260724_İstanbul_226378,90324,ALDA GÖR,23.65,SAL.ÇELİK,17:45,2026-07-24 17:53:26,0.066610455311973,5,0.102127659574468,4,0.2422145328719722,5,0.3358954650269023,5,0.0529251776218937,0.2335709939718091,6.0,6.0
2026-07-24 17:56:55,2026-07-24,İstanbul  (44. Y.G.),226378,20260724_İstanbul_226378,99317,PLATFORM,9.9,E.ÇANKAYA,17:45,2026-07-24 17:53:26,0.1556473829201102,3,0.2470214455917394,1,0.4645844952593418,3,0.5018867924528304,2,0.1680689342877596,0.4441276071573566,3.0,3.0
2026-07-24 17:56:55,2026-07-24,İstanbul  (44. Y.G.),226378,20260724_İstanbul_226378,96007,EPARVEN,35.45,MÜS.ÇELİK,17:45,2026-07-24 17:53:26,0.0383428823270163,7,0.0920306768922974,6,0.1841779975278121,7,0.2940813810110974,7,0.0390762330854394,0.1769259412092133,7.0,7.0
2026-07-24 18:27:03,2026-07-24,Bursa  (30. Y.G.),226374,20260724_Bursa_226374,109510,BOUNDLESS GLORY,,Y.GÖKÇE,18:00,2026-07-24 18:23:16,0.0383428823270163,6,0.1981721981721981,2,0.096078431372549,7,0.3544303797468355,5,,,,
2026-07-24 18:27:03,2026-07-24,Bursa  (30. Y.G.),226374,20260724_Bursa_226374,108680,BEYOND THE FIRE,3.15,Ö.YILDIRIM,18:00,2026-07-24 18:23:16,0.2276785714285714,2,0.1981721981721981,3,0.4796573875802997,2,0.3637484586929716,4,0.2599734380365711,0.5049758425482076,1.0,1.0
2026-07-24 18:27:03,2026-07-24,Bursa  (30. Y.G.),226374,20260724_Bursa_226374,111051,RECUERDAME,3.65,Ö.F.ÖZEN,18:00,2026-07-24 18:23:16,0.2455197132616487,1,0.0920306768922974,4,0.6031372549019606,1,0.3821596244131455,3,0.1419658964322085,0.4962404848797907,3.0,3.0
2026-07-24 18:27:03,2026-07-24,Bursa  (30. Y.G.),226374,20260724_Bursa_226374,110313,SHAERA,7.95,M.ÇİÇEK,18:00,2026-07-24 18:23:16,0.0383428823270163,7,0.0878712871287129,5,0.2524357838795394,4,0.4348659003831417,1,0.0872067654644451,0.4250999963475974,4.0,4.0
2026-07-24 18:27:03,2026-07-24,Bursa  (30. Y.G.),226374,20260724_Bursa_226374,108339,JOY FOR LIFE,18.65,T.ALICI,18:00,2026-07-24 18:23:16,0.0102622576966932,10,0.0251379521765787,10,0.071578947368421,8,0.17,6,0.0215114168225831,0.1502081444146516,7.0,7.0
2026-07-24 18:27:03,2026-07-24,Bursa  (30. Y.G.),226374,20260724_Bursa_226374,108524,LUPIN,,Y.T.AKKAYA,18:00,2026-07-24 18:23:16,0.0102622576966932,11,0.0272695892302381,9,0.0565623283909939,10,0.0754985754985755,10,,,,
2026-07-24 18:27:03,2026-07-24,Bursa  (30. Y.G.),226374,20260724_Bursa_226374,110336,POWER OF SISTERS,12.75,O.YILDIZ,18:00,2026-07-24 18:23:16,0.0080500894454382,12,0.015299026425591,14,0.0275590551181102,13,0.0325149303251493,14,0.0187174577779633,0.0533706750392138,8.0,10.0
2026-07-24 18:27:03,2026-07-24,Bursa  (30. Y.G.),226374,20260724_Bursa_226374,107785,MAJOR QUEEN,4.55,M.M.BİLGİN,18:00,2026-07-24 18:23:16,0.2276785714285714,3,0.2202283849918433,1,0.4796573875802997,3,0.4348659003831417,2,0.2300335915106602,0.50338447860173,2.0,2.0
2026-07-24 18:27:03,2026-07-24,Bursa  (30. Y.G.),226374,20260724_Bursa_226374,111160,FEEL THE BEAT,16.7,MER.ÇELİK,18:00,2026-07-24 18:23:16,0.0928853754940711,4,0.0810074880871341,6,0.1816160118606375,6,0.1630546955624355,7,0.0541163270326033,0.1527594220729709,5.0,6.0
2026-07-24 18:27:03,2026-07-24,Bursa  (30. Y.G.),226374,20260724_Bursa_226374,109233,SILENT TOUCH,8.9,C.ALTUN,18:00,2026-07-24 18:23:16,0.043144424131627,5,0.0415282392026578,7,0.1841779975278121,5,0.1191588785046729,8,0.0475360298725023,0.1608320823341323,6.0,5.0
2026-07-24 18:27:03,2026-07-24,Bursa  (30. Y.G.),226374,20260724_Bursa_226374,109756,VIVIR MI VIDA,36.85,E.AKPINAR,18:00,2026-07-24 18:23:16,0.0194099378881987,8,0.0193905817174515,13,0.0595238095238095,9,0.0754716981132075,11,0.0120632711534617,0.0594407661171379,11.0,8.0
2026-07-24 18:27:03,2026-07-24,Bursa  (30. Y.G.),226374,20260724_Bursa_226374,110633,SKY BLAZE,57.7,O.ATMACA,18:00,2026-07-24 18:23:16,0.0080500894454382,13,0.0241333918385256,11,0.0462107208872458,11,0.0926216640502354,9,0.0109836580463119,0.056203361988773,12.0,9.0
2026-07-24 18:27:03,2026-07-24,Bursa  (30. Y.G.),226374,20260724_Bursa_226374,109546,BLAZING GLORY,43.05,O.EREN,18:00,2026-07-24 18:23:16,0.0127931769722814,9,0.0241333918385256,12,0.0462107208872458,12,0.0655629139072847,12,0.0129628518706901,0.0496402468538058,10.0,11.0
2026-07-24 18:27:03,2026-07-24,Bursa  (30. Y.G.),226374,20260724_Bursa_226374,110803,AHU SULTAN,100.95,S.ÇELİK,18:00,2026-07-24 18:23:16,0.0058699225170227,15,0.015299026425591,15,0.0138026224982746,14,0.0325149303251493,15,0.0057317972988235,0.0193836271596841,13.0,13.0
2026-07-24 18:27:03,2026-07-24,Bursa  (30. Y.G.),226374,20260724_Bursa_226374,110603,YÜKSELCANDIR,74.15,C.PASO,18:00,2026-07-24 18:23:16,0.0080500894454382,14,0.036770921386306,8,0.0138026224982746,15,0.0353535353535353,13,0.0130152130291162,0.0239911719562965,9.0,12.0
2026-07-24 18:27:03,2026-07-24,Bursa  (30. Y.G.),226374,20260724_Bursa_226374,117069,ULUDAĞ YILDIZI,120.0,D.BUDAK,18:00,2026-07-24 18:23:16,0.0051216389244558,16,0.0054054054054054,16,0.0066225165562913,16,0.012301013024602,16,0.0024337724595818,0.0086133591166348,14.0,14.0
2026-07-24 18:57:07,2026-07-24,İstanbul  (44. Y.G.),226363,20260724_İstanbul_226363,113536,RAZENOID,2.75,V.ABİŞ,18:30,2026-07-24 18:53:25,0.2276785714285714,3,0.3434991974317817,3,0.8375796178343949,2,0.9545454545454546,1,0.3238027592162499,0.9232148915156352,3.0,1.0
2026-07-24 18:57:07,2026-07-24,İstanbul  (44. Y.G.),226363,20260724_İstanbul_226363,114149,INNERBLOOM,1.25,H.ÇİZİK,18:30,2026-07-24 18:53:25,0.3164426059979317,2,0.2470214455917394,4,0.8375796178343949,3,0.7404580152671756,4,0.3843263354244026,0.8228076431970519,2.0,3.0
2026-07-24 18:57:07,2026-07-24,İstanbul  (44. Y.G.),226363,20260724_İstanbul_226363,113147,TEPEKIZI,5.7,M.S.ÇELİK,18:30,2026-07-24 18:53:25,0.1556473829201102,4,0.3849918433931484,1,0.7454798331015299,4,0.8868778280542986,2,0.2546199700859577,0.7935572371205142,4.0,4.0
2026-07-24 18:57:07,2026-07-24,İstanbul  (44. Y.G.),226363,20260724_İstanbul_226363,113531,SHIMMER,1.25,N.AVCİ,18:30,2026-07-24 18:53:25,0.3778625954198473,1,0.3849918433931484,2,0.8937823834196891,1,0.8564102564102564,3,0.4993422807734334,0.8891696114283156,1.0,2.0
2026-07-24 19:27:07,2026-07-24,İstanbul  (44. Y.G.),226366,20260724_İstanbul_226366,95294,TORUN YUSUF,5.15,BERK.GÖKÇE,19:00,2026-07-24 19:23:17,0.1556473829201102,2,0.1414812354699435,2,0.4298245614035088,2,0.3821989528795811,2,0.1568296338102881,0.4449389022248377,2.0,2.0
2026-07-24 19:27:07,2026-07-24,İstanbul  (44. Y.G.),226366,20260724_İstanbul_226366,100122,ANOTHER BANGER,4.4,G.KOCAKAYA,19:00,2026-07-24 19:23:17,0.0801393728222996,4,0.0544399821508255,4,0.3123123123123122,4,0.2049180327868852,3,0.0879107931541877,0.3147079525215294,4.0,3.0
2026-07-24 19:27:07,2026-07-24,İstanbul  (44. Y.G.),226366,20260724_İstanbul_226366,106052,CAN SADİ,15.0,H.ÇİZİK,19:00,2026-07-24 19:23:17,0.0194099378881987,8,0.0251379521765787,6,0.096078431372549,8,0.136432541687721,7,0.0243772048083192,0.1402332776880492,6.0,7.0
2026-07-24 19:27:07,2026-07-24,İstanbul  (44. Y.G.),226366,20260724_İstanbul_226366,106111,GREY GHOST,3.1,V.ABİŞ,19:00,2026-07-24 19:23:17,0.2276785714285714,1,0.1981721981721981,1,0.5777400169923537,1,0.4780701754385965,1,0.2621237064165242,0.5936732805804957,1.0,1.0
2026-07-24 19:27:07,2026-07-24,İstanbul  (44. Y.G.),226366,20260724_İstanbul_226366,97493,THE WITCHER,15.05,K.YILMAZ,19:00,2026-07-24 19:23:17,0.0247191011235955,7,0.0251379521765787,7,0.1542130365659777,6,0.1838487972508591,5,0.0243302902163417,0.1747922701549119,7.0,6.0
2026-07-24 19:27:07,2026-07-24,İstanbul  (44. Y.G.),226366,20260724_İstanbul_226366,98323,HANDSOME LAKE,40.3,Z.KARABULUT,19:00,2026-07-24 19:23:17,0.0329004329004329,6,0.0251379521765787,8,0.0462107208872458,9,0.0754716981132075,9,0.0138579683523745,0.0569444155291945,9.0,9.0
2026-07-24 19:27:07,2026-07-24,İstanbul  (44. Y.G.),226366,20260724_İstanbul_226366,112308,SEDAT,19.65,U.LEVENT,19:00,2026-07-24 19:23:17,0.0194099378881987,9,0.0241333918385256,9,0.1542130365659777,7,0.1438848920863309,6,0.0202537903686419,0.1293249522413772,8.0,8.0
2026-07-24 19:27:07,2026-07-24,İstanbul  (44. Y.G.),226366,20260724_İstanbul_226366,99301,LOOK NEWS,6.5,SAL.ÇELİK,19:00,2026-07-24 19:23:17,0.0580793559516963,5,0.0415282392026578,5,0.2206106870229007,5,0.1191588785046729,8,0.0572383664078544,0.1853684015947399,5.0,5.0
2026-07-24 19:27:07,2026-07-24,İstanbul  (44. Y.G.),226366,20260724_İstanbul_226366,110737,NOBLE STRENGTH,4.25,H.KARATAŞ,19:00,2026-07-24 19:23:17,0.1114070128717266,3,0.07007007007007,3,0.3286219081272085,3,0.1998779371376259,4,0.1071054639940278,0.3141795163580289,3.0,4.0
2026-07-24 19:57:06,2026-07-24,İstanbul  (44. Y.G.),226360,20260724_İstanbul_226360,109929,KALORİMATİK,25.5,SAL.ÇELİK,19:30,2026-07-24 19:53:16,0.0127931769722814,10,0.0272695892302381,8,0.0873108265424912,9,0.136432541687721,7,0.0189653832465265,0.1099571647672301,9.0,7.0
2026-07-24 19:57:06,2026-07-24,İstanbul  (44. Y.G.),226360,20260724_İstanbul_226360,109476,KARA BİGA,,N.AVCİ,19:30,2026-07-24 19:53:16,0.0248587570621468,9,0.2125714285714285,2,0.096078431372549,8,0.5573394495412843,1,,,,
2026-07-24 19:57:06,2026-07-24,İstanbul  (44. Y.G.),226360,20260724_İstanbul_226360,109512,CALLATIS,9.1,S.BOYRAZ,19:30,2026-07-24 19:53:16,0.0329004329004329,4,0.0272695892302381,9,0.2096969696969697,3,0.105865522174535,9,0.034428554251232,0.1456850417949816,7.0,6.0
2026-07-24 19:57:06,2026-07-24,İstanbul  (44. Y.G.),226360,20260724_İstanbul_226360,110330,GENERAL EL CID,20.7,H.ÇİZİK,19:30,2026-07-24 19:53:16,0.0329004329004329,5,0.0677867902665121,6,0.1318681318681319,5,0.1998779371376259,6,0.0417560949806162,0.1617843748750027,5.0,5.0
2026-07-24 19:57:06,2026-07-24,İstanbul  (44. Y.G.),226360,20260724_İstanbul_226360,107837,MAJESTIC CHAMPION,52.45,U.LEVENT,19:30,2026-07-24 19:53:16,0.0323353293413173,7,0.0810074880871341,4,0.0625,10,0.136432541687721,8,0.0284586682417483,0.0790811934261624,8.0,9.0
2026-07-24 19:57:06,2026-07-24,İstanbul  (44. Y.G.),226360,20260724_İstanbul_226360,108660,MANIFEST,7.65,E.ÇANKAYA,19:30,2026-07-24 19:53:16,0.0312093628088426,8,0.0272695892302381,10,0.1246105919003115,6,0.0427350427350427,11,0.038182353520087,0.0833237670562975,6.0,8.0
2026-07-24 19:57:06,2026-07-24,İstanbul  (44. Y.G.),226360,20260724_İstanbul_226360,109840,ORMELLO,1.35,A.YILDIZ,19:30,2026-07-24 19:53:16,0.4117647058823529,1,0.2427184466019417,1,0.7475570032573289,1,0.5573394495412843,2,0.4768221867398221,0.7816383979246234,1.0,1.0
2026-07-24 19:57:06,2026-07-24,İstanbul  (44. Y.G.),226360,20260724_İstanbul_226360,110510,MAGGIE,9.45,MÜS.ÇELİK,19:30,2026-07-24 19:53:16,0.0329004329004329,6,0.0544399821508255,7,0.2206106870229007,2,0.2693370165745856,4,0.0554591825393963,0.2794882953672805,2.0,2.0
2026-07-24 19:57:06,2026-07-24,İstanbul  (44. Y.G.),226360,20260724_İstanbul_226360,109680,GIRL OF THE NIGHT,38.5,BERK.GÖKÇE,19:30,2026-07-24 19:53:16,0.0058699225170227,11,0.0047288310920644,13,0.0138026224982746,13,0.012301013024602,13,0.0041885495124854,0.0150187468377981,12.0,12.0
2026-07-24 19:57:06,2026-07-24,İstanbul  (44. Y.G.),226360,20260724_İstanbul_226360,109270,LITTLE STONE,28.65,MAHS.TURAN,19:30,2026-07-24 19:53:16,0.0383428823270163,2,0.0878712871287129,3,0.1246105919003115,7,0.3395860284605432,3,0.0423588492224874,0.2183520983322751,4.0,3.0
2026-07-24 19:57:06,2026-07-24,İstanbul  (44. Y.G.),226360,20260724_İstanbul_226360,107921,MRS NİLŞAH,39.1,R.YILDIZ,19:30,2026-07-24 19:53:16,0.0058699225170227,12,0.0128205128205128,11,0.0462107208872458,11,0.1048076923076923,10,0.0085700948955816,0.0738090274605469,10.0,10.0
2026-07-24 19:57:06,2026-07-24,İstanbul  (44. Y.G.),226360,20260724_İstanbul_226360,109991,PERA CORDELIA,17.75,V.ABİŞ,19:30,2026-07-24 19:53:16,0.0383428823270163,3,0.07007007007007,5,0.1542130365659777,4,0.2049180327868852,5,0.0466512409182324,0.1761175371699636,3.0,4.0
2026-07-24 19:57:06,2026-07-24,İstanbul  (44. Y.G.),226360,20260724_İstanbul_226360,108377,STUPOR MUNDI,51.95,G.YILDIZ,19:30,2026-07-24 19:53:16,0.0058699225170227,13,0.0128205128205128,12,0.0247026532479414,12,0.0325149303251493,12,0.00729110438015,0.0266555907795328,11.0,11.0
2026-07-24 19:57:06,2026-07-24,İstanbul  (44. Y.G.),226365,20260724_İstanbul_226365,109404,HOLA Y CHAO,8.75,U.LEVENT,20:00,2026-07-24 19:53:16,0.0323353293413173,8,0.0193905817174515,11,0.2773584905660378,3,0.1998779371376259,5,0.0278113051179027,0.2338939990920639,10.0,5.0
2026-07-24 19:57:06,2026-07-24,İstanbul  (44. Y.G.),226365,20260724_İstanbul_226365,108573,DONE THIS,6.55,V.ABİŞ,20:00,2026-07-24 19:53:16,0.0383428823270163,5,0.0878712871287129,3,0.2096969696969697,5,0.2542483660130719,4,0.0975754516865318,0.3106524203249289,3.0,4.0
2026-07-24 19:57:06,2026-07-24,İstanbul  (44. Y.G.),226365,20260724_İstanbul_226365,108349,LAND OF LEGENDS,8.2,M.S.ÇELİK,20:00,2026-07-24 19:53:16,0.043144424131627,4,0.0878712871287129,4,0.2524357838795394,4,0.4493670886075948,1,0.0858341761267218,0.432051278726923,4.0,2.0
2026-07-24 19:57:06,2026-07-24,İstanbul  (44. Y.G.),226365,20260724_İstanbul_226365,108983,THE CHOSEN,7.3,G.KOCAKAYA,20:00,2026-07-24 19:53:16,0.0329004329004329,7,0.0544399821508255,7,0.1542130365659777,6,0.136432541687721,7,0.0649896164924098,0.1934978349213677,5.0,7.0
2026-07-24 19:57:06,2026-07-24,İstanbul  (44. Y.G.),226365,20260724_İstanbul_226365,108073,BOLD RUNNER,10.45,H.ÇİZİK,20:00,2026-07-24 19:53:16,0.0383428823270163,6,0.07007007007007,5,0.1318681318681319,8,0.1998779371376259,6,0.0634131902204428,0.2172770622220155,6.0,6.0
2026-07-24 19:57:06,2026-07-24,İstanbul  (44. Y.G.),226365,20260724_İstanbul_226365,110446,RACING STAR,5.35,N.AVCİ,20:00,2026-07-24 19:53:16,0.2276785714285714,2,0.2427184466019417,2,0.4128440366972477,2,0.2940813810110974,3,0.2275785402470732,0.3695852680414301,2.0,3.0
2026-07-24 19:57:06,2026-07-24,İstanbul  (44. Y.G.),226365,20260724_İstanbul_226365,110853,VICTOR THE BRAVE,4.45,MÜS.ÇELİK,20:00,2026-07-24 19:53:16,0.3164426059979317,1,0.2581755593803786,1,0.5202634245187439,1,0.4348659003831417,2,0.261229524742252,0.5071206701713546,1.0,1.0
2026-07-24 19:57:06,2026-07-24,İstanbul  (44. Y.G.),226365,20260724_İstanbul_226365,109837,DARMADUMAN,16.75,Y.Ş.GÜMÜŞ,20:00,2026-07-24 19:53:16,0.066610455311973,3,0.07007007007007,6,0.14,7,0.1191588785046729,8,0.0485802293377526,0.1209395853794382,8.0,9.0
2026-07-24 19:57:06,2026-07-24,İstanbul  (44. Y.G.),226365,20260724_İstanbul_226365,108440,PRENS EGE,34.25,B.AKÇAY,20:00,2026-07-24 19:53:16,0.0194099378881987,10,0.0272695892302381,9,0.0912408759124087,9,0.096938775510204,10,0.016167787326316,0.0744660967874471,11.0,11.0
2026-07-24 19:57:06,2026-07-24,İstanbul  (44. Y.G.),226365,20260724_İstanbul_226365,108424,AGUA REGIA,11.0,A.YILDIZ,20:00,2026-07-24 19:53:16,0.0282861896838602,9,0.0544399821508255,8,0.0873108265424912,10,0.1191588785046729,9,0.0512323051448778,0.1463349172892004,7.0,8.0
2026-07-24 19:57:06,2026-07-24,İstanbul  (44. Y.G.),226365,20260724_İstanbul_226365,109806,CLARISSA,46.8,B.ÇIĞLA,20:00,2026-07-24 19:53:16,0.0102622576966932,12,0.0193905817174515,12,0.0565623283909939,11,0.081081081081081,11,0.0105503936613571,0.0561182837689833,12.0,12.0
2026-07-24 19:57:06,2026-07-24,İstanbul  (44. Y.G.),226365,20260724_İstanbul_226365,108313,CROWN JEWEL,11.3,A.ASLAN,20:00,2026-07-24 19:53:16,0.0183246073298429,11,0.0251379521765787,10,0.0565623283909939,12,0.0655629139072847,12,0.0288162491440778,0.0940903804758333,9.0,10.0
2026-07-24 19:57:06,2026-07-24,İstanbul  (44. Y.G.),226365,20260724_İstanbul_226365,109865,ORİANNA,72.55,HAK.YILDIZ,20:00,2026-07-24 19:53:16,0.0058699225170227,13,0.0128205128205128,13,0.0138026224982746,13,0.042016806722689,13,0.0060819452334273,0.0276464124917255,13.0,13.0
2026-07-24 20:57:20,2026-07-24,İstanbul  (44. Y.G.),226364,20260724_İstanbul_226364,109995,DIRE WOLF,1.85,H.KARATAŞ,20:30,2026-07-24 20:53:16,0.2455197132616487,2,0.2470214455917394,3,0.6938083121289228,2,0.5573394495412843,4,0.4013419686568195,0.7293766363700122,1.0,2.0
2026-07-24 20:57:20,2026-07-24,İstanbul  (44. Y.G.),226364,20260724_İstanbul_226364,108503,EL GLADIADOR,6.75,G.KOCAKAYA,20:30,2026-07-24 20:53:16,0.2276785714285714,3,0.3434991974317817,1,0.6932773109243697,3,0.7605396290050591,1,0.2656284991345131,0.6985742469053453,3.0,3.0
2026-07-24 20:57:20,2026-07-24,İstanbul  (44. Y.G.),226364,20260724_İstanbul_226364,111169,JAZZ RUNNER,16.8,N.AVCİ,20:30,2026-07-24 20:53:16,0.1114070128717266,5,0.2125714285714285,4,0.3286219081272085,5,0.4575688073394495,5,0.1138976893576143,0.3478729948894017,5.0,5.0
2026-07-24 20:57:20,2026-07-24,İstanbul  (44. Y.G.),226364,20260724_İstanbul_226364,111022,MUCHO BUENO,3.45,V.ABİŞ,20:30,2026-07-24 20:53:16,0.2867647058823529,1,0.3434991974317817,2,0.7454798331015299,1,0.7404580152671756,2,0.3619469022044738,0.7604452937223544,2.0,1.0
2026-07-24 20:57:20,2026-07-24,İstanbul  (44. Y.G.),226364,20260724_İstanbul_226364,110309,SNOW LEOPARD,27.35,H.ÇİZİK,20:30,2026-07-24 20:53:16,0.0127931769722814,6,0.0272695892302381,6,0.2096969696969697,6,0.2693370165745856,6,0.0183632607180885,0.1836591435639847,6.0,6.0
2026-07-24 20:57:20,2026-07-24,İstanbul  (44. Y.G.),226364,20260724_İstanbul_226364,107718,WHIZBANG,3.8,S.BOYRAZ,20:30,2026-07-24 20:53:16,0.2276785714285714,4,0.140495867768595,5,0.6816608996539792,4,0.6146788990825688,3,0.1855275935585434,0.6601411348079383,4.0,4.0
2026-07-24 21:27:11,2026-07-24,İstanbul  (44. Y.G.),226357,20260724_İstanbul_226357,110811,MR HERMES,1.4,G.KOCAKAYA,21:00,2026-07-24 21:23:16,0.1556473829201102,2,0.09203067689229741,3,0.6031372549019606,2,0.3778801843317972,2,0.199341653711563,0.58162142015192,2.0,2.0
2026-07-24 21:27:11,2026-07-24,İstanbul  (44. Y.G.),226357,20260724_İstanbul_226357,109019,WATERSHED,1.4,V.ABİŞ,21:00,2026-07-24 21:23:16,0.48098859315589354,1,0.4095238095238095,1,0.8060781476121563,1,0.7404580152671756,1,0.5010699168026482,0.8140345518221266,1.0,1.0
2026-07-24 21:27:11,2026-07-24,İstanbul  (44. Y.G.),226357,20260724_İstanbul_226357,107940,BARANIM KING,25.25,B.BEKTAŞ,21:00,2026-07-24 21:23:16,0.019409937888198756,6,0.025137952176578784,7,0.096078431372549,6,0.06556291390728476,9,0.014160763404168128,0.052147883640656804,7.0,10.0
2026-07-24 21:27:11,2026-07-24,İstanbul  (44. Y.G.),226357,20260724_İstanbul_226357,110727,INVINCIBLE ARES,19.35,HAK.YILDIZ,21:00,2026-07-24 21:23:16,0.019409937888198756,7,0.027269589230238176,6,0.096078431372549,7,0.1191588785046729,7,0.01748189895056016,0.09288493984494635,6.0,6.0
2026-07-24 21:27:11,2026-07-24,İstanbul  (44. Y.G.),226357,20260724_İstanbul_226357,110397,MAMDANI,22.6,E.ÇANKAYA,21:00,2026-07-24 21:23:16,0.08013937282229965,4,0.16853932584269662,2,0.1318681318681319,5,0.1998779371376259,4,0.06393109890208037,0.12981243266647377,4.0,5.0
2026-07-24 21:27:11,2026-07-24,İstanbul  (44. Y.G.),226357,20260724_İstanbul_226357,107923,RASCASSE,9.3,MAHS.TURAN,21:00,2026-07-24 21:23:16,0.05807935595169638,5,0.09203067689229741,4,0.2987197724039829,3,0.3637484586929716,3,0.06489851765500147,0.3027153157035406,3.0,3.0
2026-07-24 21:27:11,2026-07-24,İstanbul  (44. Y.G.),226357,20260724_İstanbul_226357,108320,SCARGIVER,4.45,K.GÖKÇE,21:00,2026-07-24 21:23:16,0.0883054892601432,3,0.025137952176578784,8,0.2773584905660378,4,0.13643254168772107,5,0.038791509812694115,0.19886496670444603,5.0,4.0
2026-07-24 21:27:11,2026-07-24,İstanbul  (44. Y.G.),226357,20260724_İstanbul_226357,111582,SINIR KARTALI,80.15,A.ASLAN,21:00,2026-07-24 21:23:16,0.008100810081008101,9,0.05555555555555555,5,0.04621072088724584,9,0.13643254168772107,6,0.013336886173162104,0.05338471414458464,8.0,9.0
2026-07-24 21:27:11,2026-07-24,İstanbul  (44. Y.G.),226357,20260724_İstanbul_226357,108840,BALABAN SÜMBÜLÜ,15.35,Z.KARABULUT,21:00,2026-07-24 21:23:16,0.005869922517022775,11,0.010230179028132993,11,0.04621072088724584,10,0.06556291390728476,10,0.009774183920484394,0.0661123872617654,10.0,8.0
2026-07-24 21:27:11,2026-07-24,İstanbul  (44. Y.G.),226357,20260724_İstanbul_226357,110164,BOLD STAR,40.25,B.ÇIĞLA,21:00,2026-07-24 21:23:16,0.005121638924455826,12,0.00472883109206443,13,0.006622516556291391,13,0.008253094910591471,13,0.0032150429058468177,0.008881816960183054,12.0,13.0
2026-07-24 21:27:11,2026-07-24,İstanbul  (44. Y.G.),226357,20260724_İstanbul_226357,108575,BRILLIANCE,75.7,U.LEVENT,21:00,2026-07-24 21:23:16,0.005121638924455826,13,0.005405405405405406,12,0.013802622498274672,12,0.03535353535353535,11,0.002475992532495132,0.019258089881270826,13.0,11.0
2026-07-24 21:27:11,2026-07-24,İstanbul  (44. Y.G.),226357,20260724_İstanbul_226357,108751,CRAZY SECRET,83.25,B.ÇETİN,21:00,2026-07-24 21:23:16,0.010262257696693273,8,0.01939058171745152,9,0.02158273381294964,11,0.03535353535353535,12,0.005964614858800558,0.018385702553252465,11.0,12.0
2026-07-24 21:27:11,2026-07-24,İstanbul  (44. Y.G.),226357,20260724_İstanbul_226357,110745,MY STAR GIRL,26.55,SAL.ÇELİK,21:00,2026-07-24 21:23:16,0.008100810081008101,10,0.01939058171745152,10,0.05656232839099396,8,0.1191588785046729,8,0.011380701718868026,0.08027700308260712,9.0,7.0
2026-07-24 21:27:11,2026-07-24,İstanbul  (44. Y.G.),226375,20260724_İstanbul_226375,107591,KALENDER TAY,5.2,G.KOCAKAYA,21:30,2026-07-24 21:23:16,0.13471901462663585,1,0.11936936936936937,1,0.4049079754601227,1,0.36346153846153845,2,0.13847567177098505,0.4293887422596606,1.0,1.0
2026-07-24 21:27:11,2026-07-24,İstanbul  (44. Y.G.),226375,20260724_İstanbul_226375,107566,KARAKTERLİ,6.65,M.S.ÇELİK,21:30,2026-07-24 21:23:16,0.06885593220338981,5,0.11413043478260869,2,0.31231231231231227,3,0.4035087719298246,1,0.11672381794919881,0.42606980396608574,2.0,2.0
2026-07-24 21:27:11,2026-07-24,İstanbul  (44. Y.G.),226375,20260724_İstanbul_226375,112176,CANMERT,21.75,B.ÇIĞLA,21:30,2026-07-24 21:23:16,0.031209362808842653,11,0.036770921386306,9,0.1318681318681319,8,0.16359918200409,7,0.026041379791897273,0.1364741200207062,10.0,8.0
2026-07-24 21:27:11,2026-07-24,İstanbul  (44. Y.G.),226375,20260724_İstanbul_226375,104282,HARESE,26.75,BERK.GÖKÇE,21:30,2026-07-24 21:23:16,0.024858757062146894,12,0.041528239202657816,7,0.096078431372549,12,0.10480769230769231,9,0.025325810494633557,0.08859463946703883,11.0,12.0
2026-07-24 21:27:11,2026-07-24,İstanbul  (44. Y.G.),226375,20260724_İstanbul_226375,105392,SERDENİZ,5.1,H.ÇİZİK,21:30,2026-07-24 21:23:16,0.1114070128717266,2,0.0878712871287129,3,0.4049079754601227,2,0.3358954650269023,3,0.11276001726889738,0.41022282316627645,3.0,3.0
2026-07-24 21:27:11,2026-07-24,İstanbul  (44. Y.G.),226375,20260724_İstanbul_226375,102577,YEŞİLKÖYLÜ,7.1,A.YILDIZ,21:30,2026-07-24 21:23:16,0.05807935595169638,6,0.041528239202657816,8,0.1841779975278121,5,0.10480769230769231,10,0.05439516328491311,0.16317460368450493,5.0,6.0
2026-07-24 21:27:11,2026-07-24,İstanbul  (44. Y.G.),226375,20260724_İstanbul_226375,104324,AKTAŞ BERK,30.3,M.T.COŞKUN,21:30,2026-07-24 21:23:16,0.032335329341317366,9,0.054439982150825524,5,0.12461059190031153,10,0.18384879725085912,5,0.02885266458616743,0.1291066563555538,9.0,9.0
2026-07-24 21:27:11,2026-07-24,İstanbul  (44. Y.G.),226375,20260724_İstanbul_226375,117322,KÜÇÜKCEVER,12.6,SAL.ÇELİK,21:30,2026-07-24 21:23:16,0.08013937282229965,4,0.054439982150825524,6,0.1816160118606375,6,0.1742209631728045,6,0.04737711797347713,0.1815043426944322,6.0,5.0
2026-07-24 21:27:11,2026-07-24,İstanbul  (44. Y.G.),226375,20260724_İstanbul_226375,106553,ÇELİK ABİ,11.1,N.AVCİ,21:30,2026-07-24 21:23:16,0.032335329341317366,10,0.0878712871287129,4,0.15997366688610934,7,0.1998779371376259,4,0.07232843359849145,0.21180434277465074,4.0,4.0
2026-07-24 21:27:11,2026-07-24,İstanbul  (44. Y.G.),226375,20260724_İstanbul_226375,106331,TARLABAŞI,14.9,HAK.YILDIZ,21:30,2026-07-24 21:23:16,0.043144424131627064,7,0.025137952176578784,13,0.1318681318681319,9,0.10480769230769231,11,0.02451602205788327,0.11604212550699043,12.0,10.0
2026-07-24 21:27:11,2026-07-24,İstanbul  (44. Y.G.),226375,20260724_İstanbul_226375,102469,RÜZGARIN ŞAHI,10.55,Z.KARABULUT,21:30,2026-07-24 21:23:16,0.043144424131627064,8,0.036770921386306,10,0.12461059190031153,11,0.06556291390728476,14,0.03946835725914717,0.09720135489816299,8.0,11.0
2026-07-24 21:27:11,2026-07-24,İstanbul  (44. Y.G.),226375,20260724_İstanbul_226375,105647,BABA SELAH,49.5,A.ASLAN,21:30,2026-07-24 21:23:16,0.019409937888198756,13,0.036770921386306,11,0.05656232839099396,13,0.10586552217453506,8,0.01635790026992964,0.06704068290862467,13.0,13.0
2026-07-24 21:27:11,2026-07-24,İstanbul  (44. Y.G.),226375,20260724_İstanbul_226375,103762,DERENİMO,29.95,B.AKÇAY,21:30,2026-07-24 21:23:16,0.008100810081008101,14,0.01939058171745152,14,0.05656232839099396,14,0.07547169811320754,13,0.013591886960817886,0.06564262798862147,14.0,14.0
2026-07-24 21:27:11,2026-07-24,İstanbul  (44. Y.G.),226375,20260724_İstanbul_226375,106919,SİNAN ABİ,40.2,U.LEVENT,21:30,2026-07-24 21:23:16,0.005869922517022775,15,0.005405405405405406,15,0.024702653247941447,15,0.05,15,0.004537239288047354,0.04189953463013435,15.0,15.0
2026-07-24 21:27:11,2026-07-24,İstanbul  (44. Y.G.),226375,20260724_İstanbul_226375,111678,KAPGAN KAĞAN,60.95,B.ÇETİN,21:30,2026-07-24 21:23:16,0.005121638924455826,16,0.00472883109206443,16,0.013802622498274672,16,0.0325149303251493,16,0.0032473216423281217,0.02481873898273235,16.0,16.0
2026-07-24 21:27:11,2026-07-24,İstanbul  (44. Y.G.),226375,20260724_İstanbul_226375,104308,ÇİFTEHAN,8.65,Y.Ş.GÜMÜŞ,21:30,2026-07-24 21:23:16,0.08436724565756824,3,0.036770921386306,12,0.2987197724039829,4,0.10480769230769231,12,0.044341030133905536,0.148978505180616,7.0,7.0
